Symbol,Time,Open,High,Low,Last,Change,Volume,Open Int
ESH20,1/3/2020 15:59,3235.25,3235.75,3235.25,3235.5,0.25,362,N/A
ESH20,1/3/2020 15:58,3235.25,3235.5,3235,3235.25,0,255,N/A
ESH20,1/3/2020 15:57,3235,3235.25,3235,3235.25,0,92,N/A
ESH20,1/3/2020 15:56,3234.5,3235.25,3234.5,3235.25,0.75,240,N/A
ESH20,1/3/2020 15:55,3235,3235,3234.5,3234.5,-0.75,306,N/A
ESH20,1/3/2020 15:54,3235,3235.25,3234.75,3235.25,0.25,329,N/A
ESH20,1/3/2020 15:53,3235,3235,3234.25,3235,0,329,N/A
ESH20,1/3/2020 15:52,3235,3235,3234.75,3235,0.25,113,N/A
ESH20,1/3/2020 15:51,3235,3235,3234.5,3234.75,-0.25,188,N/A
ESH20,1/3/2020 15:50,3234.75,3235,3234.75,3235,0.25,140,N/A
ESH20,1/3/2020 15:49,3235,3235,3234.75,3234.75,0,245,N/A
ESH20,1/3/2020 15:48,3234.5,3235,3234.5,3234.75,0,182,N/A
ESH20,1/3/2020 15:47,3234.5,3234.75,3234.5,3234.75,0.25,66,N/A
ESH20,1/3/2020 15:46,3234.25,3234.5,3234.25,3234.5,0.25,326,N/A
ESH20,1/3/2020 15:45,3234.5,3234.5,3234.25,3234.25,0,103,N/A
ESH20,1/3/2020 15:44,3234.5,3234.75,3234.25,3234.25,0,213,N/A
ESH20,1/3/2020 15:43,3234.5,3234.5,3234.25,3234.25,-0.25,64,N/A
ESH20,1/3/2020 15:42,3234.5,3234.5,3234.25,3234.5,0,387,N/A
ESH20,1/3/2020 15:41,3234.75,3234.75,3234.5,3234.5,-0.5,197,N/A
ESH20,1/3/2020 15:40,3234.75,3235,3234.75,3235,0.25,106,N/A
ESH20,1/3/2020 15:39,3234.5,3234.75,3234.25,3234.75,0.25,246,N/A
ESH20,1/3/2020 15:38,3234.5,3234.75,3234.5,3234.5,0,157,N/A
ESH20,1/3/2020 15:37,3234.5,3234.75,3234.25,3234.5,-0.25,174,N/A
ESH20,1/3/2020 15:36,3234.5,3234.75,3234.5,3234.75,0.25,198,N/A
ESH20,1/3/2020 15:35,3234.5,3234.5,3234.25,3234.5,0,239,N/A
ESH20,1/3/2020 15:34,3234.75,3235,3234.25,3234.5,-0.25,419,N/A
ESH20,1/3/2020 15:33,3235,3235,3234.75,3234.75,-0.25,104,N/A
ESH20,1/3/2020 15:32,3235,3235.25,3234.75,3235,0,245,N/A
ESH20,1/3/2020 15:31,3235.25,3235.25,3234.5,3235,-0.25,541,N/A
ESH20,1/3/2020 15:30,3235,3235.25,3234.5,3235.25,0,1219,N/A
ESH20,1/3/2020 15:14,3236.75,3237,3235,3235.25,-1.5,6442,N/A
ESH20,1/3/2020 15:13,3236.25,3237,3236.25,3236.75,0.75,2166,N/A
ESH20,1/3/2020 15:12,3235.75,3236.5,3235.75,3236,0,2111,N/A
ESH20,1/3/2020 15:11,3236.5,3236.75,3236,3236,-0.5,1564,N/A
ESH20,1/3/2020 15:10,3236.75,3237,3236.5,3236.5,-0.25,1192,N/A
ESH20,1/3/2020 15:09,3236.5,3237,3236.5,3236.75,0.25,1352,N/A
ESH20,1/3/2020 15:08,3236.75,3237,3236.25,3236.5,0,915,N/A
ESH20,1/3/2020 15:07,3235.75,3237,3235.5,3236.5,0.75,2162,N/A
ESH20,1/3/2020 15:06,3236.75,3236.75,3235.5,3235.75,-0.75,2103,N/A
ESH20,1/3/2020 15:05,3236.25,3237.25,3236,3236.5,0.25,3320,N/A
ESH20,1/3/2020 15:04,3237,3237,3236,3236.25,-0.5,2769,N/A
ESH20,1/3/2020 15:03,3236.25,3237.25,3236,3236.75,0.75,3851,N/A
ESH20,1/3/2020 15:02,3235,3236.25,3234.75,3236,1,3203,N/A
ESH20,1/3/2020 15:01,3235.25,3235.75,3235,3235,-0.5,6738,N/A
ESH20,1/3/2020 15:00,3234,3236.25,3233.75,3235.5,1.25,24004,N/A
ESH20,1/3/2020 14:59,3236.5,3238.5,3234,3234.25,-2.5,77031,N/A
ESH20,1/3/2020 14:58,3236.25,3237.25,3235.5,3236.75,0.75,11575,N/A
ESH20,1/3/2020 14:57,3238,3238.25,3235.75,3236,-2,8135,N/A
ESH20,1/3/2020 14:56,3238,3238.5,3237.75,3238,0,3457,N/A
ESH20,1/3/2020 14:55,3237.75,3238.75,3237,3238,0.25,5498,N/A
ESH20,1/3/2020 14:54,3239.5,3240,3237.5,3237.75,-1.75,6579,N/A
ESH20,1/3/2020 14:53,3239.25,3239.75,3239.25,3239.5,0.25,2869,N/A
ESH20,1/3/2020 14:52,3239,3240.75,3238.75,3239.25,0.25,7254,N/A
ESH20,1/3/2020 14:51,3237.75,3239,3237.25,3239,1,4912,N/A
ESH20,1/3/2020 14:50,3236.25,3238,3234.75,3238,1.75,8282,N/A
ESH20,1/3/2020 14:49,3234.5,3236.5,3234.25,3236.25,1.75,6116,N/A
ESH20,1/3/2020 14:48,3236.75,3236.75,3234.5,3234.5,-2.25,5813,N/A
ESH20,1/3/2020 14:47,3237.75,3237.75,3236,3236.75,-1,3763,N/A
ESH20,1/3/2020 14:46,3237,3238,3237,3237.75,0.5,2389,N/A
ESH20,1/3/2020 14:45,3237.5,3237.5,3237,3237.25,-0.25,2424,N/A
ESH20,1/3/2020 14:44,3237.5,3237.75,3237,3237.5,-0.25,2737,N/A
ESH20,1/3/2020 14:43,3236.5,3238,3236.5,3237.75,1.25,2487,N/A
ESH20,1/3/2020 14:42,3236,3236.75,3235.75,3236.5,0.5,2080,N/A
ESH20,1/3/2020 14:41,3235.25,3236,3235.25,3236,0.75,2741,N/A
ESH20,1/3/2020 14:40,3235.5,3235.75,3234.5,3235.25,0,3538,N/A
ESH20,1/3/2020 14:39,3235.75,3236,3235,3235.25,-0.5,3092,N/A
ESH20,1/3/2020 14:38,3237,3237,3235.5,3235.75,-1.25,3186,N/A
ESH20,1/3/2020 14:37,3237.25,3237.25,3236.5,3237,0,2856,N/A
ESH20,1/3/2020 14:36,3236.5,3237.25,3236.5,3237,0.5,1956,N/A
ESH20,1/3/2020 14:35,3236,3236.75,3235.75,3236.5,0.5,1753,N/A
ESH20,1/3/2020 14:34,3237,3237.5,3236,3236,-1.25,1927,N/A
ESH20,1/3/2020 14:33,3235.75,3237.25,3235.75,3237.25,1.25,3551,N/A
ESH20,1/3/2020 14:32,3234.5,3236,3234.5,3236,1.5,2567,N/A
ESH20,1/3/2020 14:31,3237,3237,3234.25,3234.5,-2.5,5385,N/A
ESH20,1/3/2020 14:30,3238,3238.5,3236.75,3237,-1.25,2777,N/A
ESH20,1/3/2020 14:29,3238.25,3238.5,3238,3238.25,-0.25,832,N/A
ESH20,1/3/2020 14:28,3238.25,3238.75,3238,3238.5,0.25,2188,N/A
ESH20,1/3/2020 14:27,3238.5,3238.5,3238,3238.25,-0.5,1218,N/A
ESH20,1/3/2020 14:26,3239.25,3239.5,3238.5,3238.75,-0.75,2143,N/A
ESH20,1/3/2020 14:25,3239,3239.75,3238.5,3239.5,0.75,2766,N/A
ESH20,1/3/2020 14:24,3238.5,3239,3237.75,3238.75,0.25,3495,N/A
ESH20,1/3/2020 14:23,3240,3240,3238.25,3238.5,-1.25,3318,N/A
ESH20,1/3/2020 14:22,3239.5,3240.5,3239.5,3239.75,0.5,2882,N/A
ESH20,1/3/2020 14:21,3241,3241.5,3239,3239.25,-1.5,4067,N/A
ESH20,1/3/2020 14:20,3241,3242,3240.75,3240.75,0,3042,N/A
ESH20,1/3/2020 14:19,3241.25,3241.25,3240.25,3240.75,-0.5,1368,N/A
ESH20,1/3/2020 14:18,3240.5,3241.75,3240,3241.25,0.75,2538,N/A
ESH20,1/3/2020 14:17,3240,3241,3239.75,3240.5,0.75,2419,N/A
ESH20,1/3/2020 14:16,3241.5,3241.5,3239.5,3239.75,-1.5,3875,N/A
ESH20,1/3/2020 14:15,3242,3242.25,3241.25,3241.25,-0.5,1259,N/A
ESH20,1/3/2020 14:14,3241.75,3242,3241.25,3241.75,0.25,1077,N/A
ESH20,1/3/2020 14:13,3242,3242.5,3241.5,3241.5,-0.5,1373,N/A
ESH20,1/3/2020 14:12,3242.5,3242.75,3242,3242,-0.75,1515,N/A
ESH20,1/3/2020 14:11,3242,3243.25,3242,3242.75,0.75,1832,N/A
ESH20,1/3/2020 14:10,3242.75,3243,3241.75,3242,-1,2323,N/A
ESH20,1/3/2020 14:09,3243,3243.25,3242.75,3243,-0.25,998,N/A
ESH20,1/3/2020 14:08,3243.25,3243.25,3242.75,3243.25,0.25,528,N/A
ESH20,1/3/2020 14:07,3242.75,3243.25,3242.75,3243,0.5,1697,N/A
ESH20,1/3/2020 14:06,3243.75,3243.75,3242.25,3242.5,-1,2064,N/A
ESH20,1/3/2020 14:05,3244.5,3244.5,3243.25,3243.5,-0.75,1810,N/A
ESH20,1/3/2020 14:04,3245.25,3245.25,3244,3244.25,-0.75,2024,N/A
ESH20,1/3/2020 14:03,3244.25,3245.25,3243.75,3245,1,5011,N/A
ESH20,1/3/2020 14:02,3243.25,3244.75,3242.75,3244,1,11308,N/A
ESH20,1/3/2020 14:01,3241.75,3243.5,3241.25,3243,1.25,5004,N/A
ESH20,1/3/2020 14:00,3242,3242.5,3241.5,3241.75,-0.25,1124,N/A
ESH20,1/3/2020 13:59,3242.25,3242.75,3242,3242,0,2194,N/A
ESH20,1/3/2020 13:58,3242.75,3242.75,3242,3242,-0.75,727,N/A
ESH20,1/3/2020 13:57,3242.5,3242.75,3242.25,3242.75,0.25,1034,N/A
ESH20,1/3/2020 13:56,3242.5,3243,3242.25,3242.5,0,1752,N/A
ESH20,1/3/2020 13:55,3241.5,3242.5,3241.5,3242.5,0.75,1807,N/A
ESH20,1/3/2020 13:54,3241,3241.75,3241,3241.75,0.5,686,N/A
ESH20,1/3/2020 13:53,3241.5,3241.75,3241,3241.25,-0.25,1494,N/A
ESH20,1/3/2020 13:52,3241,3241.5,3241,3241.5,0.25,915,N/A
ESH20,1/3/2020 13:51,3240.5,3241.25,3240.5,3241.25,0.75,1386,N/A
ESH20,1/3/2020 13:50,3240,3240.75,3240,3240.5,0.5,861,N/A
ESH20,1/3/2020 13:49,3240,3240.25,3240,3240,0,152,N/A
ESH20,1/3/2020 13:48,3239.75,3240.25,3239.75,3240,0.25,370,N/A
ESH20,1/3/2020 13:47,3239.75,3240,3239.25,3239.75,0,1228,N/A
ESH20,1/3/2020 13:46,3240,3240.25,3239.75,3239.75,-0.5,1014,N/A
ESH20,1/3/2020 13:45,3240.25,3240.5,3240,3240.25,0,491,N/A
ESH20,1/3/2020 13:44,3240,3240.5,3239.75,3240.25,0.25,828,N/A
ESH20,1/3/2020 13:43,3239.75,3240.25,3239.5,3240,0.5,670,N/A
ESH20,1/3/2020 13:42,3239.5,3239.75,3239.25,3239.5,-0.25,887,N/A
ESH20,1/3/2020 13:41,3239.25,3240,3239.25,3239.75,0.75,1106,N/A
ESH20,1/3/2020 13:40,3239.25,3239.25,3238.75,3239,-0.25,671,N/A
ESH20,1/3/2020 13:39,3239,3239.75,3239,3239.25,0,1213,N/A
ESH20,1/3/2020 13:38,3239,3239.25,3238.5,3239.25,0.25,429,N/A
ESH20,1/3/2020 13:37,3238.5,3239.25,3238.5,3239,0.25,1356,N/A
ESH20,1/3/2020 13:36,3237.75,3239,3237.75,3238.75,1,1728,N/A
ESH20,1/3/2020 13:35,3238,3238.25,3237.25,3237.75,-0.25,906,N/A
ESH20,1/3/2020 13:34,3238,3238.25,3238,3238,0.25,728,N/A
ESH20,1/3/2020 13:33,3237.75,3238,3237.5,3237.75,-0.25,720,N/A
ESH20,1/3/2020 13:32,3237.75,3238.25,3237.75,3238,0.25,833,N/A
ESH20,1/3/2020 13:31,3238.25,3238.5,3237.75,3237.75,-0.25,571,N/A
ESH20,1/3/2020 13:30,3238.25,3238.25,3237.5,3238,-0.5,1089,N/A
ESH20,1/3/2020 13:29,3237.75,3238.5,3237.25,3238.5,0.75,1011,N/A
ESH20,1/3/2020 13:28,3237.25,3238,3237.25,3237.75,0.25,565,N/A
ESH20,1/3/2020 13:27,3237.25,3238,3236.5,3237.5,0.25,1616,N/A
ESH20,1/3/2020 13:26,3237.25,3237.75,3237,3237.25,0,598,N/A
ESH20,1/3/2020 13:25,3238,3238.5,3237.25,3237.25,-0.75,1288,N/A
ESH20,1/3/2020 13:24,3237.75,3238.25,3237,3238,0.25,1153,N/A
ESH20,1/3/2020 13:23,3238.5,3238.5,3237.75,3237.75,-0.75,699,N/A
ESH20,1/3/2020 13:22,3238.25,3238.5,3238,3238.5,0.5,468,N/A
ESH20,1/3/2020 13:21,3237.5,3238.25,3237.5,3238,0.75,1051,N/A
ESH20,1/3/2020 13:20,3237.5,3237.75,3237,3237.25,-0.25,741,N/A
ESH20,1/3/2020 13:19,3237.75,3238.5,3237.5,3237.5,-0.25,521,N/A
ESH20,1/3/2020 13:18,3238,3238.25,3237.75,3237.75,-0.5,1164,N/A
ESH20,1/3/2020 13:17,3237.25,3238.5,3237.25,3238.25,1,2248,N/A
ESH20,1/3/2020 13:16,3236.5,3237.5,3236.5,3237.25,1,1269,N/A
ESH20,1/3/2020 13:15,3236,3236.5,3235.5,3236.25,0.25,1632,N/A
ESH20,1/3/2020 13:14,3236.5,3236.75,3235.75,3236,-0.75,1415,N/A
ESH20,1/3/2020 13:13,3236.75,3236.75,3236.25,3236.75,0,495,N/A
ESH20,1/3/2020 13:12,3237,3237.5,3236.75,3236.75,-0.25,547,N/A
ESH20,1/3/2020 13:11,3237.5,3237.5,3236.25,3237,-0.25,1531,N/A
ESH20,1/3/2020 13:10,3236,3237.25,3236,3237.25,1.25,1787,N/A
ESH20,1/3/2020 13:09,3236.5,3237.25,3236,3236,-0.5,1495,N/A
ESH20,1/3/2020 13:08,3238,3238,3236.5,3236.5,-1.5,1694,N/A
ESH20,1/3/2020 13:07,3237.25,3238,3237.25,3238,0.75,2140,N/A
ESH20,1/3/2020 13:06,3236.75,3237.75,3236.75,3237.25,0.25,1097,N/A
ESH20,1/3/2020 13:05,3237.25,3237.75,3236.75,3237,0,1253,N/A
ESH20,1/3/2020 13:04,3238.25,3238.25,3236,3237,-1,3441,N/A
ESH20,1/3/2020 13:03,3239,3239.75,3238,3238,-1,2352,N/A
ESH20,1/3/2020 13:02,3240.5,3240.5,3238.5,3239,-1.5,2421,N/A
ESH20,1/3/2020 13:01,3240.25,3241,3239.5,3240.5,0.25,2812,N/A
ESH20,1/3/2020 13:00,3239.25,3240.5,3239,3240.25,1,1214,N/A
ESH20,1/3/2020 12:59,3238.5,3239.75,3238,3239.25,0.75,732,N/A
ESH20,1/3/2020 12:58,3238.75,3239,3238.5,3238.5,-0.25,469,N/A
ESH20,1/3/2020 12:57,3239.5,3239.75,3238.5,3238.75,-0.5,1263,N/A
ESH20,1/3/2020 12:56,3238.25,3239.5,3238.25,3239.25,1,1833,N/A
ESH20,1/3/2020 12:55,3239.25,3239.25,3238,3238.25,-1,2033,N/A
ESH20,1/3/2020 12:54,3239.75,3240,3238.5,3239.25,-0.5,1888,N/A
ESH20,1/3/2020 12:53,3241.25,3241.25,3239.5,3239.75,-1.5,1407,N/A
ESH20,1/3/2020 12:52,3240.25,3241.25,3240.25,3241.25,1,1358,N/A
ESH20,1/3/2020 12:51,3240.25,3240.5,3240,3240.25,0,1053,N/A
ESH20,1/3/2020 12:50,3240.5,3240.75,3239.75,3240.25,-0.25,1150,N/A
ESH20,1/3/2020 12:49,3241.25,3241.25,3240,3240.5,-0.75,1702,N/A
ESH20,1/3/2020 12:48,3239.5,3241.25,3239.25,3241.25,1.75,2469,N/A
ESH20,1/3/2020 12:47,3239.5,3239.75,3239,3239.5,0.25,1433,N/A
ESH20,1/3/2020 12:46,3239.75,3240,3238.5,3239.25,-0.5,2417,N/A
ESH20,1/3/2020 12:45,3239.25,3240.25,3238.75,3239.75,0.5,3158,N/A
ESH20,1/3/2020 12:44,3238.5,3240.25,3238.5,3239.25,0.5,2740,N/A
ESH20,1/3/2020 12:43,3238.75,3239,3237.5,3238.75,0,2196,N/A
ESH20,1/3/2020 12:42,3237.75,3239,3237.25,3238.75,1,3369,N/A
ESH20,1/3/2020 12:41,3238.75,3239.25,3237.75,3237.75,-1,3969,N/A
ESH20,1/3/2020 12:40,3238.25,3240.75,3238,3238.75,0.5,9141,N/A
ESH20,1/3/2020 12:39,3235.25,3238.75,3234.5,3238.25,3,7510,N/A
ESH20,1/3/2020 12:38,3233.5,3235.75,3233,3235.25,1.5,7669,N/A
ESH20,1/3/2020 12:37,3237.5,3237.5,3233.25,3233.75,-4,10736,N/A
ESH20,1/3/2020 12:36,3239.75,3240,3237.5,3237.75,-2,5820,N/A
ESH20,1/3/2020 12:35,3241,3241,3239.75,3239.75,-1,7329,N/A
ESH20,1/3/2020 12:34,3241.75,3242.5,3240.75,3240.75,-1,3276,N/A
ESH20,1/3/2020 12:33,3243.75,3244,3241.5,3241.75,-2,5137,N/A
ESH20,1/3/2020 12:32,3244.25,3244.25,3243.75,3243.75,-0.25,287,N/A
ESH20,1/3/2020 12:31,3244,3244,3243.25,3244,0.25,1585,N/A
ESH20,1/3/2020 12:30,3243.75,3244.25,3243.5,3243.75,0,1296,N/A
ESH20,1/3/2020 12:29,3244.25,3244.25,3243.75,3243.75,-0.25,616,N/A
ESH20,1/3/2020 12:28,3244.25,3244.25,3244,3244,-0.25,468,N/A
ESH20,1/3/2020 12:27,3244,3244.5,3243.75,3244.25,0.5,637,N/A
ESH20,1/3/2020 12:26,3244,3244.5,3243.75,3243.75,-0.5,1252,N/A
ESH20,1/3/2020 12:25,3243.5,3244.5,3243.25,3244.25,1,2785,N/A
ESH20,1/3/2020 12:24,3243.5,3243.75,3243.25,3243.25,-0.25,689,N/A
ESH20,1/3/2020 12:23,3243,3243.75,3242.75,3243.5,0.5,2080,N/A
ESH20,1/3/2020 12:22,3242.75,3243,3242.5,3243,0.25,833,N/A
ESH20,1/3/2020 12:21,3242.75,3242.75,3242.5,3242.75,0.25,832,N/A
ESH20,1/3/2020 12:20,3241.75,3242.5,3241.75,3242.5,0.75,1056,N/A
ESH20,1/3/2020 12:19,3242.5,3242.75,3241.75,3241.75,-0.75,2087,N/A
ESH20,1/3/2020 12:18,3242.75,3243.25,3242.5,3242.5,-0.25,2375,N/A
ESH20,1/3/2020 12:17,3243.5,3243.5,3242.75,3242.75,-0.75,803,N/A
ESH20,1/3/2020 12:16,3243.75,3244,3243.25,3243.5,-0.25,1740,N/A
ESH20,1/3/2020 12:15,3244,3244.25,3243.75,3243.75,-0.25,585,N/A
ESH20,1/3/2020 12:14,3244.5,3244.5,3244,3244,-0.5,628,N/A
ESH20,1/3/2020 12:13,3244.75,3245,3244.25,3244.5,-0.25,768,N/A
ESH20,1/3/2020 12:12,3244.75,3244.75,3244.5,3244.75,0,505,N/A
ESH20,1/3/2020 12:11,3244.5,3245,3244.5,3244.75,0,580,N/A
ESH20,1/3/2020 12:10,3244.5,3244.75,3244.25,3244.75,0.5,708,N/A
ESH20,1/3/2020 12:09,3245,3245,3244.25,3244.25,-0.5,907,N/A
ESH20,1/3/2020 12:08,3245,3245.25,3244.75,3244.75,-0.25,956,N/A
ESH20,1/3/2020 12:07,3244.75,3245.25,3244.5,3245,0.25,806,N/A
ESH20,1/3/2020 12:06,3244.75,3245,3244.5,3244.75,0.25,638,N/A
ESH20,1/3/2020 12:05,3244,3244.5,3244,3244.5,0.75,1213,N/A
ESH20,1/3/2020 12:04,3244.5,3244.5,3243.75,3243.75,-0.5,1380,N/A
ESH20,1/3/2020 12:03,3245.25,3245.25,3244.25,3244.25,-0.75,937,N/A
ESH20,1/3/2020 12:02,3244.25,3245,3244,3245,1,1121,N/A
ESH20,1/3/2020 12:01,3244,3244.25,3243.75,3244,0.25,316,N/A
ESH20,1/3/2020 12:00,3243.75,3244.5,3243.75,3243.75,0,1309,N/A
ESH20,1/3/2020 11:59,3243.75,3244.25,3243.5,3243.75,0,1162,N/A
ESH20,1/3/2020 11:58,3243.5,3244,3243,3243.75,0,1578,N/A
ESH20,1/3/2020 11:57,3244,3244.25,3243.5,3243.75,-0.25,1661,N/A
ESH20,1/3/2020 11:56,3243.75,3244.5,3243.75,3244,0.25,1020,N/A
ESH20,1/3/2020 11:55,3244.75,3244.75,3243.75,3243.75,-1.25,1851,N/A
ESH20,1/3/2020 11:54,3245.5,3245.75,3244.75,3245,-0.75,947,N/A
ESH20,1/3/2020 11:53,3245,3245.75,3245,3245.75,0.75,863,N/A
ESH20,1/3/2020 11:52,3245.5,3245.75,3244.75,3245,-0.5,2443,N/A
ESH20,1/3/2020 11:51,3245.5,3246.25,3245.25,3245.5,0,2578,N/A
ESH20,1/3/2020 11:50,3245,3245.5,3244.75,3245.5,0.5,1521,N/A
ESH20,1/3/2020 11:49,3245,3245.25,3244.5,3245,0,971,N/A
ESH20,1/3/2020 11:48,3245,3245.5,3244.75,3245,-0.25,1099,N/A
ESH20,1/3/2020 11:47,3245,3245.25,3245,3245.25,0.25,632,N/A
ESH20,1/3/2020 11:46,3245,3245.25,3244.5,3245,0,1260,N/A
ESH20,1/3/2020 11:45,3244.75,3245.25,3244.5,3245,0,1522,N/A
ESH20,1/3/2020 11:44,3243.75,3245,3243.75,3245,1.25,1457,N/A
ESH20,1/3/2020 11:43,3244.75,3245,3243.5,3243.75,-1.25,1638,N/A
ESH20,1/3/2020 11:42,3245,3245.5,3244.75,3245,0,1003,N/A
ESH20,1/3/2020 11:41,3245.25,3245.75,3244.75,3245,-0.25,1609,N/A
ESH20,1/3/2020 11:40,3244.75,3245.5,3244.75,3245.25,0.25,1538,N/A
ESH20,1/3/2020 11:39,3244.5,3245,3244.5,3245,0.25,539,N/A
ESH20,1/3/2020 11:38,3244.25,3244.75,3244.25,3244.75,0.25,839,N/A
ESH20,1/3/2020 11:37,3244.25,3244.75,3244.25,3244.5,0.25,944,N/A
ESH20,1/3/2020 11:36,3244.5,3244.75,3244,3244.25,-0.5,577,N/A
ESH20,1/3/2020 11:35,3244,3245,3244,3244.75,0.75,1363,N/A
ESH20,1/3/2020 11:34,3244.5,3245,3243.75,3244,-0.5,2137,N/A
ESH20,1/3/2020 11:33,3243.5,3244.75,3243.5,3244.5,0.75,1476,N/A
ESH20,1/3/2020 11:32,3243,3243.75,3243,3243.75,0.5,732,N/A
ESH20,1/3/2020 11:31,3242.5,3243.25,3242.5,3243.25,0.75,814,N/A
ESH20,1/3/2020 11:30,3242.75,3243,3242.25,3242.5,0,1712,N/A
ESH20,1/3/2020 11:29,3243.25,3243.75,3242.5,3242.5,-1,1505,N/A
ESH20,1/3/2020 11:28,3243.5,3243.75,3243.25,3243.5,-0.25,414,N/A
ESH20,1/3/2020 11:27,3243.25,3243.75,3242.75,3243.75,0.25,1124,N/A
ESH20,1/3/2020 11:26,3243.25,3244,3243.25,3243.5,0,1227,N/A
ESH20,1/3/2020 11:25,3243.25,3243.5,3243,3243.5,0,578,N/A
ESH20,1/3/2020 11:24,3242.25,3243.5,3242.25,3243.5,1.25,1181,N/A
ESH20,1/3/2020 11:23,3242.5,3242.75,3242.25,3242.25,-0.5,226,N/A
ESH20,1/3/2020 11:22,3242.25,3242.75,3242.25,3242.75,0.5,1153,N/A
ESH20,1/3/2020 11:21,3242.5,3242.75,3242.25,3242.25,-0.5,1362,N/A
ESH20,1/3/2020 11:20,3242.75,3243.25,3242.25,3242.75,-0.25,977,N/A
ESH20,1/3/2020 11:19,3242.75,3243.5,3242.75,3243,0,547,N/A
ESH20,1/3/2020 11:18,3242.75,3243,3242.75,3243,0,523,N/A
ESH20,1/3/2020 11:17,3242.5,3243,3242.5,3243,0.25,1155,N/A
ESH20,1/3/2020 11:16,3242.25,3243.5,3242.25,3242.75,0.5,1790,N/A
ESH20,1/3/2020 11:15,3241.75,3242.75,3241.75,3242.25,0.25,1163,N/A
ESH20,1/3/2020 11:14,3242.25,3242.5,3241.75,3242,-0.25,2073,N/A
ESH20,1/3/2020 11:13,3243,3243.25,3242,3242.25,-0.75,2945,N/A
ESH20,1/3/2020 11:12,3244,3244.5,3243,3243,-1.25,2770,N/A
ESH20,1/3/2020 11:11,3244.25,3244.5,3243.75,3244.25,-0.25,1102,N/A
ESH20,1/3/2020 11:10,3243.75,3244.5,3243.5,3244.5,0.5,1228,N/A
ESH20,1/3/2020 11:09,3243.5,3244,3243.25,3244,0.5,1328,N/A
ESH20,1/3/2020 11:08,3243.25,3244.25,3243.25,3243.5,0.25,3377,N/A
ESH20,1/3/2020 11:07,3245,3245.25,3243.25,3243.25,-2,3704,N/A
ESH20,1/3/2020 11:06,3245,3245.75,3244.75,3245.25,0.25,3266,N/A
ESH20,1/3/2020 11:05,3244,3245.5,3244,3245,1,4236,N/A
ESH20,1/3/2020 11:04,3243.25,3244.25,3243.25,3244,0.75,1825,N/A
ESH20,1/3/2020 11:03,3243,3243.5,3242.75,3243.25,0,1767,N/A
ESH20,1/3/2020 11:02,3242.75,3243.5,3242.75,3243.25,0.25,3170,N/A
ESH20,1/3/2020 11:01,3242.25,3243.25,3242,3243,0.75,3303,N/A
ESH20,1/3/2020 11:00,3241,3242.5,3241,3242.25,1,2967,N/A
ESH20,1/3/2020 10:59,3240.75,3241.25,3240.5,3241.25,0.75,626,N/A
ESH20,1/3/2020 10:58,3240.75,3241,3240.25,3240.5,-0.5,1964,N/A
ESH20,1/3/2020 10:57,3240.75,3241.5,3240.75,3241,0.5,1846,N/A
ESH20,1/3/2020 10:56,3241.5,3241.75,3240.25,3240.5,-1.25,2923,N/A
ESH20,1/3/2020 10:55,3241.5,3242.25,3241.25,3241.75,0.25,2643,N/A
ESH20,1/3/2020 10:54,3240.75,3241.75,3240.75,3241.5,0.75,3782,N/A
ESH20,1/3/2020 10:53,3240.25,3241,3240.25,3240.75,0.5,1700,N/A
ESH20,1/3/2020 10:52,3239.75,3240.5,3239.75,3240.25,0.5,2741,N/A
ESH20,1/3/2020 10:51,3239.75,3240,3239.25,3239.75,0,1676,N/A
ESH20,1/3/2020 10:50,3239.75,3240.25,3239.75,3239.75,0,1069,N/A
ESH20,1/3/2020 10:49,3240.25,3240.25,3239.5,3239.75,-0.25,1408,N/A
ESH20,1/3/2020 10:48,3240,3240.25,3240,3240,0,702,N/A
ESH20,1/3/2020 10:47,3239.5,3240,3239.25,3240,0.5,1655,N/A
ESH20,1/3/2020 10:46,3240,3240.25,3239.5,3239.5,-0.75,1213,N/A
ESH20,1/3/2020 10:45,3239.75,3240.25,3239.25,3240.25,0.75,2288,N/A
ESH20,1/3/2020 10:44,3239,3239.75,3238.75,3239.5,0.5,1384,N/A
ESH20,1/3/2020 10:43,3238.75,3239,3238,3239,0.25,2102,N/A
ESH20,1/3/2020 10:42,3239.5,3239.5,3238.5,3238.75,-0.75,1163,N/A
ESH20,1/3/2020 10:41,3238.75,3239.75,3238.75,3239.5,0.75,2132,N/A
ESH20,1/3/2020 10:40,3238.75,3239.25,3238.5,3238.75,0,1509,N/A
ESH20,1/3/2020 10:39,3238.75,3239.25,3238.75,3238.75,0,607,N/A
ESH20,1/3/2020 10:38,3238.75,3239,3238.5,3238.75,0.25,1368,N/A
ESH20,1/3/2020 10:37,3239,3239.25,3238.5,3238.5,-0.25,1251,N/A
ESH20,1/3/2020 10:36,3238.25,3239,3238,3238.75,0.75,1080,N/A
ESH20,1/3/2020 10:35,3239,3239,3237.75,3238,-1,3583,N/A
ESH20,1/3/2020 10:34,3237.5,3239,3237.5,3239,1.5,3467,N/A
ESH20,1/3/2020 10:33,3237.75,3237.75,3237.25,3237.5,-0.25,1217,N/A
ESH20,1/3/2020 10:32,3237,3237.75,3237,3237.75,0.75,1445,N/A
ESH20,1/3/2020 10:31,3237.25,3237.25,3236.5,3237,-0.25,1413,N/A
ESH20,1/3/2020 10:30,3236.25,3237.25,3235.25,3237.25,1.25,2413,N/A
ESH20,1/3/2020 10:29,3235.25,3236.25,3235,3236,0.75,2207,N/A
ESH20,1/3/2020 10:28,3236.25,3236.75,3235.25,3235.25,-0.75,2055,N/A
ESH20,1/3/2020 10:27,3236.75,3237,3235.5,3236,-0.75,2512,N/A
ESH20,1/3/2020 10:26,3237,3237,3236.25,3236.75,0,1224,N/A
ESH20,1/3/2020 10:25,3235.75,3237.25,3235.75,3236.75,1,1769,N/A
ESH20,1/3/2020 10:24,3236.25,3236.5,3235.75,3235.75,-0.75,1547,N/A
ESH20,1/3/2020 10:23,3236.25,3236.75,3236,3236.5,0.25,854,N/A
ESH20,1/3/2020 10:22,3236.5,3237,3236,3236.25,-0.25,1585,N/A
ESH20,1/3/2020 10:21,3235.5,3236.75,3235.5,3236.5,0.75,2090,N/A
ESH20,1/3/2020 10:20,3234.75,3236,3234.5,3235.75,1,1440,N/A
ESH20,1/3/2020 10:19,3234.5,3235.25,3234.25,3234.75,0,1415,N/A
ESH20,1/3/2020 10:18,3234.75,3235.5,3234.5,3234.75,0,1561,N/A
ESH20,1/3/2020 10:17,3235.25,3236,3234.5,3234.75,-0.5,1927,N/A
ESH20,1/3/2020 10:16,3234.5,3235.5,3234.5,3235.25,0.75,1554,N/A
ESH20,1/3/2020 10:15,3235,3235.5,3233.25,3234.5,-0.5,4148,N/A
ESH20,1/3/2020 10:14,3235,3235.75,3234.5,3235,0,2412,N/A
ESH20,1/3/2020 10:13,3234,3235.25,3234,3235,0.75,3515,N/A
ESH20,1/3/2020 10:12,3232,3234.25,3232,3234.25,2,3363,N/A
ESH20,1/3/2020 10:11,3231.75,3232.25,3231.5,3232.25,0.5,1465,N/A
ESH20,1/3/2020 10:10,3232.25,3232.5,3230.75,3231.75,-0.75,3561,N/A
ESH20,1/3/2020 10:09,3233,3233.25,3232.25,3232.5,-0.75,1292,N/A
ESH20,1/3/2020 10:08,3232.75,3233.5,3232.5,3233.25,0.25,1284,N/A
ESH20,1/3/2020 10:07,3233.5,3234,3232.25,3233,-0.5,3793,N/A
ESH20,1/3/2020 10:06,3233.25,3234.5,3233.25,3233.5,0,2468,N/A
ESH20,1/3/2020 10:05,3233.25,3234,3233.25,3233.5,0.25,1517,N/A
ESH20,1/3/2020 10:04,3233,3233.5,3232.25,3233.25,0.25,2547,N/A
ESH20,1/3/2020 10:03,3233.75,3234,3232.75,3233,-1,1620,N/A
ESH20,1/3/2020 10:02,3234.25,3234.75,3233.75,3234,-0.25,2052,N/A
ESH20,1/3/2020 10:01,3234,3234.5,3233.25,3234.25,0.25,3506,N/A
ESH20,1/3/2020 10:00,3234.75,3235,3233.75,3234,-0.75,1793,N/A
ESH20,1/3/2020 9:59,3234.25,3235.25,3234.25,3234.75,0.25,1820,N/A
ESH20,1/3/2020 9:58,3235.75,3235.75,3234.25,3234.5,-1.5,1881,N/A
ESH20,1/3/2020 9:57,3234.75,3236,3234.75,3236,1,2020,N/A
ESH20,1/3/2020 9:56,3234.75,3235.5,3234.75,3235,0,1953,N/A
ESH20,1/3/2020 9:55,3234.75,3235,3233.75,3235,0.25,3038,N/A
ESH20,1/3/2020 9:54,3235,3235.5,3234.75,3234.75,-0.25,1378,N/A
ESH20,1/3/2020 9:53,3234.75,3235.5,3234.5,3235,0.25,1808,N/A
ESH20,1/3/2020 9:52,3234.5,3235,3234,3234.75,0.5,2088,N/A
ESH20,1/3/2020 9:51,3235.25,3235.75,3233.75,3234.25,-1,4989,N/A
ESH20,1/3/2020 9:50,3237.5,3237.75,3235,3235.25,-2.25,5234,N/A
ESH20,1/3/2020 9:49,3238.5,3238.75,3237.25,3237.5,-1,3306,N/A
ESH20,1/3/2020 9:48,3239.25,3239.5,3238.5,3238.5,-0.75,2102,N/A
ESH20,1/3/2020 9:47,3238.75,3239.75,3238.25,3239.25,0.5,3512,N/A
ESH20,1/3/2020 9:46,3240.25,3240.5,3238.75,3238.75,-1.5,3153,N/A
ESH20,1/3/2020 9:45,3240,3240.75,3239.75,3240.25,0.25,3551,N/A
ESH20,1/3/2020 9:44,3239.75,3240,3239.25,3240,0.25,1559,N/A
ESH20,1/3/2020 9:43,3240.25,3240.5,3239.25,3239.75,-0.75,3522,N/A
ESH20,1/3/2020 9:42,3238,3240.5,3237.75,3240.5,2.75,7492,N/A
ESH20,1/3/2020 9:41,3237.75,3238,3237.5,3237.75,0,1498,N/A
ESH20,1/3/2020 9:40,3237.25,3238.25,3237.25,3237.75,0.5,2271,N/A
ESH20,1/3/2020 9:39,3237.5,3237.5,3236.75,3237.25,0,1649,N/A
ESH20,1/3/2020 9:38,3237,3237.5,3236.75,3237.25,0.25,1083,N/A
ESH20,1/3/2020 9:37,3237.5,3237.75,3236.25,3237,-0.5,2534,N/A
ESH20,1/3/2020 9:36,3237.75,3238.75,3237,3237.5,-0.25,3325,N/A
ESH20,1/3/2020 9:35,3237.5,3237.75,3236.75,3237.75,0.25,1415,N/A
ESH20,1/3/2020 9:34,3237.5,3238.5,3237.25,3237.5,-0.25,1924,N/A
ESH20,1/3/2020 9:33,3236.75,3238.25,3236.75,3237.75,1,1562,N/A
ESH20,1/3/2020 9:32,3236.25,3237.25,3235.75,3236.75,0.25,3301,N/A
ESH20,1/3/2020 9:31,3238.25,3238.5,3236.25,3236.5,-1.75,4502,N/A
ESH20,1/3/2020 9:30,3237.5,3238.5,3236.75,3238.25,0.75,2827,N/A
ESH20,1/3/2020 9:29,3237.25,3237.75,3237,3237.5,0.25,2379,N/A
ESH20,1/3/2020 9:28,3236.75,3237.75,3236.5,3237.25,0.5,2604,N/A
ESH20,1/3/2020 9:27,3236,3237,3235.75,3236.75,0.75,2435,N/A
ESH20,1/3/2020 9:26,3235.5,3236.25,3235,3236,0.75,1558,N/A
ESH20,1/3/2020 9:25,3235.25,3235.75,3234.5,3235.25,-0.25,2588,N/A
ESH20,1/3/2020 9:24,3234,3235.5,3234,3235.5,1.25,1673,N/A
ESH20,1/3/2020 9:23,3232.5,3234.5,3232.25,3234.25,1.5,2914,N/A
ESH20,1/3/2020 9:22,3233.25,3233.5,3232,3232.75,-0.75,2868,N/A
ESH20,1/3/2020 9:21,3233,3233.5,3232.25,3233.5,0.5,3326,N/A
ESH20,1/3/2020 9:20,3233.75,3234.5,3232.25,3233,-0.75,6168,N/A
ESH20,1/3/2020 9:19,3236.25,3236.5,3233.5,3233.75,-2.5,4391,N/A
ESH20,1/3/2020 9:18,3237.25,3237.25,3236.25,3236.25,-1,2521,N/A
ESH20,1/3/2020 9:17,3238.25,3238.25,3236.75,3237.25,-1,3661,N/A
ESH20,1/3/2020 9:16,3238.25,3238.75,3237.5,3238.25,0,4379,N/A
ESH20,1/3/2020 9:15,3236.5,3238.25,3236,3238.25,1.75,3841,N/A
ESH20,1/3/2020 9:14,3234.75,3236.5,3234.5,3236.5,1.75,2677,N/A
ESH20,1/3/2020 9:13,3235.5,3235.75,3233.75,3234.75,-0.5,4341,N/A
ESH20,1/3/2020 9:12,3234.25,3235.75,3233.75,3235.25,1,2254,N/A
ESH20,1/3/2020 9:11,3234.25,3234.75,3233.5,3234.25,0,2664,N/A
ESH20,1/3/2020 9:10,3234.25,3234.75,3233.25,3234.25,-0.25,3615,N/A
ESH20,1/3/2020 9:09,3233,3235.5,3232.75,3234.5,1.5,4081,N/A
ESH20,1/3/2020 9:08,3233.5,3234,3232.25,3233,-0.5,4332,N/A
ESH20,1/3/2020 9:07,3233,3233.5,3232,3233.5,0.5,3236,N/A
ESH20,1/3/2020 9:06,3232.25,3234,3232.25,3233,0.5,4719,N/A
ESH20,1/3/2020 9:05,3231.5,3232.5,3230.25,3232.5,0.75,5369,N/A
ESH20,1/3/2020 9:04,3230.75,3233.5,3230.75,3231.75,0.75,6815,N/A
ESH20,1/3/2020 9:03,3231.5,3233.25,3230,3231,-0.5,8438,N/A
ESH20,1/3/2020 9:02,3234,3234.25,3231,3231.5,-2.75,12240,N/A
ESH20,1/3/2020 9:01,3233.75,3236.75,3233.5,3234.25,0.5,9580,N/A
ESH20,1/3/2020 9:00,3237.25,3237.25,3231.25,3233.75,-3.5,18671,N/A
ESH20,1/3/2020 8:59,3238.25,3238.5,3237,3237.25,-1.25,2078,N/A
ESH20,1/3/2020 8:58,3237.5,3238.75,3237.5,3238.5,1,2826,N/A
ESH20,1/3/2020 8:57,3236.25,3237.75,3236.25,3237.5,1,3383,N/A
ESH20,1/3/2020 8:56,3234.5,3236.5,3234.5,3236.5,2.25,3775,N/A
ESH20,1/3/2020 8:55,3235.75,3236,3234,3234.25,-1.75,5896,N/A
ESH20,1/3/2020 8:54,3237.5,3237.5,3235.75,3236,-1.5,4861,N/A
ESH20,1/3/2020 8:53,3236,3237.75,3236,3237.5,1.5,4479,N/A
ESH20,1/3/2020 8:52,3237,3237,3236,3236,-1,4347,N/A
ESH20,1/3/2020 8:51,3238.25,3238.5,3237,3237,-1,6167,N/A
ESH20,1/3/2020 8:50,3237.75,3239.25,3237.25,3238,0.25,7217,N/A
ESH20,1/3/2020 8:49,3237,3238.75,3237,3237.75,0.75,5102,N/A
ESH20,1/3/2020 8:48,3237.5,3237.75,3236.5,3237,-0.5,5040,N/A
ESH20,1/3/2020 8:47,3238,3238.25,3237.25,3237.5,-0.5,4234,N/A
ESH20,1/3/2020 8:46,3239.25,3239.5,3237.25,3238,-1.25,7820,N/A
ESH20,1/3/2020 8:45,3239,3239.5,3238,3239.25,0.5,8628,N/A
ESH20,1/3/2020 8:44,3239,3239.5,3237.75,3238.75,0,9510,N/A
ESH20,1/3/2020 8:43,3236,3239,3235.75,3238.75,2.75,8876,N/A
ESH20,1/3/2020 8:42,3234.75,3236,3234,3236,1.25,4358,N/A
ESH20,1/3/2020 8:41,3233.25,3235.25,3233.25,3234.75,1.5,5529,N/A
ESH20,1/3/2020 8:40,3234,3234.5,3233,3233.25,-0.75,4785,N/A
ESH20,1/3/2020 8:39,3234.25,3235.25,3232.75,3234,0,8065,N/A
ESH20,1/3/2020 8:38,3232.5,3234.25,3232.25,3234,1.5,4754,N/A
ESH20,1/3/2020 8:37,3232.75,3233.75,3232,3232.5,-0.25,6704,N/A
ESH20,1/3/2020 8:36,3234.25,3234.75,3232,3232.75,-1.5,8108,N/A
ESH20,1/3/2020 8:35,3236.25,3236.5,3232.75,3234.25,-1.75,13554,N/A
ESH20,1/3/2020 8:34,3234.25,3236.5,3233.75,3236,1.75,13961,N/A
ESH20,1/3/2020 8:33,3232.25,3234.5,3231.5,3234.25,2.25,8599,N/A
ESH20,1/3/2020 8:32,3230,3232.75,3228.75,3232,1.75,12412,N/A
ESH20,1/3/2020 8:31,3226,3230.5,3225.5,3230.25,4,20003,N/A
ESH20,1/3/2020 8:30,3221.5,3226.5,3220.75,3226.25,5,21235,N/A
ESH20,1/3/2020 8:29,3223.25,3223.5,3220.25,3221.25,-2,6846,N/A
ESH20,1/3/2020 8:28,3223.5,3223.5,3222.75,3223.25,-0.5,2643,N/A
ESH20,1/3/2020 8:27,3224.5,3225.25,3223.25,3223.75,-0.75,3482,N/A
ESH20,1/3/2020 8:26,3225.25,3225.5,3224.5,3224.5,-0.5,1236,N/A
ESH20,1/3/2020 8:25,3225.5,3225.75,3225,3225,-0.5,594,N/A
ESH20,1/3/2020 8:24,3226,3226.25,3225.5,3225.5,-0.5,451,N/A
ESH20,1/3/2020 8:23,3225.5,3226.25,3225.25,3226,0.5,608,N/A
ESH20,1/3/2020 8:22,3225.5,3225.75,3225,3225.5,0,1155,N/A
ESH20,1/3/2020 8:21,3225.75,3226,3225.25,3225.5,-0.25,1521,N/A
ESH20,1/3/2020 8:20,3225.75,3226,3225.25,3225.75,0,653,N/A
ESH20,1/3/2020 8:19,3226,3226.25,3225.5,3225.75,-0.25,695,N/A
ESH20,1/3/2020 8:18,3226.25,3226.5,3225.75,3226,-0.25,701,N/A
ESH20,1/3/2020 8:17,3226.75,3226.75,3226,3226.25,-0.5,847,N/A
ESH20,1/3/2020 8:16,3226.5,3227,3226.25,3226.75,0,885,N/A
ESH20,1/3/2020 8:15,3225.5,3226.75,3225.25,3226.75,1.25,1571,N/A
ESH20,1/3/2020 8:14,3227,3227,3225.25,3225.5,-1.5,2465,N/A
ESH20,1/3/2020 8:13,3227.25,3227.5,3227,3227,-0.25,347,N/A
ESH20,1/3/2020 8:12,3228.25,3228.25,3227,3227.25,-0.75,913,N/A
ESH20,1/3/2020 8:11,3228.25,3228.25,3228,3228,0,285,N/A
ESH20,1/3/2020 8:10,3228.25,3228.25,3228,3228,-0.25,174,N/A
ESH20,1/3/2020 8:09,3228,3228.25,3228,3228.25,0,146,N/A
ESH20,1/3/2020 8:08,3228.25,3228.5,3228,3228.25,0,297,N/A
ESH20,1/3/2020 8:07,3228.75,3228.75,3228.25,3228.25,-0.5,233,N/A
ESH20,1/3/2020 8:06,3229.25,3229.25,3228.75,3228.75,-0.25,331,N/A
ESH20,1/3/2020 8:05,3228.5,3229.25,3228.25,3229,0.5,478,N/A
ESH20,1/3/2020 8:04,3229,3229,3228.5,3228.5,-0.5,390,N/A
ESH20,1/3/2020 8:03,3229.25,3229.5,3228.5,3229,-0.25,613,N/A
ESH20,1/3/2020 8:02,3227.75,3229.25,3227.75,3229.25,1.75,1079,N/A
ESH20,1/3/2020 8:01,3227.5,3227.75,3227.25,3227.5,0,420,N/A
ESH20,1/3/2020 8:00,3227.25,3227.75,3226.75,3227.5,0.25,701,N/A
ESH20,1/3/2020 7:59,3227,3227.75,3227,3227.25,0.25,588,N/A
ESH20,1/3/2020 7:58,3227.25,3227.5,3227,3227,-0.5,495,N/A
ESH20,1/3/2020 7:57,3228.25,3228.25,3227.5,3227.5,-1,440,N/A
ESH20,1/3/2020 7:56,3228,3228.5,3227.25,3228.5,0.5,896,N/A
ESH20,1/3/2020 7:55,3229,3229,3227.75,3228,-1,925,N/A
ESH20,1/3/2020 7:54,3227.25,3229.75,3227.25,3229,1.5,2256,N/A
ESH20,1/3/2020 7:53,3227.75,3228,3227.25,3227.5,-0.25,344,N/A
ESH20,1/3/2020 7:52,3228,3228.25,3227.25,3227.75,-0.25,838,N/A
ESH20,1/3/2020 7:51,3229.75,3229.75,3228,3228,-1.5,846,N/A
ESH20,1/3/2020 7:50,3229,3229.75,3228.75,3229.5,0.5,262,N/A
ESH20,1/3/2020 7:49,3229,3229.25,3228.75,3229,0.25,339,N/A
ESH20,1/3/2020 7:48,3229,3229.25,3228.75,3228.75,-0.25,564,N/A
ESH20,1/3/2020 7:47,3229,3229.5,3228.75,3229,0,1046,N/A
ESH20,1/3/2020 7:46,3228,3229,3228,3229,1,776,N/A
ESH20,1/3/2020 7:45,3227.75,3228,3227.5,3228,0.25,261,N/A
ESH20,1/3/2020 7:44,3227.25,3228,3227.25,3227.75,0.5,328,N/A
ESH20,1/3/2020 7:43,3227,3227.5,3227,3227.25,0.25,449,N/A
ESH20,1/3/2020 7:42,3227,3227.5,3226.75,3227,0,464,N/A
ESH20,1/3/2020 7:41,3227,3227.25,3227,3227,0.25,466,N/A
ESH20,1/3/2020 7:40,3227,3227.25,3226.5,3226.75,-0.5,635,N/A
ESH20,1/3/2020 7:39,3227,3227.5,3226.75,3227.25,0.25,428,N/A
ESH20,1/3/2020 7:38,3227.75,3228,3226.75,3227,-0.75,602,N/A
ESH20,1/3/2020 7:37,3228.25,3228.25,3227.5,3227.75,-0.5,309,N/A
ESH20,1/3/2020 7:36,3227.5,3228.25,3227,3228.25,1,699,N/A
ESH20,1/3/2020 7:35,3227,3227.5,3227,3227.25,0,820,N/A
ESH20,1/3/2020 7:34,3228,3228,3227,3227.25,-1,1546,N/A
ESH20,1/3/2020 7:33,3229.75,3230,3227.25,3228.25,-1.5,2480,N/A
ESH20,1/3/2020 7:32,3229.75,3230.25,3229.5,3229.75,0,719,N/A
ESH20,1/3/2020 7:31,3230.5,3230.75,3229.75,3229.75,-0.75,562,N/A
ESH20,1/3/2020 7:30,3230.5,3230.75,3230.25,3230.5,0,256,N/A
ESH20,1/3/2020 7:29,3230.5,3230.75,3230.25,3230.5,0.25,560,N/A
ESH20,1/3/2020 7:28,3230.5,3230.75,3230,3230.25,-0.25,695,N/A
ESH20,1/3/2020 7:27,3230.25,3230.5,3230,3230.5,0.25,353,N/A
ESH20,1/3/2020 7:26,3230.5,3230.5,3229.5,3230.25,0,1463,N/A
ESH20,1/3/2020 7:25,3231,3231,3230.25,3230.25,-0.75,1334,N/A
ESH20,1/3/2020 7:24,3231,3231.25,3230.75,3231,0,785,N/A
ESH20,1/3/2020 7:23,3230.25,3232,3230,3231,0.75,2268,N/A
ESH20,1/3/2020 7:22,3231.5,3231.5,3230,3230.25,-1,896,N/A
ESH20,1/3/2020 7:21,3230.75,3231.75,3230.5,3231.25,0.5,1176,N/A
ESH20,1/3/2020 7:20,3229.75,3231.25,3229.5,3230.75,1,2138,N/A
ESH20,1/3/2020 7:19,3229.25,3230,3229.25,3229.75,0.75,889,N/A
ESH20,1/3/2020 7:18,3228.75,3229.75,3228.5,3229,0.25,1478,N/A
ESH20,1/3/2020 7:17,3228.5,3229,3228.5,3228.75,0,672,N/A
ESH20,1/3/2020 7:16,3228,3228.75,3227.5,3228.75,0.5,798,N/A
ESH20,1/3/2020 7:15,3228.25,3228.75,3228,3228.25,0,593,N/A
ESH20,1/3/2020 7:14,3228.5,3228.75,3228,3228.25,-0.25,298,N/A
ESH20,1/3/2020 7:13,3228,3228.75,3228,3228.5,0.5,1212,N/A
ESH20,1/3/2020 7:12,3227.25,3228.5,3226.75,3228,1,1350,N/A
ESH20,1/3/2020 7:11,3226.75,3227.5,3226.5,3227,0.25,627,N/A
ESH20,1/3/2020 7:10,3227.5,3227.5,3226.5,3226.75,-0.5,586,N/A
ESH20,1/3/2020 7:09,3227.5,3227.75,3227.25,3227.25,0,556,N/A
ESH20,1/3/2020 7:08,3227,3227.5,3227,3227.25,0.25,304,N/A
ESH20,1/3/2020 7:07,3227.25,3227.5,3226.75,3227,0,945,N/A
ESH20,1/3/2020 7:06,3227.25,3227.25,3226.5,3227,-0.25,1001,N/A
ESH20,1/3/2020 7:05,3227,3227.25,3225.75,3227.25,0.25,1297,N/A
ESH20,1/3/2020 7:04,3225.75,3227,3225,3227,1.25,1565,N/A
ESH20,1/3/2020 7:03,3224,3226,3223.75,3225.75,1.75,1989,N/A
ESH20,1/3/2020 7:02,3223.5,3224.25,3223.5,3224,0.25,693,N/A
ESH20,1/3/2020 7:01,3224.25,3224.25,3223.25,3223.75,-0.25,599,N/A
ESH20,1/3/2020 7:00,3223.5,3224.75,3223.25,3224,0.25,709,N/A
ESH20,1/3/2020 6:59,3223.5,3223.75,3223.25,3223.75,0.25,281,N/A
ESH20,1/3/2020 6:58,3223.5,3223.75,3223.25,3223.5,0,256,N/A
ESH20,1/3/2020 6:57,3223.25,3223.5,3223.25,3223.5,0.25,266,N/A
ESH20,1/3/2020 6:56,3223.25,3223.25,3222.75,3223.25,0,220,N/A
ESH20,1/3/2020 6:55,3222.5,3223.25,3221.75,3223.25,1,1001,N/A
ESH20,1/3/2020 6:54,3222.25,3222.5,3222,3222.25,0.25,353,N/A
ESH20,1/3/2020 6:53,3222.5,3222.5,3222,3222,-0.5,931,N/A
ESH20,1/3/2020 6:52,3222.75,3223.25,3222.25,3222.5,-0.25,905,N/A
ESH20,1/3/2020 6:51,3223.5,3223.75,3222.75,3222.75,-0.75,482,N/A
ESH20,1/3/2020 6:50,3223.5,3223.75,3223.25,3223.5,0,115,N/A
ESH20,1/3/2020 6:49,3223.5,3223.5,3223.25,3223.5,0,90,N/A
ESH20,1/3/2020 6:48,3223.5,3223.5,3223,3223.5,-0.25,852,N/A
ESH20,1/3/2020 6:47,3223.5,3223.75,3223.5,3223.75,0,136,N/A
ESH20,1/3/2020 6:46,3223.75,3223.75,3223.5,3223.75,0.25,147,N/A
ESH20,1/3/2020 6:45,3223.75,3224,3223.5,3223.5,0,558,N/A
ESH20,1/3/2020 6:44,3223.5,3223.75,3223.25,3223.5,0,578,N/A
ESH20,1/3/2020 6:43,3223.25,3223.5,3223,3223.5,0.25,354,N/A
ESH20,1/3/2020 6:42,3223.25,3223.5,3223,3223.25,0,86,N/A
ESH20,1/3/2020 6:41,3223,3223.5,3222.75,3223.25,0.25,745,N/A
ESH20,1/3/2020 6:40,3223.25,3223.25,3222.5,3223,-0.25,436,N/A
ESH20,1/3/2020 6:39,3223,3223.25,3223,3223.25,0.25,106,N/A
ESH20,1/3/2020 6:38,3223.25,3223.25,3223,3223,-0.25,73,N/A
ESH20,1/3/2020 6:37,3223.5,3223.5,3223,3223.25,0,166,N/A
ESH20,1/3/2020 6:36,3223.25,3223.5,3223,3223.25,0,323,N/A
ESH20,1/3/2020 6:35,3223.25,3223.25,3222.75,3223.25,0.25,295,N/A
ESH20,1/3/2020 6:34,3223.5,3223.5,3223,3223,-0.5,318,N/A
ESH20,1/3/2020 6:33,3222.25,3223.5,3222.25,3223.5,1.25,552,N/A
ESH20,1/3/2020 6:32,3222.75,3222.75,3222.25,3222.25,-0.25,205,N/A
ESH20,1/3/2020 6:31,3222.25,3223.5,3222.25,3222.5,0.25,866,N/A
ESH20,1/3/2020 6:30,3222,3222.5,3221.75,3222.25,0,785,N/A
ESH20,1/3/2020 6:29,3222.5,3222.5,3222,3222.25,-0.25,442,N/A
ESH20,1/3/2020 6:28,3222.75,3223,3222.25,3222.5,-0.5,573,N/A
ESH20,1/3/2020 6:27,3223.25,3223.25,3222.5,3223,-0.25,501,N/A
ESH20,1/3/2020 6:26,3222.75,3223.75,3222.75,3223.25,0.5,691,N/A
ESH20,1/3/2020 6:25,3223,3223,3222.5,3222.75,-0.25,441,N/A
ESH20,1/3/2020 6:24,3223.25,3223.5,3222.75,3223,-0.5,233,N/A
ESH20,1/3/2020 6:23,3223.5,3223.5,3223,3223.5,-0.25,487,N/A
ESH20,1/3/2020 6:22,3223.5,3224,3223.25,3223.75,0,535,N/A
ESH20,1/3/2020 6:21,3223.25,3223.75,3222.75,3223.75,0.75,586,N/A
ESH20,1/3/2020 6:20,3223.75,3224,3223,3223,-1,853,N/A
ESH20,1/3/2020 6:19,3224,3224.25,3223.75,3224,0,1612,N/A
ESH20,1/3/2020 6:18,3223,3224,3223,3224,1,1594,N/A
ESH20,1/3/2020 6:17,3221.75,3223,3221.75,3223,1.25,949,N/A
ESH20,1/3/2020 6:16,3222,3222,3221.5,3221.75,-0.25,507,N/A
ESH20,1/3/2020 6:15,3220.75,3222.25,3220.75,3222,1.25,1086,N/A
ESH20,1/3/2020 6:14,3220.5,3220.75,3220,3220.75,0.5,904,N/A
ESH20,1/3/2020 6:13,3220,3220.5,3219.75,3220.25,0.25,878,N/A
ESH20,1/3/2020 6:12,3218.25,3220,3218,3220,1.75,1644,N/A
ESH20,1/3/2020 6:11,3217,3218.5,3217,3218.25,1.25,905,N/A
ESH20,1/3/2020 6:10,3216.5,3217.75,3216.5,3217,0.5,737,N/A
ESH20,1/3/2020 6:09,3216.5,3216.75,3216.25,3216.5,0,821,N/A
ESH20,1/3/2020 6:08,3216,3216.75,3216,3216.5,0.5,249,N/A
ESH20,1/3/2020 6:07,3216,3216.25,3216,3216,-0.25,185,N/A
ESH20,1/3/2020 6:06,3216.5,3216.5,3215.75,3216.25,-0.25,260,N/A
ESH20,1/3/2020 6:05,3216,3216.75,3216,3216.5,0.25,411,N/A
ESH20,1/3/2020 6:04,3216,3216.75,3216,3216.25,0.25,566,N/A
ESH20,1/3/2020 6:03,3215.75,3216.25,3215,3216,0.25,660,N/A
ESH20,1/3/2020 6:02,3214.5,3215.75,3214.5,3215.75,1.25,437,N/A
ESH20,1/3/2020 6:01,3214.5,3214.75,3214.25,3214.5,0,543,N/A
ESH20,1/3/2020 6:00,3214.5,3215.75,3214.5,3214.5,-0.25,927,N/A
ESH20,1/3/2020 5:59,3215.25,3215.5,3214.75,3214.75,-0.5,1458,N/A
ESH20,1/3/2020 5:58,3215.5,3215.5,3215,3215.25,0,322,N/A
ESH20,1/3/2020 5:57,3215.25,3215.5,3214.75,3215.25,-0.25,477,N/A
ESH20,1/3/2020 5:56,3215.5,3215.5,3215,3215.5,-0.25,170,N/A
ESH20,1/3/2020 5:55,3215.25,3216,3215.25,3215.75,0.5,469,N/A
ESH20,1/3/2020 5:54,3215.5,3215.75,3214.75,3215.25,-0.5,414,N/A
ESH20,1/3/2020 5:53,3216.25,3216.25,3215.75,3215.75,-0.5,335,N/A
ESH20,1/3/2020 5:52,3216.5,3216.75,3216.25,3216.25,-0.25,172,N/A
ESH20,1/3/2020 5:51,3217,3217,3216.25,3216.5,-0.75,315,N/A
ESH20,1/3/2020 5:50,3216.25,3217.25,3216,3217.25,0.75,447,N/A
ESH20,1/3/2020 5:49,3215.75,3216.5,3215.75,3216.5,0.75,286,N/A
ESH20,1/3/2020 5:48,3215.5,3216,3215.25,3215.75,0.25,275,N/A
ESH20,1/3/2020 5:47,3215,3216,3215,3215.5,0.5,775,N/A
ESH20,1/3/2020 5:46,3215,3215,3214.25,3215,0,741,N/A
ESH20,1/3/2020 5:45,3215,3215.5,3215,3215,-0.25,222,N/A
ESH20,1/3/2020 5:44,3215.25,3216,3215.25,3215.25,0,390,N/A
ESH20,1/3/2020 5:43,3215.5,3215.5,3215.25,3215.25,-0.25,58,N/A
ESH20,1/3/2020 5:42,3215.25,3215.5,3215,3215.5,0.25,155,N/A
ESH20,1/3/2020 5:41,3215.25,3215.5,3215.25,3215.25,0,82,N/A
ESH20,1/3/2020 5:40,3215.5,3215.5,3215,3215.25,-0.25,394,N/A
ESH20,1/3/2020 5:39,3214.25,3215.5,3214.25,3215.5,1,416,N/A
ESH20,1/3/2020 5:38,3214.5,3214.75,3214,3214.5,0,308,N/A
ESH20,1/3/2020 5:37,3214.5,3214.75,3214.25,3214.5,0,231,N/A
ESH20,1/3/2020 5:36,3214.25,3214.75,3214.25,3214.5,0.25,307,N/A
ESH20,1/3/2020 5:35,3215,3215.25,3214.25,3214.25,-0.75,420,N/A
ESH20,1/3/2020 5:34,3215,3215,3214.75,3215,0,190,N/A
ESH20,1/3/2020 5:33,3214.75,3215.5,3214.5,3215,0.25,549,N/A
ESH20,1/3/2020 5:32,3216.5,3216.5,3213.75,3214.75,-1.75,1167,N/A
ESH20,1/3/2020 5:31,3216.75,3217,3216.5,3216.5,-0.5,105,N/A
ESH20,1/3/2020 5:30,3216.5,3217,3216.5,3217,0.5,287,N/A
ESH20,1/3/2020 5:29,3216.75,3216.75,3216.5,3216.5,-0.25,264,N/A
ESH20,1/3/2020 5:28,3216.75,3217,3216.5,3216.75,0,253,N/A
ESH20,1/3/2020 5:27,3216.5,3217,3216.25,3216.75,0.25,266,N/A
ESH20,1/3/2020 5:26,3217,3217,3216.25,3216.5,-0.25,270,N/A
ESH20,1/3/2020 5:25,3216.5,3217,3216.25,3216.75,0.5,552,N/A
ESH20,1/3/2020 5:24,3216.5,3216.75,3216.25,3216.25,-0.25,321,N/A
ESH20,1/3/2020 5:23,3217.5,3217.5,3216.5,3216.5,-1,513,N/A
ESH20,1/3/2020 5:22,3217.25,3217.5,3216.25,3217.5,0.5,1022,N/A
ESH20,1/3/2020 5:21,3217.75,3217.75,3217,3217,-0.75,320,N/A
ESH20,1/3/2020 5:20,3217.75,3218,3217.5,3217.75,-0.25,436,N/A
ESH20,1/3/2020 5:19,3217,3218,3216.5,3218,1,1006,N/A
ESH20,1/3/2020 5:18,3215.25,3217.5,3215.25,3217,1.75,1302,N/A
ESH20,1/3/2020 5:17,3214.5,3215.5,3214.5,3215.25,0.75,237,N/A
ESH20,1/3/2020 5:16,3215,3215.75,3214.5,3214.5,-0.25,585,N/A
ESH20,1/3/2020 5:15,3214.5,3215,3213.75,3214.75,0.25,616,N/A
ESH20,1/3/2020 5:14,3214.5,3214.75,3214.25,3214.5,0,496,N/A
ESH20,1/3/2020 5:13,3214.5,3215.5,3214.5,3214.5,-0.25,448,N/A
ESH20,1/3/2020 5:12,3216,3216.25,3214,3214.75,-1.25,1022,N/A
ESH20,1/3/2020 5:11,3215.75,3216.25,3215.5,3216,0,558,N/A
ESH20,1/3/2020 5:10,3215.5,3216,3215.5,3216,0.5,771,N/A
ESH20,1/3/2020 5:09,3214.75,3215.75,3214.75,3215.5,0.5,743,N/A
ESH20,1/3/2020 5:08,3213.75,3215.5,3213.75,3215,1.25,1320,N/A
ESH20,1/3/2020 5:07,3212.5,3214,3212.5,3213.75,1.25,726,N/A
ESH20,1/3/2020 5:06,3213,3213,3212.5,3212.5,-0.5,447,N/A
ESH20,1/3/2020 5:05,3211.75,3213.25,3211.75,3213,1.5,976,N/A
ESH20,1/3/2020 5:04,3211.5,3212.5,3211.25,3211.5,0.25,793,N/A
ESH20,1/3/2020 5:03,3211.75,3212,3211,3211.25,-0.5,770,N/A
ESH20,1/3/2020 5:02,3211.5,3211.75,3210.75,3211.75,0.25,894,N/A
ESH20,1/3/2020 5:01,3210.25,3211.5,3210,3211.5,1.25,1065,N/A
ESH20,1/3/2020 5:00,3211.25,3211.75,3209.75,3210.25,-1.25,1430,N/A
ESH20,1/3/2020 4:59,3209.5,3211.75,3209,3211.5,2,1850,N/A
ESH20,1/3/2020 4:58,3207.25,3210,3207.25,3209.5,2.25,1535,N/A
ESH20,1/3/2020 4:57,3209.75,3209.75,3206.75,3207.25,-2.25,3050,N/A
ESH20,1/3/2020 4:56,3214.25,3214.25,3208,3209.5,-4.75,4718,N/A
ESH20,1/3/2020 4:55,3214,3214.5,3213.5,3214.25,0,823,N/A
ESH20,1/3/2020 4:54,3214,3215,3213.75,3214.25,0.25,836,N/A
ESH20,1/3/2020 4:53,3215.25,3215.5,3213.75,3214,-1.5,1356,N/A
ESH20,1/3/2020 4:52,3214.5,3216.5,3213.5,3215.5,1,2163,N/A
ESH20,1/3/2020 4:51,3215.25,3215.25,3214.25,3214.5,-0.75,964,N/A
ESH20,1/3/2020 4:50,3216,3216,3214.5,3215.25,-0.75,1841,N/A
ESH20,1/3/2020 4:49,3218.25,3218.25,3215.5,3216,-2.25,3568,N/A
ESH20,1/3/2020 4:48,3218.75,3219,3218,3218.25,-0.5,674,N/A
ESH20,1/3/2020 4:47,3218.75,3219,3218.5,3218.75,0,709,N/A
ESH20,1/3/2020 4:46,3219,3219.5,3218.75,3218.75,-0.5,607,N/A
ESH20,1/3/2020 4:45,3219.75,3220,3219.25,3219.25,-0.75,460,N/A
ESH20,1/3/2020 4:44,3220,3220.75,3219.5,3220,0,626,N/A
ESH20,1/3/2020 4:43,3219.25,3220,3219,3220,0.75,613,N/A
ESH20,1/3/2020 4:42,3219.5,3219.75,3218.5,3219.25,-0.25,950,N/A
ESH20,1/3/2020 4:41,3219.75,3219.75,3219,3219.5,-0.25,787,N/A
ESH20,1/3/2020 4:40,3220,3220.5,3219.5,3219.75,-0.25,550,N/A
ESH20,1/3/2020 4:39,3221,3221.25,3220,3220,-1.25,835,N/A
ESH20,1/3/2020 4:38,3221.5,3221.5,3220.75,3221.25,0,278,N/A
ESH20,1/3/2020 4:37,3221.75,3222,3221.25,3221.25,-0.5,247,N/A
ESH20,1/3/2020 4:36,3221.75,3222,3221,3221.75,-0.25,601,N/A
ESH20,1/3/2020 4:35,3221.5,3222,3220.5,3222,0.5,768,N/A
ESH20,1/3/2020 4:34,3221.75,3222.5,3221.25,3221.5,-0.5,621,N/A
ESH20,1/3/2020 4:33,3223,3223,3221.75,3222,-1.25,572,N/A
ESH20,1/3/2020 4:32,3223.25,3223.75,3223.25,3223.25,0,316,N/A
ESH20,1/3/2020 4:31,3223.5,3223.5,3223,3223.25,0,249,N/A
ESH20,1/3/2020 4:30,3223.5,3223.5,3223,3223.25,0,580,N/A
ESH20,1/3/2020 4:29,3222.75,3223.5,3222.75,3223.25,0.25,297,N/A
ESH20,1/3/2020 4:28,3222.75,3223.5,3222.75,3223,0.25,406,N/A
ESH20,1/3/2020 4:27,3223.25,3223.5,3222.75,3222.75,-0.5,246,N/A
ESH20,1/3/2020 4:26,3224.25,3224.5,3223.25,3223.25,-1.25,717,N/A
ESH20,1/3/2020 4:25,3225,3225,3224.5,3224.5,-0.5,316,N/A
ESH20,1/3/2020 4:24,3224.75,3225,3224.75,3225,0.25,182,N/A
ESH20,1/3/2020 4:23,3224.75,3225,3224.5,3224.75,0.25,588,N/A
ESH20,1/3/2020 4:22,3224,3224.75,3224,3224.5,0.5,264,N/A
ESH20,1/3/2020 4:21,3224,3224.25,3224,3224,0,143,N/A
ESH20,1/3/2020 4:20,3223.25,3224.25,3222.75,3224,0.75,659,N/A
ESH20,1/3/2020 4:19,3224,3224,3223.25,3223.25,-0.75,271,N/A
ESH20,1/3/2020 4:18,3224,3224.25,3223.75,3224,0.25,177,N/A
ESH20,1/3/2020 4:17,3224,3224.25,3223.5,3223.75,-0.25,284,N/A
ESH20,1/3/2020 4:16,3224,3224.25,3223.75,3224,0,187,N/A
ESH20,1/3/2020 4:15,3223.75,3224,3223.5,3224,0,119,N/A
ESH20,1/3/2020 4:14,3224,3224.25,3223.75,3224,0,134,N/A
ESH20,1/3/2020 4:13,3224,3224,3223.75,3224,-0.25,129,N/A
ESH20,1/3/2020 4:12,3223.75,3224.25,3223.5,3224.25,0.5,328,N/A
ESH20,1/3/2020 4:11,3223.5,3224,3223.25,3223.75,0,371,N/A
ESH20,1/3/2020 4:10,3225,3225.25,3223.5,3223.75,-1.25,644,N/A
ESH20,1/3/2020 4:09,3225,3225.5,3224.75,3225,0.25,464,N/A
ESH20,1/3/2020 4:08,3225,3225.25,3224.75,3224.75,-0.25,229,N/A
ESH20,1/3/2020 4:07,3225.25,3225.5,3225,3225,-0.5,385,N/A
ESH20,1/3/2020 4:06,3225.5,3225.75,3225,3225.5,0,193,N/A
ESH20,1/3/2020 4:05,3225.75,3225.75,3225.25,3225.5,0,238,N/A
ESH20,1/3/2020 4:04,3225.25,3226,3225.25,3225.5,0,322,N/A
ESH20,1/3/2020 4:03,3224.75,3225.75,3224.75,3225.5,0.5,669,N/A
ESH20,1/3/2020 4:02,3224,3225,3223.75,3225,1,872,N/A
ESH20,1/3/2020 4:01,3223.5,3224,3223.5,3224,0.5,305,N/A
ESH20,1/3/2020 4:00,3223.25,3223.75,3223,3223.5,0.25,271,N/A
ESH20,1/3/2020 3:59,3223.25,3223.5,3223,3223.25,0,152,N/A
ESH20,1/3/2020 3:58,3223,3223.25,3223,3223.25,0.25,221,N/A
ESH20,1/3/2020 3:57,3223.25,3223.5,3223,3223,-0.25,270,N/A
ESH20,1/3/2020 3:56,3222.5,3223.5,3222.5,3223.25,0.5,378,N/A
ESH20,1/3/2020 3:55,3222.5,3222.75,3222.25,3222.75,0.25,382,N/A
ESH20,1/3/2020 3:54,3222.5,3222.5,3222.25,3222.5,0,179,N/A
ESH20,1/3/2020 3:53,3223.25,3223.25,3222.5,3222.5,-0.75,177,N/A
ESH20,1/3/2020 3:52,3222.25,3223.5,3222.25,3223.25,1,576,N/A
ESH20,1/3/2020 3:51,3222.25,3222.5,3222.25,3222.25,-0.25,293,N/A
ESH20,1/3/2020 3:50,3222.25,3222.75,3222.25,3222.5,0.25,429,N/A
ESH20,1/3/2020 3:49,3221.5,3222.5,3221.5,3222.25,1.25,740,N/A
ESH20,1/3/2020 3:48,3221,3221.5,3221,3221,-0.25,510,N/A
ESH20,1/3/2020 3:47,3221.25,3221.5,3220.5,3221.25,-0.25,834,N/A
ESH20,1/3/2020 3:46,3222,3222.25,3221.25,3221.5,-0.75,479,N/A
ESH20,1/3/2020 3:45,3222,3222.75,3222,3222.25,0,460,N/A
ESH20,1/3/2020 3:44,3222.75,3223,3221.5,3222.25,-0.75,921,N/A
ESH20,1/3/2020 3:43,3222.5,3223,3222.5,3223,0.25,653,N/A
ESH20,1/3/2020 3:42,3224.5,3224.5,3222.75,3222.75,-1.5,1203,N/A
ESH20,1/3/2020 3:41,3224.5,3224.5,3224,3224.25,0,472,N/A
ESH20,1/3/2020 3:40,3224.5,3224.75,3224.25,3224.25,-0.25,340,N/A
ESH20,1/3/2020 3:39,3224.75,3224.75,3224.5,3224.5,-0.25,194,N/A
ESH20,1/3/2020 3:38,3224.25,3225,3224.25,3224.75,0.5,419,N/A
ESH20,1/3/2020 3:37,3224.5,3224.5,3224,3224.25,-0.25,342,N/A
ESH20,1/3/2020 3:36,3225,3225.25,3224.25,3224.5,-0.75,598,N/A
ESH20,1/3/2020 3:35,3223.5,3225.25,3223.5,3225.25,1.75,923,N/A
ESH20,1/3/2020 3:34,3224.25,3224.5,3223.5,3223.5,-0.75,716,N/A
ESH20,1/3/2020 3:33,3224.75,3224.75,3224,3224.25,-0.25,389,N/A
ESH20,1/3/2020 3:32,3225,3225,3224,3224.5,-0.25,509,N/A
ESH20,1/3/2020 3:31,3225,3225.25,3224.5,3224.75,-0.25,343,N/A
ESH20,1/3/2020 3:30,3224.75,3225,3224.25,3225,0.25,566,N/A
ESH20,1/3/2020 3:29,3224,3224.75,3223.5,3224.75,0.75,453,N/A
ESH20,1/3/2020 3:28,3223.25,3224.25,3223.25,3224,0.5,315,N/A
ESH20,1/3/2020 3:27,3223,3223.75,3222.75,3223.5,0.5,463,N/A
ESH20,1/3/2020 3:26,3223.75,3223.75,3223,3223,-1,392,N/A
ESH20,1/3/2020 3:25,3224,3224.25,3223.5,3224,0.25,298,N/A
ESH20,1/3/2020 3:24,3223.5,3224,3223.5,3223.75,0.5,477,N/A
ESH20,1/3/2020 3:23,3223.75,3224,3223,3223.25,-0.75,460,N/A
ESH20,1/3/2020 3:22,3223.75,3224,3223.25,3224,0.5,238,N/A
ESH20,1/3/2020 3:21,3223.5,3224,3223.25,3223.5,0.25,349,N/A
ESH20,1/3/2020 3:20,3224.25,3224.5,3223.25,3223.25,-1,613,N/A
ESH20,1/3/2020 3:19,3223.75,3224.25,3223.5,3224.25,0.5,471,N/A
ESH20,1/3/2020 3:18,3224,3224,3223.5,3223.75,-0.25,257,N/A
ESH20,1/3/2020 3:17,3223.75,3224,3223.5,3224,0,354,N/A
ESH20,1/3/2020 3:16,3223.5,3224,3223.5,3224,0.5,567,N/A
ESH20,1/3/2020 3:15,3223.5,3223.5,3222.75,3223.5,0,602,N/A
ESH20,1/3/2020 3:14,3222.5,3223.5,3222.5,3223.5,1.25,719,N/A
ESH20,1/3/2020 3:13,3222.75,3223.5,3222.25,3222.25,-0.75,864,N/A
ESH20,1/3/2020 3:12,3223.75,3224,3223,3223,-1,699,N/A
ESH20,1/3/2020 3:11,3224.5,3224.5,3223.5,3224,-0.25,425,N/A
ESH20,1/3/2020 3:10,3225,3225,3224,3224.25,-0.5,472,N/A
ESH20,1/3/2020 3:09,3225,3225,3224.5,3224.75,-0.25,333,N/A
ESH20,1/3/2020 3:08,3224.75,3225,3224.25,3225,0.25,248,N/A
ESH20,1/3/2020 3:07,3224.5,3224.75,3223.75,3224.75,0,474,N/A
ESH20,1/3/2020 3:06,3225.25,3225.25,3224.25,3224.75,-0.5,733,N/A
ESH20,1/3/2020 3:05,3225.25,3226,3225.25,3225.25,0,746,N/A
ESH20,1/3/2020 3:04,3225.5,3225.75,3225.25,3225.25,-0.5,380,N/A
ESH20,1/3/2020 3:03,3225.75,3226.25,3225.5,3225.75,-0.25,430,N/A
ESH20,1/3/2020 3:02,3225.5,3226.25,3225.5,3226,0.25,549,N/A
ESH20,1/3/2020 3:01,3225.75,3227,3225.25,3225.75,-0.25,1500,N/A
ESH20,1/3/2020 3:00,3227.25,3227.75,3225.75,3226,-1.25,1365,N/A
ESH20,1/3/2020 2:59,3227.5,3228,3227,3227.25,-0.25,296,N/A
ESH20,1/3/2020 2:58,3227.75,3228,3227,3227.5,-0.25,461,N/A
ESH20,1/3/2020 2:57,3228.25,3228.25,3227.5,3227.75,-0.5,593,N/A
ESH20,1/3/2020 2:56,3227.75,3228.5,3227.75,3228.25,0.25,251,N/A
ESH20,1/3/2020 2:55,3228.5,3228.5,3228,3228,-0.5,243,N/A
ESH20,1/3/2020 2:54,3228.5,3228.75,3228.25,3228.5,0.25,274,N/A
ESH20,1/3/2020 2:53,3228,3228.25,3227.5,3228.25,0.25,518,N/A
ESH20,1/3/2020 2:52,3228.5,3228.75,3227.75,3228,-0.5,459,N/A
ESH20,1/3/2020 2:51,3229.25,3229.25,3228.5,3228.5,-0.75,380,N/A
ESH20,1/3/2020 2:50,3229.75,3229.75,3228.5,3229.25,-0.5,711,N/A
ESH20,1/3/2020 2:49,3228.75,3229.75,3228.5,3229.75,0.75,674,N/A
ESH20,1/3/2020 2:48,3228,3229,3228,3229,1,559,N/A
ESH20,1/3/2020 2:47,3228.25,3228.75,3228,3228,0,666,N/A
ESH20,1/3/2020 2:46,3227,3228.25,3226.5,3228,1,1159,N/A
ESH20,1/3/2020 2:45,3227.75,3228,3226.75,3227,-0.75,918,N/A
ESH20,1/3/2020 2:44,3228.75,3229,3227.75,3227.75,-1,382,N/A
ESH20,1/3/2020 2:43,3228.75,3229,3228.75,3228.75,0,24,N/A
ESH20,1/3/2020 2:42,3228.75,3229,3228.5,3228.75,-0.25,333,N/A
ESH20,1/3/2020 2:41,3228.75,3229.25,3228.75,3229,0.25,467,N/A
ESH20,1/3/2020 2:40,3229.75,3229.75,3228.25,3228.75,-1,728,N/A
ESH20,1/3/2020 2:39,3230,3230.25,3229.5,3229.75,-0.5,224,N/A
ESH20,1/3/2020 2:38,3230.5,3230.5,3230.25,3230.25,0,222,N/A
ESH20,1/3/2020 2:37,3230.25,3230.5,3230,3230.25,-0.25,145,N/A
ESH20,1/3/2020 2:36,3230.5,3230.75,3230.25,3230.5,0,711,N/A
ESH20,1/3/2020 2:35,3230.25,3230.75,3230,3230.5,0.25,387,N/A
ESH20,1/3/2020 2:34,3230.25,3230.5,3229.75,3230.25,-0.25,593,N/A
ESH20,1/3/2020 2:33,3230,3231,3230,3230.5,0.5,519,N/A
ESH20,1/3/2020 2:32,3229.25,3230.25,3229.25,3230,0.5,457,N/A
ESH20,1/3/2020 2:31,3229.75,3229.75,3229.25,3229.5,-0.25,178,N/A
ESH20,1/3/2020 2:30,3230.25,3230.5,3229.75,3229.75,-0.5,455,N/A
ESH20,1/3/2020 2:29,3229.25,3230.5,3229.25,3230.25,1,248,N/A
ESH20,1/3/2020 2:28,3229.75,3230.5,3229.25,3229.25,-0.5,482,N/A
ESH20,1/3/2020 2:27,3229.25,3230.25,3229.25,3229.75,0.5,402,N/A
ESH20,1/3/2020 2:26,3229,3229.5,3229,3229.25,0.25,167,N/A
ESH20,1/3/2020 2:25,3229,3229.25,3228.25,3229,0,578,N/A
ESH20,1/3/2020 2:24,3229,3229.5,3228.75,3229,0.25,401,N/A
ESH20,1/3/2020 2:23,3229.25,3229.5,3228.75,3228.75,-0.5,365,N/A
ESH20,1/3/2020 2:22,3229,3229.25,3228.25,3229.25,0.25,570,N/A
ESH20,1/3/2020 2:21,3229.25,3229.25,3229,3229,0,175,N/A
ESH20,1/3/2020 2:20,3230,3230,3229,3229,-1.25,414,N/A
ESH20,1/3/2020 2:19,3228.75,3230.75,3228.75,3230.25,1.5,1213,N/A
ESH20,1/3/2020 2:18,3228.75,3229.25,3228.75,3228.75,-0.25,624,N/A
ESH20,1/3/2020 2:17,3229.5,3229.5,3228.75,3229,-0.5,317,N/A
ESH20,1/3/2020 2:16,3228.75,3229.5,3228.75,3229.5,0.75,770,N/A
ESH20,1/3/2020 2:15,3228.5,3228.75,3228.25,3228.75,0.25,484,N/A
ESH20,1/3/2020 2:14,3228.25,3228.75,3228,3228.5,0.5,638,N/A
ESH20,1/3/2020 2:13,3227.75,3228.25,3227.5,3228,0.25,614,N/A
ESH20,1/3/2020 2:12,3228,3228.25,3227.75,3227.75,-0.25,433,N/A
ESH20,1/3/2020 2:11,3227.5,3228.25,3227.5,3228,0.5,637,N/A
ESH20,1/3/2020 2:10,3228.75,3228.75,3227.5,3227.5,-1,943,N/A
ESH20,1/3/2020 2:09,3227.5,3229.5,3226.5,3228.5,1,1986,N/A
ESH20,1/3/2020 2:08,3227.5,3228,3227,3227.5,0,1013,N/A
ESH20,1/3/2020 2:07,3227.5,3227.75,3227.25,3227.5,0,283,N/A
ESH20,1/3/2020 2:06,3227.75,3227.75,3227,3227.5,-0.25,773,N/A
ESH20,1/3/2020 2:05,3227.5,3227.75,3227,3227.75,0.5,1202,N/A
ESH20,1/3/2020 2:04,3227.25,3227.5,3227,3227.25,0,1038,N/A
ESH20,1/3/2020 2:03,3226,3227.5,3225.75,3227.25,1.25,2336,N/A
ESH20,1/3/2020 2:02,3225.5,3226,3224.75,3226,0.5,2166,N/A
ESH20,1/3/2020 2:01,3223.75,3225.75,3223,3225.5,1.5,2034,N/A
ESH20,1/3/2020 2:00,3227,3227,3222.75,3224,-3,5731,N/A
ESH20,1/3/2020 1:59,3227,3227,3226.5,3227,0,820,N/A
ESH20,1/3/2020 1:58,3226.75,3227,3226.75,3227,0,1028,N/A
ESH20,1/3/2020 1:57,3227.25,3227.5,3226.25,3227,-0.25,1402,N/A
ESH20,1/3/2020 1:56,3227.75,3228.25,3227.25,3227.25,-0.5,1412,N/A
ESH20,1/3/2020 1:55,3227.5,3228.25,3227.25,3227.75,0,695,N/A
ESH20,1/3/2020 1:54,3228,3228.25,3227.25,3227.75,-0.5,862,N/A
ESH20,1/3/2020 1:53,3228.5,3228.5,3227.5,3228.25,-0.5,740,N/A
ESH20,1/3/2020 1:52,3228.5,3229,3228.5,3228.75,0.25,478,N/A
ESH20,1/3/2020 1:51,3227.25,3228.75,3227.25,3228.5,1.25,683,N/A
ESH20,1/3/2020 1:50,3229,3229.5,3227,3227.25,-1.75,1075,N/A
ESH20,1/3/2020 1:49,3227.75,3229,3227.5,3229,1.25,1289,N/A
ESH20,1/3/2020 1:48,3231,3231.25,3226.75,3227.75,-3.25,5615,N/A
ESH20,1/3/2020 1:47,3232.25,3232.5,3230.75,3231,-1,578,N/A
ESH20,1/3/2020 1:46,3232.5,3232.75,3232,3232,-0.75,155,N/A
ESH20,1/3/2020 1:45,3232.75,3233,3232.75,3232.75,0,55,N/A
ESH20,1/3/2020 1:44,3232.5,3233,3232.5,3232.75,0.25,332,N/A
ESH20,1/3/2020 1:43,3232.75,3232.75,3232.5,3232.5,-0.25,121,N/A
ESH20,1/3/2020 1:42,3232.75,3232.75,3232.5,3232.75,-0.25,207,N/A
ESH20,1/3/2020 1:41,3232.75,3233,3232.75,3233,0,113,N/A
ESH20,1/3/2020 1:40,3233.25,3233.5,3232.75,3233,-0.25,126,N/A
ESH20,1/3/2020 1:39,3233.5,3233.5,3233,3233.25,-0.5,227,N/A
ESH20,1/3/2020 1:38,3234,3234,3233.25,3233.75,0,108,N/A
ESH20,1/3/2020 1:37,3234,3234,3233.25,3233.75,-0.25,243,N/A
ESH20,1/3/2020 1:36,3234.25,3234.25,3234,3234,-0.25,225,N/A
ESH20,1/3/2020 1:35,3234,3234.25,3233.75,3234.25,0.25,178,N/A
ESH20,1/3/2020 1:34,3234,3234.25,3233.75,3234,0,143,N/A
ESH20,1/3/2020 1:33,3234.25,3234.75,3233.5,3234,-0.25,384,N/A
ESH20,1/3/2020 1:32,3233.75,3234.5,3233.5,3234.25,0.25,274,N/A
ESH20,1/3/2020 1:31,3234.5,3234.5,3233.75,3234,-0.5,467,N/A
ESH20,1/3/2020 1:30,3234.75,3234.75,3234.25,3234.5,0,443,N/A
ESH20,1/3/2020 1:29,3234.25,3235,3234.25,3234.5,0.25,422,N/A
ESH20,1/3/2020 1:28,3233.5,3234.25,3233.5,3234.25,0.75,430,N/A
ESH20,1/3/2020 1:27,3233.25,3233.5,3233,3233.5,0,86,N/A
ESH20,1/3/2020 1:26,3233.25,3233.5,3233.25,3233.5,0,109,N/A
ESH20,1/3/2020 1:25,3232.75,3233.75,3232.75,3233.5,0.75,484,N/A
ESH20,1/3/2020 1:24,3232.25,3232.75,3232,3232.75,0.75,642,N/A
ESH20,1/3/2020 1:23,3232.75,3232.75,3232,3232,-0.75,190,N/A
ESH20,1/3/2020 1:22,3232.25,3232.75,3232.25,3232.75,0.25,188,N/A
ESH20,1/3/2020 1:21,3232.25,3232.5,3232,3232.5,0.25,259,N/A
ESH20,1/3/2020 1:20,3232.75,3232.75,3232,3232.25,-0.75,460,N/A
ESH20,1/3/2020 1:19,3233,3233.5,3232.5,3233,0,368,N/A
ESH20,1/3/2020 1:18,3232.5,3233.25,3232.5,3233,0.5,235,N/A
ESH20,1/3/2020 1:17,3232.5,3232.5,3232.25,3232.5,0,221,N/A
ESH20,1/3/2020 1:16,3232.5,3232.75,3232.25,3232.5,0,138,N/A
ESH20,1/3/2020 1:15,3232.75,3232.75,3232.5,3232.5,-0.25,144,N/A
ESH20,1/3/2020 1:14,3232.5,3232.75,3232.25,3232.75,0,176,N/A
ESH20,1/3/2020 1:13,3232.75,3233,3232,3232.75,-0.25,179,N/A
ESH20,1/3/2020 1:12,3233.25,3233.25,3232.5,3233,-0.25,136,N/A
ESH20,1/3/2020 1:11,3233.25,3233.25,3232.75,3233.25,0.25,139,N/A
ESH20,1/3/2020 1:10,3233.25,3233.25,3233,3233,-0.25,210,N/A
ESH20,1/3/2020 1:09,3233,3233.5,3233,3233.25,0.5,338,N/A
ESH20,1/3/2020 1:08,3232.5,3232.75,3232.25,3232.75,0.25,186,N/A
ESH20,1/3/2020 1:07,3231.75,3232.75,3231.75,3232.5,0.75,296,N/A
ESH20,1/3/2020 1:06,3231.5,3232.25,3231.25,3231.75,0.5,427,N/A
ESH20,1/3/2020 1:05,3231.25,3231.75,3231.25,3231.25,0,259,N/A
ESH20,1/3/2020 1:04,3231.75,3231.75,3231.25,3231.25,-0.5,443,N/A
ESH20,1/3/2020 1:03,3232.75,3232.75,3231.75,3231.75,-1,293,N/A
ESH20,1/3/2020 1:02,3232.5,3232.75,3232.25,3232.75,0.25,216,N/A
ESH20,1/3/2020 1:01,3232.75,3233,3232,3232.5,-0.25,793,N/A
ESH20,1/3/2020 1:00,3234,3234.25,3232.75,3232.75,-1.25,1151,N/A
ESH20,1/3/2020 0:59,3234,3234.25,3233.5,3234,0,242,N/A
ESH20,1/3/2020 0:58,3233.75,3234.25,3233.75,3234,0,75,N/A
ESH20,1/3/2020 0:57,3234.25,3234.25,3234,3234,-0.25,240,N/A
ESH20,1/3/2020 0:56,3234.5,3234.5,3234.25,3234.25,0,86,N/A
ESH20,1/3/2020 0:55,3234.25,3234.25,3234,3234.25,0,589,N/A
ESH20,1/3/2020 0:54,3234.25,3234.5,3234,3234.25,0,126,N/A
ESH20,1/3/2020 0:53,3234.25,3234.5,3234,3234.25,0.25,193,N/A
ESH20,1/3/2020 0:52,3233.5,3234,3233.5,3234,0.5,177,N/A
ESH20,1/3/2020 0:51,3233.5,3233.75,3233.25,3233.5,0,167,N/A
ESH20,1/3/2020 0:50,3233.25,3233.75,3233.25,3233.5,0.25,104,N/A
ESH20,1/3/2020 0:49,3233.5,3233.5,3233.25,3233.25,-0.25,176,N/A
ESH20,1/3/2020 0:48,3233.75,3233.75,3233.25,3233.5,-0.25,126,N/A
ESH20,1/3/2020 0:47,3233.5,3234,3233.5,3233.75,0.5,253,N/A
ESH20,1/3/2020 0:46,3233.25,3234,3233.25,3233.25,0,250,N/A
ESH20,1/3/2020 0:45,3232.75,3233.25,3232.5,3233.25,0.75,204,N/A
ESH20,1/3/2020 0:44,3232.5,3232.75,3232.5,3232.5,-0.25,31,N/A
ESH20,1/3/2020 0:43,3232.75,3232.75,3232.75,3232.75,0,173,N/A
ESH20,1/3/2020 0:42,3232.5,3232.75,3232.25,3232.75,0,107,N/A
ESH20,1/3/2020 0:41,3233,3233,3232.5,3232.75,-0.5,142,N/A
ESH20,1/3/2020 0:40,3233,3233.25,3233,3233.25,0.25,59,N/A
ESH20,1/3/2020 0:39,3232.5,3233.25,3232.5,3233,0.25,155,N/A
ESH20,1/3/2020 0:38,3232.25,3232.75,3232.25,3232.75,0.75,305,N/A
ESH20,1/3/2020 0:37,3232.5,3232.5,3231.75,3232,-0.25,281,N/A
ESH20,1/3/2020 0:36,3232.5,3232.75,3232.25,3232.25,-0.25,88,N/A
ESH20,1/3/2020 0:35,3232.25,3232.75,3232.25,3232.5,0.25,135,N/A
ESH20,1/3/2020 0:34,3232.25,3232.5,3232,3232.25,0,85,N/A
ESH20,1/3/2020 0:33,3232,3232.5,3232,3232.25,0.25,58,N/A
ESH20,1/3/2020 0:32,3232,3232.5,3232,3232,0,116,N/A
ESH20,1/3/2020 0:31,3232,3232,3231.75,3232,0.25,197,N/A
ESH20,1/3/2020 0:30,3231.75,3232.25,3231.75,3231.75,0,128,N/A
ESH20,1/3/2020 0:29,3232,3232,3231.75,3231.75,0,158,N/A
ESH20,1/3/2020 0:28,3231.5,3231.75,3231.5,3231.75,0,111,N/A
ESH20,1/3/2020 0:27,3231.5,3232,3231.5,3231.75,0.25,225,N/A
ESH20,1/3/2020 0:26,3231.75,3232,3231.5,3231.5,-0.25,107,N/A
ESH20,1/3/2020 0:25,3232,3232.25,3231.75,3231.75,-0.5,82,N/A
ESH20,1/3/2020 0:24,3232,3232.25,3231.25,3232.25,0.25,301,N/A
ESH20,1/3/2020 0:23,3232.5,3232.5,3232,3232,-0.5,63,N/A
ESH20,1/3/2020 0:22,3232.25,3232.5,3232,3232.5,0.25,290,N/A
ESH20,1/3/2020 0:21,3232.5,3232.5,3232.25,3232.25,0,245,N/A
ESH20,1/3/2020 0:20,3231.75,3232.25,3231.75,3232.25,0.5,154,N/A
ESH20,1/3/2020 0:19,3231.25,3232,3231,3231.75,0.25,99,N/A
ESH20,1/3/2020 0:18,3232,3232,3231.5,3231.5,-0.25,155,N/A
ESH20,1/3/2020 0:17,3231.5,3231.75,3231.5,3231.75,0.25,82,N/A
ESH20,1/3/2020 0:16,3231,3231.5,3231,3231.5,0.25,113,N/A
ESH20,1/3/2020 0:15,3232,3232,3231.25,3231.25,-0.75,106,N/A
ESH20,1/3/2020 0:14,3232,3232.25,3231.75,3232,0,122,N/A
ESH20,1/3/2020 0:13,3232,3232.25,3231.75,3232,0,74,N/A
ESH20,1/3/2020 0:12,3231.25,3232.25,3231.25,3232,0.75,397,N/A
ESH20,1/3/2020 0:11,3231.5,3231.5,3231.25,3231.25,-0.25,262,N/A
ESH20,1/3/2020 0:10,3232,3232,3231.5,3231.5,-0.75,99,N/A
ESH20,1/3/2020 0:09,3232.25,3232.5,3232,3232.25,0,89,N/A
ESH20,1/3/2020 0:08,3231.75,3232.25,3231.75,3232.25,0.5,57,N/A
ESH20,1/3/2020 0:07,3232,3232.25,3231.75,3231.75,0,169,N/A
ESH20,1/3/2020 0:06,3231.75,3232,3231.5,3231.75,0,159,N/A
ESH20,1/3/2020 0:05,3232,3232,3231.5,3231.75,-0.5,267,N/A
ESH20,1/3/2020 0:04,3232.5,3232.75,3232.25,3232.25,-0.25,70,N/A
ESH20,1/3/2020 0:03,3232.25,3232.75,3232.25,3232.5,0.25,144,N/A
ESH20,1/3/2020 0:02,3232.75,3233,3232,3232.25,-0.75,649,N/A
ESH20,1/3/2020 0:01,3233,3233,3232.5,3233,-0.25,361,N/A
ESH20,1/3/2020 0:00,3233.25,3233.5,3233,3233.25,0.25,122,N/A
ESH20,1/2/2020 23:59,3233.75,3233.75,3232.5,3233,-0.75,316,N/A
ESH20,1/2/2020 23:58,3233.75,3234.25,3233.75,3233.75,0,92,N/A
ESH20,1/2/2020 23:57,3233.5,3233.75,3233.25,3233.75,0.25,192,N/A
ESH20,1/2/2020 23:56,3233.75,3233.75,3233,3233.5,-0.25,252,N/A
ESH20,1/2/2020 23:55,3234,3234,3233.5,3233.75,-0.25,104,N/A
ESH20,1/2/2020 23:54,3234.25,3234.25,3234,3234,0,122,N/A
ESH20,1/2/2020 23:53,3234.25,3234.25,3233.75,3234,-0.25,109,N/A
ESH20,1/2/2020 23:52,3234.25,3234.5,3234.25,3234.25,0,80,N/A
ESH20,1/2/2020 23:51,3234.25,3234.75,3234,3234.25,0,169,N/A
ESH20,1/2/2020 23:50,3234.75,3234.75,3234,3234.25,-0.5,99,N/A
ESH20,1/2/2020 23:49,3234.75,3234.75,3234.5,3234.75,-0.25,47,N/A
ESH20,1/2/2020 23:48,3234.75,3235.25,3234.5,3235,0.25,166,N/A
ESH20,1/2/2020 23:47,3234.5,3234.75,3234.5,3234.75,0,161,N/A
ESH20,1/2/2020 23:46,3234.75,3235,3234.5,3234.75,-0.25,101,N/A
ESH20,1/2/2020 23:45,3233.75,3235,3233.75,3235,1.5,342,N/A
ESH20,1/2/2020 23:44,3234.25,3234.5,3233.5,3233.5,-0.75,154,N/A
ESH20,1/2/2020 23:43,3235.25,3235.25,3234,3234.25,-1,147,N/A
ESH20,1/2/2020 23:42,3235,3235.5,3235,3235.25,0,162,N/A
ESH20,1/2/2020 23:41,3235.5,3235.5,3235,3235.25,-0.25,208,N/A
ESH20,1/2/2020 23:40,3235.75,3235.75,3235.5,3235.5,0,125,N/A
ESH20,1/2/2020 23:39,3235,3235.75,3235,3235.5,0.25,103,N/A
ESH20,1/2/2020 23:38,3235.5,3235.5,3235,3235.25,0,97,N/A
ESH20,1/2/2020 23:37,3236,3236,3235.25,3235.25,-0.75,188,N/A
ESH20,1/2/2020 23:36,3236,3236,3235.5,3236,0,169,N/A
ESH20,1/2/2020 23:35,3236,3236.25,3235.75,3236,0.25,111,N/A
ESH20,1/2/2020 23:34,3235.5,3236,3235.25,3235.75,0.25,243,N/A
ESH20,1/2/2020 23:33,3235.25,3235.75,3235,3235.5,0.25,296,N/A
ESH20,1/2/2020 23:32,3234.5,3235.25,3234.25,3235.25,0.75,187,N/A
ESH20,1/2/2020 23:31,3235,3235.25,3234.25,3234.5,-0.5,231,N/A
ESH20,1/2/2020 23:30,3234.75,3235.25,3234.75,3235,0.5,302,N/A
ESH20,1/2/2020 23:29,3234.5,3234.75,3234.25,3234.5,0,126,N/A
ESH20,1/2/2020 23:28,3234.75,3234.75,3234.25,3234.5,-0.25,185,N/A
ESH20,1/2/2020 23:27,3234.5,3235,3234.25,3234.75,0.25,162,N/A
ESH20,1/2/2020 23:26,3234.5,3234.75,3234.25,3234.5,0,251,N/A
ESH20,1/2/2020 23:25,3233.5,3234.5,3233.5,3234.5,1,306,N/A
ESH20,1/2/2020 23:24,3233.5,3233.75,3233.5,3233.5,0,53,N/A
ESH20,1/2/2020 23:23,3233.75,3233.75,3233.5,3233.5,-0.25,60,N/A
ESH20,1/2/2020 23:22,3233.5,3234.25,3233.25,3233.75,0.25,301,N/A
ESH20,1/2/2020 23:21,3233,3233.75,3232.75,3233.5,0.75,234,N/A
ESH20,1/2/2020 23:20,3233,3233,3232.5,3232.75,0,110,N/A
ESH20,1/2/2020 23:19,3232,3232.75,3232,3232.75,0.5,162,N/A
ESH20,1/2/2020 23:18,3232.5,3232.75,3232.25,3232.25,0,150,N/A
ESH20,1/2/2020 23:17,3231.75,3232.75,3231.5,3232.25,0.5,413,N/A
ESH20,1/2/2020 23:16,3232.25,3232.75,3231.5,3231.75,-0.75,329,N/A
ESH20,1/2/2020 23:15,3232.75,3233,3232.25,3232.5,-0.25,228,N/A
ESH20,1/2/2020 23:14,3232.5,3233,3232,3232.75,0.5,550,N/A
ESH20,1/2/2020 23:13,3233.5,3233.75,3232.25,3232.25,-1.25,480,N/A
ESH20,1/2/2020 23:12,3232,3233.75,3232,3233.5,1.25,498,N/A
ESH20,1/2/2020 23:11,3231.25,3232.75,3231.25,3232.25,1,1027,N/A
ESH20,1/2/2020 23:10,3234.75,3235,3230.5,3231.25,-3.5,1499,N/A
ESH20,1/2/2020 23:09,3234.75,3235.5,3234.5,3234.75,0,278,N/A
ESH20,1/2/2020 23:08,3235.5,3236,3234.75,3234.75,-0.5,441,N/A
ESH20,1/2/2020 23:07,3235.75,3236,3235.25,3235.25,-0.25,185,N/A
ESH20,1/2/2020 23:06,3235.5,3236,3235.25,3235.5,0.25,108,N/A
ESH20,1/2/2020 23:05,3236,3236,3235.25,3235.25,-0.75,245,N/A
ESH20,1/2/2020 23:04,3235.75,3236,3235.75,3236,0.25,102,N/A
ESH20,1/2/2020 23:03,3236,3236,3235.75,3235.75,-0.25,192,N/A
ESH20,1/2/2020 23:02,3237,3237,3235.75,3236,-1.25,460,N/A
ESH20,1/2/2020 23:01,3237.5,3238.25,3237.25,3237.25,-0.25,222,N/A
ESH20,1/2/2020 23:00,3237,3237.5,3237,3237.5,0.75,236,N/A
ESH20,1/2/2020 22:59,3237.25,3237.75,3236.75,3236.75,-0.5,273,N/A
ESH20,1/2/2020 22:58,3237,3237.5,3237,3237.25,0.25,37,N/A
ESH20,1/2/2020 22:57,3237,3237.25,3237,3237,-0.25,61,N/A
ESH20,1/2/2020 22:56,3236.5,3237.25,3236.5,3237.25,0.75,79,N/A
ESH20,1/2/2020 22:55,3236.75,3237,3236.5,3236.5,-0.5,76,N/A
ESH20,1/2/2020 22:54,3237.5,3237.5,3236.75,3237,-0.5,172,N/A
ESH20,1/2/2020 22:53,3236.75,3237.5,3236.75,3237.5,0.75,254,N/A
ESH20,1/2/2020 22:52,3237.75,3237.75,3236.5,3236.75,-1,508,N/A
ESH20,1/2/2020 22:51,3238,3238,3237.75,3237.75,-0.5,126,N/A
ESH20,1/2/2020 22:50,3238.5,3238.5,3238.25,3238.25,-0.25,50,N/A
ESH20,1/2/2020 22:49,3238.75,3239,3238.5,3238.5,-0.25,50,N/A
ESH20,1/2/2020 22:48,3238.5,3239,3238.5,3238.75,0,96,N/A
ESH20,1/2/2020 22:47,3238.5,3238.75,3238.25,3238.75,0,97,N/A
ESH20,1/2/2020 22:46,3238.75,3239,3238.5,3238.75,0.25,198,N/A
ESH20,1/2/2020 22:45,3239.25,3239.25,3238.5,3238.5,-0.75,186,N/A
ESH20,1/2/2020 22:44,3238.75,3239.25,3238.75,3239.25,0.5,75,N/A
ESH20,1/2/2020 22:43,3239.25,3239.5,3238.75,3238.75,-0.5,179,N/A
ESH20,1/2/2020 22:42,3239.5,3240,3239,3239.25,-0.5,198,N/A
ESH20,1/2/2020 22:41,3240,3240,3239.5,3239.75,0,339,N/A
ESH20,1/2/2020 22:40,3239.5,3240,3239.25,3239.75,0.25,565,N/A
ESH20,1/2/2020 22:39,3239.25,3239.5,3239,3239.5,0,127,N/A
ESH20,1/2/2020 22:38,3238.75,3239.5,3238.75,3239.5,0.75,197,N/A
ESH20,1/2/2020 22:37,3238.75,3239,3238.75,3238.75,0,169,N/A
ESH20,1/2/2020 22:36,3238.5,3239,3238.5,3238.75,0,140,N/A
ESH20,1/2/2020 22:35,3238.5,3239,3238.5,3238.75,0.25,210,N/A
ESH20,1/2/2020 22:34,3238.75,3238.75,3238.5,3238.5,-0.25,77,N/A
ESH20,1/2/2020 22:33,3238.25,3238.75,3238.25,3238.75,0.5,116,N/A
ESH20,1/2/2020 22:32,3238.25,3238.5,3238.25,3238.25,-0.25,129,N/A
ESH20,1/2/2020 22:31,3238,3238.5,3237.75,3238.5,0.25,233,N/A
ESH20,1/2/2020 22:30,3237,3238.25,3237,3238.25,1.25,378,N/A
ESH20,1/2/2020 22:29,3237,3237.5,3237,3237,0,149,N/A
ESH20,1/2/2020 22:28,3237,3237.25,3237,3237,-0.25,84,N/A
ESH20,1/2/2020 22:27,3236.5,3237.5,3236.5,3237.25,1,363,N/A
ESH20,1/2/2020 22:26,3236.5,3236.5,3236.25,3236.25,0,80,N/A
ESH20,1/2/2020 22:25,3237.25,3237.25,3236.25,3236.25,-0.75,250,N/A
ESH20,1/2/2020 22:24,3237,3237.25,3236.75,3237,0,116,N/A
ESH20,1/2/2020 22:23,3236.5,3237,3236.5,3237,0.25,104,N/A
ESH20,1/2/2020 22:22,3236.25,3237,3236.25,3236.75,0.5,264,N/A
ESH20,1/2/2020 22:21,3236.25,3236.5,3236,3236.25,0,232,N/A
ESH20,1/2/2020 22:20,3236.25,3236.5,3236,3236.25,0.25,125,N/A
ESH20,1/2/2020 22:19,3235.5,3236.25,3235.25,3236,0.75,220,N/A
ESH20,1/2/2020 22:18,3235,3235.5,3235,3235.25,0.25,271,N/A
ESH20,1/2/2020 22:17,3234.5,3235,3234.25,3235,0.5,169,N/A
ESH20,1/2/2020 22:16,3236,3236,3233.75,3234.5,-1.25,1057,N/A
ESH20,1/2/2020 22:15,3236.75,3236.75,3235.75,3235.75,-0.75,170,N/A
ESH20,1/2/2020 22:14,3237,3237,3236.5,3236.5,-0.25,174,N/A
ESH20,1/2/2020 22:13,3236.25,3237.25,3236,3236.75,0.5,288,N/A
ESH20,1/2/2020 22:12,3237,3237,3235.75,3236.25,-0.75,338,N/A
ESH20,1/2/2020 22:11,3237.25,3237.25,3236.75,3237,-0.25,175,N/A
ESH20,1/2/2020 22:10,3237.5,3237.5,3237,3237.25,-0.25,141,N/A
ESH20,1/2/2020 22:09,3237.75,3237.75,3237.25,3237.5,0,113,N/A
ESH20,1/2/2020 22:08,3237.25,3237.75,3237,3237.5,0.25,174,N/A
ESH20,1/2/2020 22:07,3236.75,3237.5,3236.75,3237.25,0.25,163,N/A
ESH20,1/2/2020 22:06,3236.25,3237,3236.25,3237,0.75,188,N/A
ESH20,1/2/2020 22:05,3236.75,3237.25,3236,3236.25,-0.75,301,N/A
ESH20,1/2/2020 22:04,3237,3237,3236.75,3237,0,264,N/A
ESH20,1/2/2020 22:03,3236.5,3237,3236.25,3237,0.75,163,N/A
ESH20,1/2/2020 22:02,3236.75,3237,3236.25,3236.25,-0.5,285,N/A
ESH20,1/2/2020 22:01,3236.5,3237.75,3236.5,3236.75,0,756,N/A
ESH20,1/2/2020 22:00,3235,3237,3235,3236.75,1.75,1271,N/A
ESH20,1/2/2020 21:59,3234.5,3235,3234.5,3235,0.75,143,N/A
ESH20,1/2/2020 21:58,3234.75,3234.75,3234.25,3234.25,-0.5,118,N/A
ESH20,1/2/2020 21:57,3234.75,3235,3234.5,3234.75,0,110,N/A
ESH20,1/2/2020 21:56,3234.75,3234.75,3234.5,3234.75,0,196,N/A
ESH20,1/2/2020 21:55,3234.75,3235,3234.5,3234.75,0,96,N/A
ESH20,1/2/2020 21:54,3234.75,3235,3234.5,3234.75,0.25,225,N/A
ESH20,1/2/2020 21:53,3234.75,3234.75,3234.25,3234.5,-0.25,152,N/A
ESH20,1/2/2020 21:52,3234.75,3234.75,3234.5,3234.75,0,164,N/A
ESH20,1/2/2020 21:51,3234.5,3235,3234.5,3234.75,0.5,177,N/A
ESH20,1/2/2020 21:50,3235,3235.25,3234.25,3234.25,-1,354,N/A
ESH20,1/2/2020 21:49,3235,3235.25,3234.75,3235.25,0.5,836,N/A
ESH20,1/2/2020 21:48,3234.25,3234.75,3234,3234.75,0.75,436,N/A
ESH20,1/2/2020 21:47,3234.25,3234.5,3234,3234,-0.25,185,N/A
ESH20,1/2/2020 21:46,3233.75,3234.25,3233.75,3234.25,0.5,474,N/A
ESH20,1/2/2020 21:45,3233,3233.75,3233,3233.75,0.5,265,N/A
ESH20,1/2/2020 21:44,3232.75,3233.25,3232.25,3233.25,0.5,272,N/A
ESH20,1/2/2020 21:43,3232.5,3232.75,3232.5,3232.75,0.25,159,N/A
ESH20,1/2/2020 21:42,3233.25,3233.5,3232.25,3232.5,-1,341,N/A
ESH20,1/2/2020 21:41,3233.5,3233.5,3233.25,3233.5,0,257,N/A
ESH20,1/2/2020 21:40,3234,3234,3233.5,3233.5,-0.25,296,N/A
ESH20,1/2/2020 21:39,3234,3234,3233.75,3233.75,-0.25,79,N/A
ESH20,1/2/2020 21:38,3234,3234.5,3233.75,3234,-0.25,226,N/A
ESH20,1/2/2020 21:37,3233.75,3234.5,3233.75,3234.25,0.25,312,N/A
ESH20,1/2/2020 21:36,3233.5,3234,3233.5,3234,0.5,172,N/A
ESH20,1/2/2020 21:35,3234,3234.25,3233.5,3233.5,-0.75,227,N/A
ESH20,1/2/2020 21:34,3234,3234.25,3233.75,3234.25,0.25,333,N/A
ESH20,1/2/2020 21:33,3234.25,3234.25,3233.75,3234,-0.25,150,N/A
ESH20,1/2/2020 21:32,3234.75,3234.75,3234,3234.25,-0.5,617,N/A
ESH20,1/2/2020 21:31,3234.25,3234.75,3234,3234.75,0.5,478,N/A
ESH20,1/2/2020 21:30,3233.25,3234.5,3233,3234.25,1,709,N/A
ESH20,1/2/2020 21:29,3232.5,3233.25,3232.5,3233.25,0.75,203,N/A
ESH20,1/2/2020 21:28,3233.25,3233.75,3232.5,3232.5,-0.5,466,N/A
ESH20,1/2/2020 21:27,3232.25,3233.5,3232,3233,0.75,739,N/A
ESH20,1/2/2020 21:26,3233,3233,3232.25,3232.25,-0.75,298,N/A
ESH20,1/2/2020 21:25,3233.5,3233.5,3232.75,3233,-0.5,260,N/A
ESH20,1/2/2020 21:24,3233,3233.5,3233,3233.5,0.5,351,N/A
ESH20,1/2/2020 21:23,3233.25,3233.5,3232.5,3233,0,412,N/A
ESH20,1/2/2020 21:22,3231.75,3233.25,3231.5,3233,1.25,578,N/A
ESH20,1/2/2020 21:21,3233.25,3233.5,3231,3231.75,-1.75,1529,N/A
ESH20,1/2/2020 21:20,3233.25,3233.5,3233,3233.5,0.5,620,N/A
ESH20,1/2/2020 21:19,3232.25,3233.25,3232,3233,0.75,1106,N/A
ESH20,1/2/2020 21:18,3231.75,3233.25,3231.75,3232.25,0.5,1366,N/A
ESH20,1/2/2020 21:17,3234.5,3235,3231.5,3231.75,-2.75,2852,N/A
ESH20,1/2/2020 21:16,3236,3236.25,3234.25,3234.5,-1.75,1501,N/A
ESH20,1/2/2020 21:15,3237.75,3238,3235.5,3236.25,-1.25,1400,N/A
ESH20,1/2/2020 21:14,3237.75,3238,3237.5,3237.5,0,327,N/A
ESH20,1/2/2020 21:13,3239.25,3239.25,3237,3237.5,-2,1524,N/A
ESH20,1/2/2020 21:12,3239.75,3239.75,3239.5,3239.5,-0.25,332,N/A
ESH20,1/2/2020 21:11,3240.25,3240.25,3239.5,3239.75,-0.5,567,N/A
ESH20,1/2/2020 21:10,3240.25,3240.5,3240,3240.25,0,602,N/A
ESH20,1/2/2020 21:09,3239.75,3240.25,3239.5,3240.25,0.5,443,N/A
ESH20,1/2/2020 21:08,3239.75,3239.75,3239.5,3239.75,0,83,N/A
ESH20,1/2/2020 21:07,3239.75,3240,3239.25,3239.75,0,905,N/A
ESH20,1/2/2020 21:06,3239,3239.75,3239,3239.75,0.75,493,N/A
ESH20,1/2/2020 21:05,3238.75,3239,3238.75,3239,0.25,662,N/A
ESH20,1/2/2020 21:04,3238.75,3238.75,3238.5,3238.75,0,247,N/A
ESH20,1/2/2020 21:03,3239.5,3239.5,3238.75,3238.75,-0.75,297,N/A
ESH20,1/2/2020 21:02,3239.25,3239.75,3239,3239.5,0,638,N/A
ESH20,1/2/2020 21:01,3239,3239.5,3239,3239.5,0.5,258,N/A
ESH20,1/2/2020 21:00,3238.5,3239.25,3237.75,3239,0.5,669,N/A
ESH20,1/2/2020 20:59,3239.5,3239.75,3238.5,3238.5,-1,770,N/A
ESH20,1/2/2020 20:58,3239.25,3239.75,3239.25,3239.5,0.5,348,N/A
ESH20,1/2/2020 20:57,3239.25,3239.5,3238.75,3239,-0.25,574,N/A
ESH20,1/2/2020 20:56,3238.25,3239.25,3238.25,3239.25,1,384,N/A
ESH20,1/2/2020 20:55,3238.75,3239,3238.25,3238.25,-0.25,599,N/A
ESH20,1/2/2020 20:54,3238.75,3239,3238.5,3238.5,0,363,N/A
ESH20,1/2/2020 20:53,3238.25,3238.75,3238,3238.5,0.25,417,N/A
ESH20,1/2/2020 20:52,3237.5,3238.5,3237.5,3238.25,0.5,387,N/A
ESH20,1/2/2020 20:51,3238.75,3239,3236.75,3237.75,-0.75,828,N/A
ESH20,1/2/2020 20:50,3237.5,3239,3237.25,3238.5,1,1127,N/A
ESH20,1/2/2020 20:49,3236.75,3237.5,3236,3237.5,1,737,N/A
ESH20,1/2/2020 20:48,3235.75,3236.75,3235,3236.5,1,1034,N/A
ESH20,1/2/2020 20:47,3237,3237,3235.5,3235.5,-1.5,977,N/A
ESH20,1/2/2020 20:46,3236.25,3237.5,3236.25,3237,0.5,1130,N/A
ESH20,1/2/2020 20:45,3236.5,3237,3235.25,3236.5,0.25,958,N/A
ESH20,1/2/2020 20:44,3236.5,3237.5,3235.5,3236.25,-0.25,1578,N/A
ESH20,1/2/2020 20:43,3237.25,3237.5,3235.75,3236.5,-1,1625,N/A
ESH20,1/2/2020 20:42,3239.5,3240,3237.25,3237.5,-2,2145,N/A
ESH20,1/2/2020 20:41,3239.75,3240,3239,3239.5,-0.25,558,N/A
ESH20,1/2/2020 20:40,3240,3241,3239.25,3239.75,-0.25,1383,N/A
ESH20,1/2/2020 20:39,3241.75,3242.25,3239.75,3240,-1.75,1481,N/A
ESH20,1/2/2020 20:38,3242,3242.25,3241,3241.75,-0.5,636,N/A
ESH20,1/2/2020 20:37,3242.75,3243,3241.75,3242.25,-0.25,662,N/A
ESH20,1/2/2020 20:36,3241.75,3243,3238.75,3242.5,1,5156,N/A
ESH20,1/2/2020 20:35,3244.25,3244.25,3241.25,3241.5,-2.75,2139,N/A
ESH20,1/2/2020 20:34,3243,3244.5,3242.75,3244.25,1.25,1052,N/A
ESH20,1/2/2020 20:33,3242,3243,3242,3243,1,558,N/A
ESH20,1/2/2020 20:32,3241.75,3242.5,3241.25,3242,0.25,542,N/A
ESH20,1/2/2020 20:31,3242.75,3243,3241.25,3241.75,-0.75,1351,N/A
ESH20,1/2/2020 20:30,3243,3243.75,3242.5,3242.5,-0.75,1021,N/A
ESH20,1/2/2020 20:29,3244,3244,3242,3243.25,-0.75,1210,N/A
ESH20,1/2/2020 20:28,3241.5,3244.25,3241.25,3244,2.75,2585,N/A
ESH20,1/2/2020 20:27,3242,3243,3240.25,3241.25,-0.75,3415,N/A
ESH20,1/2/2020 20:26,3245.5,3245.5,3241.25,3242,-3.25,3567,N/A
ESH20,1/2/2020 20:25,3245.75,3246,3245,3245.25,-0.5,1176,N/A
ESH20,1/2/2020 20:24,3245.75,3246.25,3245.5,3245.75,-0.25,736,N/A
ESH20,1/2/2020 20:23,3246.75,3246.75,3245.5,3246,-0.5,1296,N/A
ESH20,1/2/2020 20:22,3245.75,3246.75,3245.75,3246.5,0.75,607,N/A
ESH20,1/2/2020 20:21,3246.5,3247.5,3245.75,3245.75,-0.75,1280,N/A
ESH20,1/2/2020 20:20,3247,3247.25,3246,3246.5,-0.75,826,N/A
ESH20,1/2/2020 20:19,3248.25,3248.5,3247,3247.25,-0.75,719,N/A
ESH20,1/2/2020 20:18,3249,3249.25,3248,3248,-1,375,N/A
ESH20,1/2/2020 20:17,3248.25,3249,3248.25,3249,0.75,586,N/A
ESH20,1/2/2020 20:16,3246.75,3248.5,3246,3248.25,1.5,2133,N/A
ESH20,1/2/2020 20:15,3248.75,3248.75,3246.5,3246.75,-2,1747,N/A
ESH20,1/2/2020 20:14,3250,3250,3248.25,3248.75,-1,1776,N/A
ESH20,1/2/2020 20:13,3252,3252.25,3249.75,3249.75,-2.5,1730,N/A
ESH20,1/2/2020 20:12,3251.75,3252.5,3251.5,3252.25,0.75,602,N/A
ESH20,1/2/2020 20:11,3252.5,3252.5,3251.5,3251.5,-0.75,714,N/A
ESH20,1/2/2020 20:10,3252.25,3252.5,3251.75,3252.25,0,483,N/A
ESH20,1/2/2020 20:09,3252.5,3253,3251.75,3252.25,-0.5,727,N/A
ESH20,1/2/2020 20:08,3252,3253,3252,3252.75,0.75,691,N/A
ESH20,1/2/2020 20:07,3252.25,3253.5,3251.75,3252,-0.25,1366,N/A
ESH20,1/2/2020 20:06,3254.25,3254.25,3252.25,3252.25,-1.75,789,N/A
ESH20,1/2/2020 20:05,3254.25,3254.5,3254,3254,0,311,N/A
ESH20,1/2/2020 20:04,3254.25,3254.25,3253.75,3254,-0.25,611,N/A
ESH20,1/2/2020 20:03,3254,3254.5,3254,3254.25,0,233,N/A
ESH20,1/2/2020 20:02,3254,3254.25,3253.75,3254.25,0.25,217,N/A
ESH20,1/2/2020 20:01,3254,3254.25,3253.75,3254,0,500,N/A
ESH20,1/2/2020 20:00,3253.25,3254,3253.25,3254,0.75,478,N/A
ESH20,1/2/2020 19:59,3252.5,3253.5,3252.5,3253.25,0.75,418,N/A
ESH20,1/2/2020 19:58,3253.75,3253.75,3252.25,3252.5,-1,535,N/A
ESH20,1/2/2020 19:57,3253.75,3254.5,3253.5,3253.5,-0.25,604,N/A
ESH20,1/2/2020 19:56,3253.5,3253.75,3252.5,3253.75,0.25,605,N/A
ESH20,1/2/2020 19:55,3252.5,3253.75,3252.5,3253.5,1,549,N/A
ESH20,1/2/2020 19:54,3254.25,3254.25,3252.25,3252.5,-1.75,1679,N/A
ESH20,1/2/2020 19:53,3254.75,3255,3254,3254.25,-0.75,532,N/A
ESH20,1/2/2020 19:52,3254.75,3255.25,3254.5,3255,0.25,458,N/A
ESH20,1/2/2020 19:51,3255.5,3255.75,3254.5,3254.75,-1,1096,N/A
ESH20,1/2/2020 19:50,3256.75,3257,3255.75,3255.75,-0.75,561,N/A
ESH20,1/2/2020 19:49,3256.5,3257,3256,3256.5,0,749,N/A
ESH20,1/2/2020 19:48,3257,3257,3256.25,3256.5,-0.25,902,N/A
ESH20,1/2/2020 19:47,3256.25,3257,3256.25,3256.75,0.5,206,N/A
ESH20,1/2/2020 19:46,3256.5,3256.75,3256.25,3256.25,-0.25,205,N/A
ESH20,1/2/2020 19:45,3256.75,3257,3256.5,3256.5,0,720,N/A
ESH20,1/2/2020 19:44,3257.75,3257.75,3256.5,3256.5,-1.25,469,N/A
ESH20,1/2/2020 19:43,3257.75,3258,3257.25,3257.75,0,557,N/A
ESH20,1/2/2020 19:42,3258.25,3258.25,3257.75,3257.75,-0.75,419,N/A
ESH20,1/2/2020 19:41,3259.25,3259.25,3257.75,3258.5,-0.75,1186,N/A
ESH20,1/2/2020 19:40,3259.75,3259.75,3259.25,3259.25,-0.75,376,N/A
ESH20,1/2/2020 19:39,3259.75,3260,3259.75,3260,0.5,102,N/A
ESH20,1/2/2020 19:38,3260,3260.25,3259.5,3259.5,-0.25,302,N/A
ESH20,1/2/2020 19:37,3260.25,3260.25,3259.5,3259.75,-0.5,646,N/A
ESH20,1/2/2020 19:36,3260.75,3260.75,3260.25,3260.25,-0.5,224,N/A
ESH20,1/2/2020 19:35,3260.75,3261,3260.75,3260.75,-0.25,102,N/A
ESH20,1/2/2020 19:34,3261,3261.25,3260.75,3261,0.25,126,N/A
ESH20,1/2/2020 19:33,3261,3261.25,3260.75,3260.75,-0.5,297,N/A
ESH20,1/2/2020 19:32,3261,3261.25,3260.75,3261.25,0.25,106,N/A
ESH20,1/2/2020 19:31,3261,3261.5,3261,3261,0,145,N/A
ESH20,1/2/2020 19:30,3261,3261.25,3260.75,3261,-0.25,197,N/A
ESH20,1/2/2020 19:29,3261.5,3261.5,3261.25,3261.25,-0.5,120,N/A
ESH20,1/2/2020 19:28,3261.75,3261.75,3261.5,3261.75,0,7,N/A
ESH20,1/2/2020 19:27,3261.75,3261.75,3261.5,3261.75,0,16,N/A
ESH20,1/2/2020 19:26,3261.5,3262,3261.5,3261.75,0,160,N/A
ESH20,1/2/2020 19:25,3261.5,3261.75,3261.5,3261.75,0,36,N/A
ESH20,1/2/2020 19:24,3262,3262,3261.75,3261.75,-0.25,58,N/A
ESH20,1/2/2020 19:23,3261.75,3262,3261.75,3262,0,29,N/A
ESH20,1/2/2020 19:22,3262,3262.25,3262,3262,0,33,N/A
ESH20,1/2/2020 19:21,3262,3262.25,3262,3262,0,46,N/A
ESH20,1/2/2020 19:20,3262,3262.25,3261.75,3262,0,27,N/A
ESH20,1/2/2020 19:19,3262.5,3262.5,3262,3262,-0.75,173,N/A
ESH20,1/2/2020 19:18,3262.25,3262.75,3262.25,3262.75,0.25,171,N/A
ESH20,1/2/2020 19:17,3262.25,3262.75,3262.25,3262.5,0.25,150,N/A
ESH20,1/2/2020 19:16,3261.75,3262.25,3261.75,3262.25,0.5,70,N/A
ESH20,1/2/2020 19:15,3262.25,3262.25,3261.75,3261.75,-0.5,147,N/A
ESH20,1/2/2020 19:14,3262.25,3262.5,3262.25,3262.25,0,37,N/A
ESH20,1/2/2020 19:13,3262.25,3262.25,3262,3262.25,0,17,N/A
ESH20,1/2/2020 19:12,3262.25,3262.5,3262,3262.25,0.25,49,N/A
ESH20,1/2/2020 19:11,3262.25,3262.25,3262,3262,-0.25,51,N/A
ESH20,1/2/2020 19:10,3262.5,3262.5,3262,3262.25,0,118,N/A
ESH20,1/2/2020 19:09,3262.25,3262.75,3262.25,3262.25,0,174,N/A
ESH20,1/2/2020 19:08,3262,3262.25,3261.75,3262.25,0.25,137,N/A
ESH20,1/2/2020 19:07,3261.75,3262,3261.75,3262,0.5,167,N/A
ESH20,1/2/2020 19:06,3261.75,3261.75,3261.5,3261.5,0,68,N/A
ESH20,1/2/2020 19:05,3261.75,3261.75,3261.5,3261.5,-0.25,48,N/A
ESH20,1/2/2020 19:04,3261.75,3261.75,3261.5,3261.75,0,41,N/A
ESH20,1/2/2020 19:03,3261.75,3261.75,3261.5,3261.75,0,83,N/A
ESH20,1/2/2020 19:02,3261.75,3262,3261.75,3261.75,0,61,N/A
ESH20,1/2/2020 19:01,3261.75,3261.75,3261.75,3261.75,0,59,N/A
ESH20,1/2/2020 19:00,3261.25,3262,3261.25,3261.75,0.25,79,N/A
ESH20,1/2/2020 18:59,3261.5,3261.5,3261.25,3261.5,0.25,92,N/A
ESH20,1/2/2020 18:58,3261.25,3261.25,3261.25,3261.25,0,8,N/A
ESH20,1/2/2020 18:57,3261.25,3261.5,3261,3261.25,0,105,N/A
ESH20,1/2/2020 18:56,3261.75,3261.75,3261,3261.25,-0.25,128,N/A
ESH20,1/2/2020 18:55,3261.75,3261.75,3261.25,3261.5,0,52,N/A
ESH20,1/2/2020 18:54,3261.75,3261.75,3261.5,3261.5,-0.25,18,N/A
ESH20,1/2/2020 18:53,3261.75,3261.75,3261.75,3261.75,0,25,N/A
ESH20,1/2/2020 18:52,3261.5,3261.75,3261.25,3261.75,0.25,42,N/A
ESH20,1/2/2020 18:51,3261.25,3261.75,3261.25,3261.5,0.25,21,N/A
ESH20,1/2/2020 18:50,3261.25,3261.5,3261.25,3261.25,0,88,N/A
ESH20,1/2/2020 18:49,3261.25,3261.25,3261.25,3261.25,-0.25,12,N/A
ESH20,1/2/2020 18:48,3261.5,3261.5,3261.5,3261.5,0,90,N/A
ESH20,1/2/2020 18:47,3261.25,3261.5,3261.25,3261.5,0,76,N/A
ESH20,1/2/2020 18:46,3261.5,3261.5,3261.5,3261.5,-0.25,40,N/A
ESH20,1/2/2020 18:45,3262,3262,3261.75,3261.75,-0.25,81,N/A
ESH20,1/2/2020 18:44,3261.75,3262,3261.75,3262,0.5,66,N/A
ESH20,1/2/2020 18:43,3261.25,3261.5,3261.25,3261.5,0.25,85,N/A
ESH20,1/2/2020 18:42,3260.75,3261.25,3260.75,3261.25,0.5,576,N/A
ESH20,1/2/2020 18:41,3260.5,3260.75,3260.5,3260.75,0.25,40,N/A
ESH20,1/2/2020 18:40,3260.75,3260.75,3260.5,3260.5,0,188,N/A
ESH20,1/2/2020 18:39,3260.75,3260.75,3260.5,3260.5,-0.5,183,N/A
ESH20,1/2/2020 18:38,3261,3261,3260.75,3261,0.25,46,N/A
ESH20,1/2/2020 18:37,3261.75,3261.75,3260.75,3260.75,-1,155,N/A
ESH20,1/2/2020 18:36,3261.75,3261.75,3261.5,3261.75,0,8,N/A
ESH20,1/2/2020 18:35,3261.75,3261.75,3261.5,3261.75,0,28,N/A
ESH20,1/2/2020 18:34,3261.75,3262,3261.75,3261.75,0,34,N/A
ESH20,1/2/2020 18:33,3262,3262,3261.75,3261.75,0,85,N/A
ESH20,1/2/2020 18:32,3261.5,3262,3261.5,3261.75,0,35,N/A
ESH20,1/2/2020 18:31,3261.25,3262,3261.25,3261.75,0.5,294,N/A
ESH20,1/2/2020 18:30,3261.5,3261.5,3261.25,3261.25,0,61,N/A
ESH20,1/2/2020 18:29,3261.25,3261.5,3261.25,3261.25,0,203,N/A
ESH20,1/2/2020 18:28,3262,3262,3261.25,3261.25,-0.5,36,N/A
ESH20,1/2/2020 18:27,3262,3262,3261.75,3261.75,0,41,N/A
ESH20,1/2/2020 18:26,3261.75,3262,3261.75,3261.75,0,25,N/A
ESH20,1/2/2020 18:25,3261.5,3261.75,3261.5,3261.75,0,126,N/A
ESH20,1/2/2020 18:24,3261.5,3261.75,3261.25,3261.75,0.5,44,N/A
ESH20,1/2/2020 18:23,3261.25,3261.25,3261,3261.25,0,48,N/A
ESH20,1/2/2020 18:22,3261.5,3261.5,3261.25,3261.25,-0.25,88,N/A
ESH20,1/2/2020 18:21,3261,3261.5,3261,3261.5,0.5,23,N/A
ESH20,1/2/2020 18:20,3261,3261.5,3261,3261,0.25,264,N/A
ESH20,1/2/2020 18:19,3261.5,3261.5,3260.75,3260.75,-0.5,194,N/A
ESH20,1/2/2020 18:18,3261.25,3261.5,3261.25,3261.25,0,5,N/A
ESH20,1/2/2020 18:17,3261.5,3261.5,3261.25,3261.25,-0.25,19,N/A
ESH20,1/2/2020 18:16,3261.75,3261.75,3261.5,3261.5,-0.25,114,N/A
ESH20,1/2/2020 18:15,3261.75,3262,3261.5,3261.75,0.25,97,N/A
ESH20,1/2/2020 18:14,3261.5,3261.5,3261.25,3261.5,0.25,107,N/A
ESH20,1/2/2020 18:13,3261.75,3262,3261.25,3261.25,-0.75,182,N/A
ESH20,1/2/2020 18:12,3262,3262,3261.75,3262,0,9,N/A
ESH20,1/2/2020 18:11,3262,3262,3261.75,3262,0,206,N/A
ESH20,1/2/2020 18:10,3262.25,3262.25,3262,3262,-0.25,8,N/A
ESH20,1/2/2020 18:09,3262,3262.25,3261.75,3262.25,0.25,69,N/A
ESH20,1/2/2020 18:08,3262.25,3262.5,3261.75,3262,-0.5,227,N/A
ESH20,1/2/2020 18:07,3262.75,3262.75,3262.25,3262.5,0,228,N/A
ESH20,1/2/2020 18:06,3261.75,3262.5,3261.75,3262.5,0.75,162,N/A
ESH20,1/2/2020 18:05,3261.5,3261.75,3261.25,3261.75,0.25,486,N/A
ESH20,1/2/2020 18:04,3261.75,3261.75,3261.5,3261.5,-0.25,102,N/A
ESH20,1/2/2020 18:03,3261.75,3261.75,3261.5,3261.75,0.25,124,N/A
ESH20,1/2/2020 18:02,3261.25,3261.5,3261.25,3261.5,0.25,86,N/A
ESH20,1/2/2020 18:01,3260.75,3261.25,3260.75,3261.25,0.5,135,N/A
ESH20,1/2/2020 18:00,3261,3261.25,3260.75,3260.75,-0.5,146,N/A
ESH20,1/2/2020 17:59,3261.25,3261.25,3261,3261.25,0.25,5,N/A
ESH20,1/2/2020 17:58,3261,3261.25,3261,3261,0,101,N/A
ESH20,1/2/2020 17:57,3261.25,3261.25,3260.75,3261,-0.25,335,N/A
ESH20,1/2/2020 17:56,3261.25,3261.25,3261.25,3261.25,0,12,N/A
ESH20,1/2/2020 17:55,3261.25,3261.5,3261.25,3261.25,-0.25,147,N/A
ESH20,1/2/2020 17:54,3261.5,3261.75,3261.5,3261.5,-0.25,119,N/A
ESH20,1/2/2020 17:53,3261.5,3261.75,3261.5,3261.75,0.25,47,N/A
ESH20,1/2/2020 17:52,3261.75,3261.75,3261.5,3261.5,-0.25,34,N/A
ESH20,1/2/2020 17:51,3261.75,3261.75,3261.5,3261.75,0.25,18,N/A
ESH20,1/2/2020 17:50,3261.75,3261.75,3261.5,3261.5,-0.25,27,N/A
ESH20,1/2/2020 17:49,3261.5,3261.75,3261.5,3261.75,0.25,71,N/A
ESH20,1/2/2020 17:48,3262,3262,3261.5,3261.5,-0.5,58,N/A
ESH20,1/2/2020 17:47,3261.75,3262,3261.75,3262,0.25,35,N/A
ESH20,1/2/2020 17:46,3261.75,3261.75,3261.5,3261.75,-0.25,168,N/A
ESH20,1/2/2020 17:45,3261.75,3262,3261.75,3262,0,116,N/A
ESH20,1/2/2020 17:44,3261.75,3262,3261.75,3262,0.25,11,N/A
ESH20,1/2/2020 17:43,3261.75,3261.75,3261.75,3261.75,0,26,N/A
ESH20,1/2/2020 17:42,3261.75,3262,3261.75,3261.75,-0.25,116,N/A
ESH20,1/2/2020 17:41,3262,3262.25,3262,3262,0,45,N/A
ESH20,1/2/2020 17:40,3262,3262.25,3262,3262,0,23,N/A
ESH20,1/2/2020 17:39,3262.25,3262.25,3262,3262,0,62,N/A
ESH20,1/2/2020 17:38,3262.25,3262.25,3262,3262,-0.25,102,N/A
ESH20,1/2/2020 17:37,3262.25,3262.25,3262.25,3262.25,0.25,49,N/A
ESH20,1/2/2020 17:36,3262,3262.25,3262,3262,-0.25,32,N/A
ESH20,1/2/2020 17:35,3262.25,3262.5,3262.25,3262.25,-0.25,64,N/A
ESH20,1/2/2020 17:34,3262.25,3262.5,3262.25,3262.5,0,18,N/A
ESH20,1/2/2020 17:33,3262.25,3262.5,3262.25,3262.5,0.25,21,N/A
ESH20,1/2/2020 17:32,3262.5,3262.5,3262.25,3262.25,-0.25,20,N/A
ESH20,1/2/2020 17:31,3262.75,3262.75,3262.5,3262.5,-0.25,84,N/A
ESH20,1/2/2020 17:30,3262.25,3263,3262.25,3262.75,0.25,133,N/A
ESH20,1/2/2020 17:29,3262.5,3262.5,3262.25,3262.5,0,52,N/A
ESH20,1/2/2020 17:28,3262.5,3262.75,3262.5,3262.5,0,9,N/A
ESH20,1/2/2020 17:27,3262.5,3262.75,3262.5,3262.5,0,9,N/A
ESH20,1/2/2020 17:26,3262.75,3262.75,3262.5,3262.5,-0.25,48,N/A
ESH20,1/2/2020 17:25,3262.5,3262.75,3262.5,3262.75,0.25,35,N/A
ESH20,1/2/2020 17:24,3262.5,3262.5,3262.25,3262.5,0,20,N/A
ESH20,1/2/2020 17:23,3262.75,3262.75,3262.5,3262.5,-0.25,68,N/A
ESH20,1/2/2020 17:22,3262,3263,3262,3262.75,0.5,164,N/A
ESH20,1/2/2020 17:21,3262,3262.5,3262,3262.25,0.25,169,N/A
ESH20,1/2/2020 17:20,3262.5,3262.5,3262,3262,-0.5,108,N/A
ESH20,1/2/2020 17:19,3262.75,3263,3262.25,3262.5,-0.25,256,N/A
ESH20,1/2/2020 17:18,3262.75,3263,3262.75,3262.75,-0.25,16,N/A
ESH20,1/2/2020 17:17,3262.5,3263,3262.5,3263,0.25,77,N/A
ESH20,1/2/2020 17:16,3263,3263,3262.75,3262.75,-0.25,96,N/A
ESH20,1/2/2020 17:15,3263,3263,3262.75,3263,0,108,N/A
ESH20,1/2/2020 17:14,3263.25,3263.25,3263,3263,-0.25,230,N/A
ESH20,1/2/2020 17:13,3263,3263.5,3263,3263.25,0,92,N/A
ESH20,1/2/2020 17:12,3263,3263.5,3262.75,3263.25,0.25,261,N/A
ESH20,1/2/2020 17:11,3263,3263,3262.75,3263,0,167,N/A
ESH20,1/2/2020 17:10,3262.75,3263,3262.5,3263,0.5,240,N/A
ESH20,1/2/2020 17:09,3262.5,3262.5,3262,3262.5,0,369,N/A
ESH20,1/2/2020 17:08,3262,3262.5,3262,3262.5,0.25,209,N/A
ESH20,1/2/2020 17:07,3261.75,3262.25,3261.75,3262.25,0.5,136,N/A
ESH20,1/2/2020 17:06,3261.75,3262,3261.75,3261.75,0,24,N/A
ESH20,1/2/2020 17:05,3261.75,3262,3261.5,3261.75,0.25,197,N/A
ESH20,1/2/2020 17:04,3261.5,3261.75,3261.25,3261.5,-0.25,289,N/A
ESH20,1/2/2020 17:03,3262,3262,3261.75,3261.75,-0.25,222,N/A
ESH20,1/2/2020 17:02,3262,3262,3261.75,3262,0,99,N/A
ESH20,1/2/2020 17:01,3262.25,3262.5,3261.5,3262,-0.25,337,N/A
ESH20,1/2/2020 17:00,3261,3262.75,3260.75,3262.25,0.75,1454,N/A
ESH20,1/2/2020 15:59,3261.25,3261.75,3261.25,3261.5,0.25,719,N/A
ESH20,1/2/2020 15:58,3261.25,3261.5,3261.25,3261.25,-0.25,113,N/A
ESH20,1/2/2020 15:57,3261.25,3261.5,3261,3261.5,0.25,225,N/A
ESH20,1/2/2020 15:56,3261.25,3261.25,3261,3261.25,0.25,106,N/A
ESH20,1/2/2020 15:55,3261,3261.5,3261,3261,0,353,N/A
ESH20,1/2/2020 15:54,3261.25,3261.25,3261,3261,-0.25,596,N/A
ESH20,1/2/2020 15:53,3261,3261.25,3261,3261.25,0,167,N/A
ESH20,1/2/2020 15:52,3260.75,3261.25,3260.75,3261.25,0.5,451,N/A
ESH20,1/2/2020 15:51,3260.75,3261,3260.75,3260.75,-0.25,110,N/A
ESH20,1/2/2020 15:50,3260.75,3261,3260.75,3261,0.5,286,N/A
ESH20,1/2/2020 15:49,3261,3261,3260.5,3260.5,-0.5,687,N/A
ESH20,1/2/2020 15:48,3261.25,3261.25,3261,3261,0,32,N/A
ESH20,1/2/2020 15:47,3260.75,3261.25,3260.75,3261,0.25,272,N/A
ESH20,1/2/2020 15:46,3261.25,3261.75,3260.75,3260.75,-0.5,807,N/A
ESH20,1/2/2020 15:45,3260.75,3261.25,3260.5,3261.25,0.5,953,N/A
ESH20,1/2/2020 15:44,3260.25,3260.75,3260.25,3260.75,0.5,414,N/A
ESH20,1/2/2020 15:43,3260.25,3260.5,3260,3260.25,0.25,321,N/A
ESH20,1/2/2020 15:42,3259.75,3260.25,3259.75,3260,0.25,203,N/A
ESH20,1/2/2020 15:41,3260,3260,3259.75,3259.75,-0.25,54,N/A
ESH20,1/2/2020 15:40,3259.5,3260,3259.5,3260,0.5,213,N/A
ESH20,1/2/2020 15:39,3259.5,3259.75,3259.5,3259.5,-0.25,137,N/A
ESH20,1/2/2020 15:38,3259.75,3259.75,3259.5,3259.75,0.25,103,N/A
ESH20,1/2/2020 15:37,3259.75,3260,3259.5,3259.5,-0.25,221,N/A
ESH20,1/2/2020 15:36,3259.75,3259.75,3259.5,3259.75,0,327,N/A
ESH20,1/2/2020 15:35,3259.25,3259.75,3259.25,3259.75,0.25,400,N/A
ESH20,1/2/2020 15:34,3259.5,3259.75,3259.5,3259.5,-0.25,150,N/A
ESH20,1/2/2020 15:33,3259.75,3260,3259.75,3259.75,0,592,N/A
ESH20,1/2/2020 15:32,3259.5,3259.75,3259.5,3259.75,0.25,390,N/A
ESH20,1/2/2020 15:31,3259.25,3259.75,3259.25,3259.5,0.5,462,N/A
ESH20,1/2/2020 15:30,3259.25,3259.25,3258.75,3259,-0.25,1591,N/A
ESH20,1/2/2020 15:14,3258.75,3259.75,3258.25,3259.25,0.5,6378,N/A
ESH20,1/2/2020 15:13,3258.5,3259,3258.5,3258.75,0,1391,N/A
ESH20,1/2/2020 15:12,3259,3259,3258.25,3258.75,0,1364,N/A
ESH20,1/2/2020 15:11,3259.25,3259.25,3258.75,3258.75,-0.75,1451,N/A
ESH20,1/2/2020 15:10,3259.5,3259.5,3258.75,3259.5,0.25,2691,N/A
ESH20,1/2/2020 15:09,3259.5,3259.5,3259,3259.25,-0.25,1949,N/A
ESH20,1/2/2020 15:08,3259,3259.5,3259,3259.5,0.5,1083,N/A
ESH20,1/2/2020 15:07,3259.25,3259.5,3258.75,3259,-0.25,2456,N/A
ESH20,1/2/2020 15:06,3259,3259.25,3258.75,3259.25,0.25,2078,N/A
ESH20,1/2/2020 15:05,3258.25,3259.5,3258,3259,1,4759,N/A
ESH20,1/2/2020 15:04,3258,3258.25,3257.75,3258,-0.25,2020,N/A
ESH20,1/2/2020 15:03,3258.5,3258.75,3257.75,3258.25,-0.25,3364,N/A
ESH20,1/2/2020 15:02,3258.75,3259,3258.25,3258.5,0,4049,N/A
ESH20,1/2/2020 15:01,3257.5,3258.75,3257.25,3258.5,1,7481,N/A
ESH20,1/2/2020 15:00,3258.5,3259,3257.25,3257.5,-1,29215,N/A
ESH20,1/2/2020 14:59,3256.75,3258.75,3255.5,3258.5,1.75,79561,N/A
ESH20,1/2/2020 14:58,3256.75,3257.25,3256.25,3256.75,0.25,12501,N/A
ESH20,1/2/2020 14:57,3256.75,3257,3255.5,3256.5,-0.25,10010,N/A
ESH20,1/2/2020 14:56,3256,3256.75,3255.75,3256.75,0.75,6602,N/A
ESH20,1/2/2020 14:55,3256.25,3256.75,3254.25,3256,0,13236,N/A
ESH20,1/2/2020 14:54,3254.5,3256.25,3254,3256,1.75,12204,N/A
ESH20,1/2/2020 14:53,3254.25,3254.5,3253.5,3254.25,0,7138,N/A
ESH20,1/2/2020 14:52,3253.5,3254.25,3253.25,3254.25,1,4892,N/A
ESH20,1/2/2020 14:51,3253.5,3253.5,3253,3253.25,0,3546,N/A
ESH20,1/2/2020 14:50,3251.75,3253.5,3251.75,3253.25,1.5,13185,N/A
ESH20,1/2/2020 14:49,3251.25,3251.75,3250.75,3251.75,0.75,2901,N/A
ESH20,1/2/2020 14:48,3251.75,3251.75,3251,3251,-0.75,2081,N/A
ESH20,1/2/2020 14:47,3251.25,3252,3251.25,3251.75,0.25,3105,N/A
ESH20,1/2/2020 14:46,3251,3251.75,3251,3251.5,0.5,2628,N/A
ESH20,1/2/2020 14:45,3251,3251.25,3250.25,3251,-0.25,3130,N/A
ESH20,1/2/2020 14:44,3250.75,3251.75,3250.5,3251.25,0.75,6009,N/A
ESH20,1/2/2020 14:43,3250.5,3251,3250.5,3250.5,-0.25,491,N/A
ESH20,1/2/2020 14:42,3250.75,3251,3250.5,3250.75,-0.25,826,N/A
ESH20,1/2/2020 14:41,3250.5,3251,3250.25,3251,0.25,1211,N/A
ESH20,1/2/2020 14:40,3250.5,3250.75,3250.25,3250.75,0.5,1633,N/A
ESH20,1/2/2020 14:39,3250.5,3250.75,3250.25,3250.25,-0.25,1632,N/A
ESH20,1/2/2020 14:38,3250.75,3251,3250.5,3250.5,0,1733,N/A
ESH20,1/2/2020 14:37,3250.25,3250.75,3250,3250.5,0.5,1229,N/A
ESH20,1/2/2020 14:36,3250.75,3251,3250,3250,-1,2112,N/A
ESH20,1/2/2020 14:35,3250.5,3251,3250.5,3251,0.5,1621,N/A
ESH20,1/2/2020 14:34,3250.25,3250.75,3250,3250.5,0.5,2988,N/A
ESH20,1/2/2020 14:33,3250,3250.5,3250,3250,-0.25,3092,N/A
ESH20,1/2/2020 14:32,3250,3250.5,3249.75,3250.25,0.5,3600,N/A
ESH20,1/2/2020 14:31,3249.5,3250.25,3249.25,3249.75,0.5,3395,N/A
ESH20,1/2/2020 14:30,3249.25,3249.75,3248.5,3249.25,0,3165,N/A
ESH20,1/2/2020 14:29,3249.25,3249.5,3249,3249.25,0,1184,N/A
ESH20,1/2/2020 14:28,3249.25,3249.5,3249,3249.25,0.25,1251,N/A
ESH20,1/2/2020 14:27,3249.25,3249.25,3248.75,3249,-0.25,1621,N/A
ESH20,1/2/2020 14:26,3249.25,3249.5,3249,3249.25,0,583,N/A
ESH20,1/2/2020 14:25,3249.25,3249.5,3248.75,3249.25,0,1238,N/A
ESH20,1/2/2020 14:24,3249.5,3249.5,3249,3249.25,-0.25,1972,N/A
ESH20,1/2/2020 14:23,3249.25,3249.5,3249.25,3249.5,0,887,N/A
ESH20,1/2/2020 14:22,3249.5,3249.75,3249.25,3249.5,0,1965,N/A
ESH20,1/2/2020 14:21,3248.75,3249.5,3248.75,3249.5,0.5,2404,N/A
ESH20,1/2/2020 14:20,3248.25,3249.25,3248.25,3249,0.75,2688,N/A
ESH20,1/2/2020 14:19,3249,3249,3248,3248.25,-0.5,3540,N/A
ESH20,1/2/2020 14:18,3249.5,3249.5,3248.75,3248.75,-0.75,1510,N/A
ESH20,1/2/2020 14:17,3249,3249.5,3249,3249.5,0.5,1707,N/A
ESH20,1/2/2020 14:16,3248.75,3249,3248.5,3249,0.25,1010,N/A
ESH20,1/2/2020 14:15,3249,3249,3248.5,3248.75,-0.25,1102,N/A
ESH20,1/2/2020 14:14,3249.25,3249.25,3248.75,3249,0,1065,N/A
ESH20,1/2/2020 14:13,3249.25,3249.5,3248.75,3249,-0.25,2274,N/A
ESH20,1/2/2020 14:12,3249,3249.25,3248.75,3249.25,0.25,1596,N/A
ESH20,1/2/2020 14:11,3248.75,3249,3248.5,3249,0.25,693,N/A
ESH20,1/2/2020 14:10,3247.75,3249,3247.75,3248.75,0.75,4334,N/A
ESH20,1/2/2020 14:09,3247.75,3248,3247.75,3248,0.25,1552,N/A
ESH20,1/2/2020 14:08,3248.25,3248.5,3247.75,3247.75,-0.5,1193,N/A
ESH20,1/2/2020 14:07,3248.25,3248.5,3248,3248.25,0,949,N/A
ESH20,1/2/2020 14:06,3248.25,3248.25,3247.75,3248.25,0.25,1664,N/A
ESH20,1/2/2020 14:05,3248.75,3248.75,3247.75,3248,-0.5,1292,N/A
ESH20,1/2/2020 14:04,3248.75,3248.75,3248.25,3248.5,0,568,N/A
ESH20,1/2/2020 14:03,3248.75,3248.75,3248.5,3248.5,-0.25,173,N/A
ESH20,1/2/2020 14:02,3248.25,3249,3248,3248.75,0.75,1280,N/A
ESH20,1/2/2020 14:01,3248.75,3248.75,3248,3248,-0.75,695,N/A
ESH20,1/2/2020 14:00,3248.25,3248.75,3248,3248.75,0.5,1576,N/A
ESH20,1/2/2020 13:59,3247.75,3248.5,3247.5,3248.25,0.5,1989,N/A
ESH20,1/2/2020 13:58,3248,3248.25,3247.75,3247.75,-0.25,932,N/A
ESH20,1/2/2020 13:57,3248.25,3248.5,3248,3248,-0.5,576,N/A
ESH20,1/2/2020 13:56,3248.5,3248.5,3248.25,3248.5,0,581,N/A
ESH20,1/2/2020 13:55,3248.25,3248.75,3248,3248.5,0.5,1853,N/A
ESH20,1/2/2020 13:54,3248.5,3248.75,3248,3248,-0.75,1130,N/A
ESH20,1/2/2020 13:53,3248.5,3248.75,3248.5,3248.75,0,866,N/A
ESH20,1/2/2020 13:52,3249,3249,3248.5,3248.75,-0.25,1446,N/A
ESH20,1/2/2020 13:51,3248.5,3249,3248.25,3249,0.25,1500,N/A
ESH20,1/2/2020 13:50,3248.5,3248.75,3248,3248.75,0.25,1537,N/A
ESH20,1/2/2020 13:49,3248,3248.5,3248,3248.5,0.5,572,N/A
ESH20,1/2/2020 13:48,3248.25,3248.5,3248,3248,-0.25,894,N/A
ESH20,1/2/2020 13:47,3247.75,3248.5,3247.75,3248.25,0.5,2456,N/A
ESH20,1/2/2020 13:46,3247.75,3248,3247.5,3247.75,0.25,795,N/A
ESH20,1/2/2020 13:45,3248.5,3248.5,3247.25,3247.5,-1,2588,N/A
ESH20,1/2/2020 13:44,3248,3248.5,3248,3248.5,0.5,2128,N/A
ESH20,1/2/2020 13:43,3247.75,3248,3247.25,3248,0.5,2787,N/A
ESH20,1/2/2020 13:42,3246.75,3248,3246.5,3247.5,0.75,3460,N/A
ESH20,1/2/2020 13:41,3246.5,3246.75,3246,3246.75,0.25,1130,N/A
ESH20,1/2/2020 13:40,3246,3246.75,3245.75,3246.5,0.75,1827,N/A
ESH20,1/2/2020 13:39,3246,3246.25,3245.75,3245.75,-0.25,555,N/A
ESH20,1/2/2020 13:38,3246,3246.25,3245.75,3246,0.25,993,N/A
ESH20,1/2/2020 13:37,3246.25,3246.25,3245.5,3245.75,-0.5,1407,N/A
ESH20,1/2/2020 13:36,3245.75,3246.75,3245.75,3246.25,0.5,1739,N/A
ESH20,1/2/2020 13:35,3245.75,3245.75,3245.5,3245.75,0.25,1218,N/A
ESH20,1/2/2020 13:34,3246,3246,3245.5,3245.5,-0.5,562,N/A
ESH20,1/2/2020 13:33,3245.5,3246,3245.5,3246,0.5,335,N/A
ESH20,1/2/2020 13:32,3245.25,3245.5,3245.25,3245.5,0.25,1281,N/A
ESH20,1/2/2020 13:31,3245.5,3245.5,3245.25,3245.25,-0.25,1327,N/A
ESH20,1/2/2020 13:30,3245.5,3246,3245.25,3245.5,0,1194,N/A
ESH20,1/2/2020 13:29,3246,3246.25,3245.5,3245.5,-0.5,1124,N/A
ESH20,1/2/2020 13:28,3246,3246.25,3246,3246,0,404,N/A
ESH20,1/2/2020 13:27,3245.5,3246,3245.25,3246,0.5,843,N/A
ESH20,1/2/2020 13:26,3245.5,3245.5,3245.25,3245.5,-0.25,771,N/A
ESH20,1/2/2020 13:25,3245.75,3246.25,3245.5,3245.75,0,2265,N/A
ESH20,1/2/2020 13:24,3245.25,3245.75,3245.25,3245.75,0.5,2481,N/A
ESH20,1/2/2020 13:23,3245,3245.5,3245,3245.25,0.25,370,N/A
ESH20,1/2/2020 13:22,3245,3245.75,3245,3245,-0.25,2356,N/A
ESH20,1/2/2020 13:21,3245.5,3245.5,3244.75,3245.25,0,2282,N/A
ESH20,1/2/2020 13:20,3244,3245.5,3243.75,3245.25,1.25,6268,N/A
ESH20,1/2/2020 13:19,3243.5,3244,3243.5,3244,0.5,1076,N/A
ESH20,1/2/2020 13:18,3243,3243.5,3243,3243.5,0.5,1157,N/A
ESH20,1/2/2020 13:17,3242.75,3243,3242.75,3243,0.25,544,N/A
ESH20,1/2/2020 13:16,3243.5,3243.5,3242.75,3242.75,-0.75,1742,N/A
ESH20,1/2/2020 13:15,3243.25,3243.5,3243.25,3243.5,0,1624,N/A
ESH20,1/2/2020 13:14,3243.25,3243.5,3243,3243.5,0.25,379,N/A
ESH20,1/2/2020 13:13,3243.25,3243.25,3242.75,3243.25,0,930,N/A
ESH20,1/2/2020 13:12,3243,3243.5,3243,3243.25,0,1021,N/A
ESH20,1/2/2020 13:11,3242.75,3243.25,3242.75,3243.25,0.75,922,N/A
ESH20,1/2/2020 13:10,3243,3243,3242.5,3242.5,-0.25,814,N/A
ESH20,1/2/2020 13:09,3242.75,3243.25,3242.75,3242.75,-0.25,917,N/A
ESH20,1/2/2020 13:08,3242.75,3243.25,3242.75,3243,0.25,1200,N/A
ESH20,1/2/2020 13:07,3243,3243.25,3242.5,3242.75,-0.25,1047,N/A
ESH20,1/2/2020 13:06,3242.25,3243,3242.25,3243,0.75,746,N/A
ESH20,1/2/2020 13:05,3242.75,3243,3242.25,3242.25,-0.5,724,N/A
ESH20,1/2/2020 13:04,3242.25,3243,3242.25,3242.75,0.5,2004,N/A
ESH20,1/2/2020 13:03,3242.25,3242.5,3242,3242.25,0,1020,N/A
ESH20,1/2/2020 13:02,3242,3242.5,3242,3242.25,0.5,415,N/A
ESH20,1/2/2020 13:01,3241.75,3242,3241.75,3241.75,-0.25,93,N/A
ESH20,1/2/2020 13:00,3242,3242,3241.5,3242,0,1437,N/A
ESH20,1/2/2020 12:59,3241.5,3242,3241.5,3242,0.5,580,N/A
ESH20,1/2/2020 12:58,3241.75,3241.75,3241.25,3241.5,-0.25,536,N/A
ESH20,1/2/2020 12:57,3241.25,3242,3241.25,3241.75,0.5,2414,N/A
ESH20,1/2/2020 12:56,3240.75,3241.25,3240.75,3241.25,0.5,896,N/A
ESH20,1/2/2020 12:55,3240.5,3240.75,3240.5,3240.75,0.25,946,N/A
ESH20,1/2/2020 12:54,3240.5,3240.5,3240.25,3240.5,0,690,N/A
ESH20,1/2/2020 12:53,3240.75,3241.5,3240.25,3240.5,-0.5,1279,N/A
ESH20,1/2/2020 12:52,3241.25,3241.5,3240.75,3241,-0.5,1014,N/A
ESH20,1/2/2020 12:51,3241.5,3241.5,3241.25,3241.5,0,500,N/A
ESH20,1/2/2020 12:50,3241.75,3242,3241.5,3241.5,-0.25,1452,N/A
ESH20,1/2/2020 12:49,3242,3242,3241.5,3241.75,-0.5,764,N/A
ESH20,1/2/2020 12:48,3241.75,3242.25,3241.75,3242.25,0.25,2163,N/A
ESH20,1/2/2020 12:47,3241,3242,3240.75,3242,1,1458,N/A
ESH20,1/2/2020 12:46,3240.5,3241,3240.5,3241,0.5,1003,N/A
ESH20,1/2/2020 12:45,3240.5,3240.75,3240.5,3240.5,0,2902,N/A
ESH20,1/2/2020 12:44,3240.25,3240.5,3240,3240.5,0.25,1334,N/A
ESH20,1/2/2020 12:43,3240.25,3240.25,3239.75,3240.25,0.25,608,N/A
ESH20,1/2/2020 12:42,3240.5,3240.5,3239.75,3240,-0.5,1881,N/A
ESH20,1/2/2020 12:41,3241,3241,3240,3240.5,-0.25,1486,N/A
ESH20,1/2/2020 12:40,3240.75,3241,3240.5,3240.75,-0.25,577,N/A
ESH20,1/2/2020 12:39,3240.75,3241,3240.75,3241,0,805,N/A
ESH20,1/2/2020 12:38,3240.5,3241,3240.25,3241,0.5,425,N/A
ESH20,1/2/2020 12:37,3240.5,3240.75,3240.25,3240.5,0,1201,N/A
ESH20,1/2/2020 12:36,3240.25,3240.5,3240,3240.5,0,1085,N/A
ESH20,1/2/2020 12:35,3240.75,3240.75,3240,3240.5,0,2008,N/A
ESH20,1/2/2020 12:34,3241,3241,3240.25,3240.5,-0.5,586,N/A
ESH20,1/2/2020 12:33,3240.75,3241.25,3240.5,3241,0.25,1139,N/A
ESH20,1/2/2020 12:32,3240.75,3241,3240.5,3240.75,0,1735,N/A
ESH20,1/2/2020 12:31,3241.25,3241.25,3240.75,3240.75,-0.25,856,N/A
ESH20,1/2/2020 12:30,3241.25,3241.5,3241,3241,0,1488,N/A
ESH20,1/2/2020 12:29,3240.75,3241.25,3240.75,3241,0.25,485,N/A
ESH20,1/2/2020 12:28,3241,3241,3240.5,3240.75,0,467,N/A
ESH20,1/2/2020 12:27,3241,3241.5,3240.75,3240.75,-0.5,2343,N/A
ESH20,1/2/2020 12:26,3241.25,3241.5,3241,3241.25,-0.25,1285,N/A
ESH20,1/2/2020 12:25,3241.75,3241.75,3241.25,3241.5,-0.25,376,N/A
ESH20,1/2/2020 12:24,3241.5,3241.75,3241.25,3241.75,0.25,315,N/A
ESH20,1/2/2020 12:23,3241,3241.75,3241,3241.5,0.5,825,N/A
ESH20,1/2/2020 12:22,3241.75,3241.75,3241,3241,-0.75,1054,N/A
ESH20,1/2/2020 12:21,3241.25,3241.75,3241.25,3241.75,0.25,1232,N/A
ESH20,1/2/2020 12:20,3240.75,3241.5,3240.25,3241.5,0.75,1890,N/A
ESH20,1/2/2020 12:19,3240.75,3241,3240.5,3240.75,0,746,N/A
ESH20,1/2/2020 12:18,3240.75,3241,3240.5,3240.75,0,1216,N/A
ESH20,1/2/2020 12:17,3241,3241,3240.5,3240.75,-0.25,1324,N/A
ESH20,1/2/2020 12:16,3241,3241.25,3240.75,3241,-0.25,1569,N/A
ESH20,1/2/2020 12:15,3241,3241.25,3240.75,3241.25,0.25,1232,N/A
ESH20,1/2/2020 12:14,3241.25,3241.25,3240.75,3241,-0.25,330,N/A
ESH20,1/2/2020 12:13,3241.25,3241.5,3240.75,3241.25,0.25,1175,N/A
ESH20,1/2/2020 12:12,3241.25,3241.25,3241,3241,-0.25,1002,N/A
ESH20,1/2/2020 12:11,3241.75,3241.75,3241,3241.25,-0.5,1414,N/A
ESH20,1/2/2020 12:10,3241.5,3241.75,3241,3241.75,0.25,895,N/A
ESH20,1/2/2020 12:09,3241.5,3241.75,3241.25,3241.5,0,1160,N/A
ESH20,1/2/2020 12:08,3242,3242,3241.5,3241.5,-0.5,896,N/A
ESH20,1/2/2020 12:07,3241.75,3242,3241.5,3242,0.5,1434,N/A
ESH20,1/2/2020 12:06,3242,3242,3241.5,3241.5,-0.25,658,N/A
ESH20,1/2/2020 12:05,3242.5,3242.5,3241.75,3241.75,-0.5,795,N/A
ESH20,1/2/2020 12:04,3242.5,3242.5,3242,3242.25,0,717,N/A
ESH20,1/2/2020 12:03,3242.25,3242.75,3242,3242.25,0.25,2050,N/A
ESH20,1/2/2020 12:02,3242.5,3242.5,3241.75,3242,-0.25,1853,N/A
ESH20,1/2/2020 12:01,3243,3243,3242.25,3242.25,-0.5,1407,N/A
ESH20,1/2/2020 12:00,3244,3244,3242.75,3242.75,-1,1322,N/A
ESH20,1/2/2020 11:59,3243.75,3244,3243.5,3243.75,0.25,849,N/A
ESH20,1/2/2020 11:58,3244,3244,3243.5,3243.5,-0.25,357,N/A
ESH20,1/2/2020 11:57,3244,3244,3243.5,3243.75,-0.25,801,N/A
ESH20,1/2/2020 11:56,3243.75,3244,3243.5,3244,0.25,820,N/A
ESH20,1/2/2020 11:55,3244,3244,3243.5,3243.75,0,461,N/A
ESH20,1/2/2020 11:54,3244,3244,3243.75,3243.75,0,93,N/A
ESH20,1/2/2020 11:53,3244,3244,3243.5,3243.75,-0.25,347,N/A
ESH20,1/2/2020 11:52,3244,3244,3243.5,3244,0,512,N/A
ESH20,1/2/2020 11:51,3243.25,3244,3243,3244,0.75,1234,N/A
ESH20,1/2/2020 11:50,3243.75,3243.75,3243,3243.25,-0.5,1887,N/A
ESH20,1/2/2020 11:49,3243.5,3244,3243.25,3243.75,0.25,2592,N/A
ESH20,1/2/2020 11:48,3243.75,3243.75,3243.25,3243.5,0,557,N/A
ESH20,1/2/2020 11:47,3244,3244,3243.5,3243.5,-0.5,691,N/A
ESH20,1/2/2020 11:46,3244,3244,3243.5,3244,0,1283,N/A
ESH20,1/2/2020 11:45,3244,3244.25,3243.75,3244,0,1314,N/A
ESH20,1/2/2020 11:44,3243.75,3244,3243.25,3244,0.25,1620,N/A
ESH20,1/2/2020 11:43,3244,3244,3243.25,3243.75,0,1170,N/A
ESH20,1/2/2020 11:42,3244.25,3244.25,3243.75,3243.75,-0.5,1381,N/A
ESH20,1/2/2020 11:41,3244,3244.75,3243.75,3244.25,0.5,5624,N/A
ESH20,1/2/2020 11:40,3243.75,3243.75,3243.25,3243.75,0,1308,N/A
ESH20,1/2/2020 11:39,3243.25,3243.75,3243,3243.75,0.5,735,N/A
ESH20,1/2/2020 11:38,3242.5,3243.25,3242.25,3243.25,0.75,2147,N/A
ESH20,1/2/2020 11:37,3242.25,3242.5,3241.75,3242.5,0.25,1056,N/A
ESH20,1/2/2020 11:36,3242.25,3242.25,3242,3242.25,0.25,1781,N/A
ESH20,1/2/2020 11:35,3242,3242.25,3241.75,3242,0.25,306,N/A
ESH20,1/2/2020 11:34,3242,3242.25,3241.75,3241.75,0,1120,N/A
ESH20,1/2/2020 11:33,3242,3242,3241.5,3241.75,0,1007,N/A
ESH20,1/2/2020 11:32,3242.25,3242.25,3241.5,3241.75,-0.5,1528,N/A
ESH20,1/2/2020 11:31,3242.5,3242.75,3242,3242.25,-0.25,2182,N/A
ESH20,1/2/2020 11:30,3241.75,3242.75,3241.5,3242.5,0.75,1328,N/A
ESH20,1/2/2020 11:29,3242.25,3242.25,3241.5,3241.75,-0.5,1694,N/A
ESH20,1/2/2020 11:28,3242.5,3242.5,3242.25,3242.25,0,354,N/A
ESH20,1/2/2020 11:27,3242.5,3242.5,3242.25,3242.25,0,632,N/A
ESH20,1/2/2020 11:26,3242.75,3243.25,3242.25,3242.25,-0.25,1597,N/A
ESH20,1/2/2020 11:25,3242.5,3243,3242.5,3242.5,0,1676,N/A
ESH20,1/2/2020 11:24,3242.25,3242.5,3242,3242.5,0.5,1207,N/A
ESH20,1/2/2020 11:23,3242.5,3242.5,3241.75,3242,-0.25,1578,N/A
ESH20,1/2/2020 11:22,3242.75,3243,3242.25,3242.25,-0.5,3117,N/A
ESH20,1/2/2020 11:21,3242.5,3242.75,3242.25,3242.75,0.5,1986,N/A
ESH20,1/2/2020 11:20,3242.5,3242.5,3242,3242.25,-0.25,1567,N/A
ESH20,1/2/2020 11:19,3242.25,3242.5,3242,3242.5,0.5,983,N/A
ESH20,1/2/2020 11:18,3242.25,3242.5,3242,3242,0,1157,N/A
ESH20,1/2/2020 11:17,3242.25,3242.5,3241.75,3242,-0.25,2810,N/A
ESH20,1/2/2020 11:16,3241.25,3242.25,3241,3242.25,1.25,1326,N/A
ESH20,1/2/2020 11:15,3241,3241.25,3240.5,3241,0.25,1667,N/A
ESH20,1/2/2020 11:14,3241.5,3241.5,3240.75,3240.75,-0.5,938,N/A
ESH20,1/2/2020 11:13,3241.5,3241.5,3241.25,3241.25,-0.25,538,N/A
ESH20,1/2/2020 11:12,3241.75,3241.75,3241.25,3241.5,0,1062,N/A
ESH20,1/2/2020 11:11,3241.75,3241.75,3241.25,3241.5,-0.25,549,N/A
ESH20,1/2/2020 11:10,3241.75,3241.75,3241.25,3241.75,0,1222,N/A
ESH20,1/2/2020 11:09,3241.25,3241.75,3241.25,3241.75,0.75,1214,N/A
ESH20,1/2/2020 11:08,3241.25,3241.5,3241,3241,-0.25,580,N/A
ESH20,1/2/2020 11:07,3241,3241.5,3241,3241.25,0.5,1488,N/A
ESH20,1/2/2020 11:06,3241,3241.25,3240.25,3240.75,-0.25,2691,N/A
ESH20,1/2/2020 11:05,3241,3241.25,3240.75,3241,0.25,1693,N/A
ESH20,1/2/2020 11:04,3240.5,3241,3240,3240.75,0.5,2237,N/A
ESH20,1/2/2020 11:03,3240,3240.75,3239.5,3240.25,0.5,1294,N/A
ESH20,1/2/2020 11:02,3239.75,3240.25,3239.5,3239.75,0.25,1267,N/A
ESH20,1/2/2020 11:01,3240.5,3240.5,3239.5,3239.5,-1,1200,N/A
ESH20,1/2/2020 11:00,3241,3241,3240,3240.5,-0.25,2046,N/A
ESH20,1/2/2020 10:59,3240,3241.25,3240,3240.75,1,1670,N/A
ESH20,1/2/2020 10:58,3240.25,3240.25,3239.75,3239.75,-0.5,1193,N/A
ESH20,1/2/2020 10:57,3240.25,3240.25,3239.75,3240.25,0.25,1263,N/A
ESH20,1/2/2020 10:56,3240.5,3240.5,3240,3240,-0.25,1571,N/A
ESH20,1/2/2020 10:55,3241,3241,3240.25,3240.25,-0.75,1431,N/A
ESH20,1/2/2020 10:54,3241.25,3241.25,3240.5,3241,0,2190,N/A
ESH20,1/2/2020 10:53,3241,3241.25,3240.75,3241,0.25,1009,N/A
ESH20,1/2/2020 10:52,3241.25,3241.25,3240.75,3240.75,-0.5,1383,N/A
ESH20,1/2/2020 10:51,3240.25,3241.25,3240,3241.25,1.25,2164,N/A
ESH20,1/2/2020 10:50,3240,3240.75,3239.75,3240,0,2351,N/A
ESH20,1/2/2020 10:49,3240.25,3240.25,3239.75,3240,-0.25,1246,N/A
ESH20,1/2/2020 10:48,3239.75,3240.25,3239.5,3240.25,0.5,2249,N/A
ESH20,1/2/2020 10:47,3239.25,3239.75,3238.75,3239.75,0.75,1250,N/A
ESH20,1/2/2020 10:46,3239.5,3239.75,3238.75,3239,-0.25,2193,N/A
ESH20,1/2/2020 10:45,3239.5,3239.75,3239.25,3239.25,-0.25,2836,N/A
ESH20,1/2/2020 10:44,3239,3239.75,3238.5,3239.5,0.75,3293,N/A
ESH20,1/2/2020 10:43,3238.5,3239,3238.25,3238.75,0.5,1917,N/A
ESH20,1/2/2020 10:42,3238.5,3239,3237.75,3238.25,-0.25,2546,N/A
ESH20,1/2/2020 10:41,3238.5,3239,3238.25,3238.5,-0.25,1883,N/A
ESH20,1/2/2020 10:40,3238.75,3239,3238,3238.75,-0.25,3056,N/A
ESH20,1/2/2020 10:39,3238.75,3239.25,3238.25,3239,0.25,2888,N/A
ESH20,1/2/2020 10:38,3238.25,3238.75,3238,3238.75,0.25,1835,N/A
ESH20,1/2/2020 10:37,3237,3238.5,3236.75,3238.5,1.25,3566,N/A
ESH20,1/2/2020 10:36,3236.5,3237.5,3235.5,3237.25,0.5,5465,N/A
ESH20,1/2/2020 10:35,3237.5,3237.75,3236,3236.75,-0.75,7507,N/A
ESH20,1/2/2020 10:34,3239.5,3239.75,3236.75,3237.5,-2.25,7785,N/A
ESH20,1/2/2020 10:33,3240.25,3240.5,3239.5,3239.75,-0.5,4190,N/A
ESH20,1/2/2020 10:32,3241.5,3241.5,3240.25,3240.25,-1.25,2374,N/A
ESH20,1/2/2020 10:31,3241.75,3241.75,3241.5,3241.5,-0.25,617,N/A
ESH20,1/2/2020 10:30,3242,3242,3241,3241.75,-0.25,3397,N/A
ESH20,1/2/2020 10:29,3242,3242.25,3241.75,3242,0,1408,N/A
ESH20,1/2/2020 10:28,3241.75,3242.25,3241.75,3242,0.25,575,N/A
ESH20,1/2/2020 10:27,3241.75,3242,3241.5,3241.75,0.25,923,N/A
ESH20,1/2/2020 10:26,3242.25,3242.25,3241.5,3241.5,-0.75,1439,N/A
ESH20,1/2/2020 10:25,3243.5,3243.5,3242,3242.25,-1.25,2982,N/A
ESH20,1/2/2020 10:24,3242.75,3243.5,3242.5,3243.5,1,1668,N/A
ESH20,1/2/2020 10:23,3242.5,3242.75,3242,3242.5,0,1399,N/A
ESH20,1/2/2020 10:22,3242.25,3242.5,3241.75,3242.5,0.25,1163,N/A
ESH20,1/2/2020 10:21,3241.75,3242.75,3241.75,3242.25,0.5,1542,N/A
ESH20,1/2/2020 10:20,3241.5,3242.25,3241.5,3241.75,0,2236,N/A
ESH20,1/2/2020 10:19,3242,3242.25,3241.25,3241.75,-0.25,2509,N/A
ESH20,1/2/2020 10:18,3242.75,3243,3241.75,3242,-0.75,2048,N/A
ESH20,1/2/2020 10:17,3243.5,3243.5,3242.5,3242.75,-0.75,1710,N/A
ESH20,1/2/2020 10:16,3243.25,3243.5,3242.75,3243.5,0.25,1428,N/A
ESH20,1/2/2020 10:15,3243.75,3243.75,3242.75,3243.25,-0.5,1786,N/A
ESH20,1/2/2020 10:14,3243.25,3243.75,3243,3243.75,0.75,1152,N/A
ESH20,1/2/2020 10:13,3243.5,3243.75,3242.75,3243,-0.75,2254,N/A
ESH20,1/2/2020 10:12,3243.25,3243.75,3243.25,3243.75,0.5,734,N/A
ESH20,1/2/2020 10:11,3243.25,3243.75,3243,3243.25,0.25,1901,N/A
ESH20,1/2/2020 10:10,3243.25,3243.25,3242.75,3243,-0.25,1689,N/A
ESH20,1/2/2020 10:09,3242.5,3243.5,3242.5,3243.25,0.75,1514,N/A
ESH20,1/2/2020 10:08,3242.75,3243.5,3242.5,3242.5,-0.5,1460,N/A
ESH20,1/2/2020 10:07,3243.25,3243.75,3242.5,3243,-0.25,2757,N/A
ESH20,1/2/2020 10:06,3242.25,3243.25,3242.25,3243.25,1,1708,N/A
ESH20,1/2/2020 10:05,3242.25,3242.5,3241.75,3242.25,0,1699,N/A
ESH20,1/2/2020 10:04,3242.25,3242.75,3242.25,3242.25,-0.25,1282,N/A
ESH20,1/2/2020 10:03,3242.5,3242.75,3242.25,3242.5,-0.25,1511,N/A
ESH20,1/2/2020 10:02,3243.25,3243.25,3242.25,3242.75,-0.5,2332,N/A
ESH20,1/2/2020 10:01,3243.75,3243.75,3242.5,3243.25,-0.5,2595,N/A
ESH20,1/2/2020 10:00,3242.75,3243.75,3242.75,3243.75,0.75,1998,N/A
ESH20,1/2/2020 9:59,3243.5,3243.5,3242.75,3243,-0.5,2025,N/A
ESH20,1/2/2020 9:58,3242.5,3243.5,3242.25,3243.5,1,2243,N/A
ESH20,1/2/2020 9:57,3241.25,3242.75,3241,3242.5,1.25,5019,N/A
ESH20,1/2/2020 9:56,3241,3241.5,3240.75,3241.25,0.25,2032,N/A
ESH20,1/2/2020 9:55,3239.75,3241.25,3239.5,3241,1,6893,N/A
ESH20,1/2/2020 9:54,3239.25,3240,3238.75,3240,0.75,3316,N/A
ESH20,1/2/2020 9:53,3239,3239.25,3238.75,3239.25,0,1186,N/A
ESH20,1/2/2020 9:52,3238.5,3239.25,3238.25,3239.25,1,1519,N/A
ESH20,1/2/2020 9:51,3238.25,3238.75,3237.5,3238.25,0,1992,N/A
ESH20,1/2/2020 9:50,3238.5,3239,3238,3238.25,-0.25,3629,N/A
ESH20,1/2/2020 9:49,3237.5,3238.75,3237.25,3238.5,1,2446,N/A
ESH20,1/2/2020 9:48,3238.5,3238.5,3236.75,3237.5,-0.75,4990,N/A
ESH20,1/2/2020 9:47,3239,3239.25,3238.25,3238.25,-0.75,2477,N/A
ESH20,1/2/2020 9:46,3239,3239.5,3238.75,3239,0,1753,N/A
ESH20,1/2/2020 9:45,3239,3240.25,3238.75,3239,0,4456,N/A
ESH20,1/2/2020 9:44,3239.25,3239.5,3239,3239,-0.25,1526,N/A
ESH20,1/2/2020 9:43,3239,3239.5,3238.75,3239.25,0.25,1498,N/A
ESH20,1/2/2020 9:42,3238.75,3239.25,3238.5,3239,0.5,2706,N/A
ESH20,1/2/2020 9:41,3237.75,3239,3237.75,3238.5,0.75,3504,N/A
ESH20,1/2/2020 9:40,3238,3238,3237,3237.75,0,3996,N/A
ESH20,1/2/2020 9:39,3237.5,3238.5,3237.25,3237.75,0.25,2472,N/A
ESH20,1/2/2020 9:38,3238,3238.5,3236.75,3237.5,-0.5,4609,N/A
ESH20,1/2/2020 9:37,3239.75,3239.75,3238,3238,-1.5,2612,N/A
ESH20,1/2/2020 9:36,3238.75,3239.75,3238.75,3239.5,0.75,1869,N/A
ESH20,1/2/2020 9:35,3240,3240,3238.75,3238.75,-1.25,2535,N/A
ESH20,1/2/2020 9:34,3239.75,3240.25,3239.25,3240,0.5,2663,N/A
ESH20,1/2/2020 9:33,3238.75,3239.75,3238,3239.5,0.75,3790,N/A
ESH20,1/2/2020 9:32,3238.5,3239.5,3237.75,3238.75,0.25,4578,N/A
ESH20,1/2/2020 9:31,3239.75,3239.75,3238.25,3238.5,-1.25,4219,N/A
ESH20,1/2/2020 9:30,3240.5,3240.75,3239,3239.75,-0.5,4667,N/A
ESH20,1/2/2020 9:29,3239.25,3240.5,3239.25,3240.25,1,4003,N/A
ESH20,1/2/2020 9:28,3238.75,3239.75,3238.5,3239.25,0.25,5822,N/A
ESH20,1/2/2020 9:27,3238.75,3239.75,3238.5,3239,0.25,6202,N/A
ESH20,1/2/2020 9:26,3237.75,3238.75,3237.5,3238.75,1,4286,N/A
ESH20,1/2/2020 9:25,3238.5,3238.5,3237,3237.75,-0.75,6872,N/A
ESH20,1/2/2020 9:24,3238.25,3238.75,3236.5,3238.5,0.25,8760,N/A
ESH20,1/2/2020 9:23,3238.75,3238.75,3236.5,3238.25,-0.75,7898,N/A
ESH20,1/2/2020 9:22,3239.75,3240,3238.75,3239,-1,3842,N/A
ESH20,1/2/2020 9:21,3239.25,3240,3238.75,3240,0.5,4426,N/A
ESH20,1/2/2020 9:20,3239.5,3239.75,3238.75,3239.5,-0.25,4920,N/A
ESH20,1/2/2020 9:19,3240.25,3240.75,3239.5,3239.75,-0.5,4805,N/A
ESH20,1/2/2020 9:18,3239.5,3240.5,3238.25,3240.25,0.5,5855,N/A
ESH20,1/2/2020 9:17,3238.5,3239.75,3237.5,3239.75,1,7027,N/A
ESH20,1/2/2020 9:16,3238.5,3240.25,3238.25,3238.75,0,12675,N/A
ESH20,1/2/2020 9:15,3241.75,3241.75,3237.75,3238.75,-3,13504,N/A
ESH20,1/2/2020 9:14,3242.5,3243.5,3241.5,3241.75,-1,6443,N/A
ESH20,1/2/2020 9:13,3244.75,3244.75,3242.25,3242.75,-2,9746,N/A
ESH20,1/2/2020 9:12,3244.5,3244.75,3243.75,3244.75,0,4551,N/A
ESH20,1/2/2020 9:11,3246.25,3246.25,3244.25,3244.75,-1.75,5148,N/A
ESH20,1/2/2020 9:10,3246.5,3247,3246,3246.5,0.25,2330,N/A
ESH20,1/2/2020 9:09,3246.25,3246.75,3246,3246.25,0,2155,N/A
ESH20,1/2/2020 9:08,3246.75,3246.75,3245.5,3246.25,-0.5,2436,N/A
ESH20,1/2/2020 9:07,3246.25,3246.75,3245.75,3246.75,0.5,2073,N/A
ESH20,1/2/2020 9:06,3245.75,3246.5,3245.5,3246.25,0.75,2574,N/A
ESH20,1/2/2020 9:05,3246.25,3246.5,3245.5,3245.5,-0.75,3812,N/A
ESH20,1/2/2020 9:04,3246.25,3246.75,3245.75,3246.25,0.25,3605,N/A
ESH20,1/2/2020 9:03,3246,3246.75,3245.25,3246,0,6332,N/A
ESH20,1/2/2020 9:02,3246.75,3246.75,3245.25,3246,-0.75,5579,N/A
ESH20,1/2/2020 9:01,3247.75,3248.25,3246.5,3246.75,-1,5445,N/A
ESH20,1/2/2020 9:00,3249.5,3249.75,3247.5,3247.75,-1.75,4122,N/A
ESH20,1/2/2020 8:59,3248.5,3249.5,3248.25,3249.5,1,3264,N/A
ESH20,1/2/2020 8:58,3249.25,3250,3248.25,3248.5,-0.75,5953,N/A
ESH20,1/2/2020 8:57,3248.75,3249.5,3248.5,3249.25,0.75,4009,N/A
ESH20,1/2/2020 8:56,3248,3248.75,3247.75,3248.5,0.75,5330,N/A
ESH20,1/2/2020 8:55,3246.75,3247.75,3246.25,3247.75,1,4509,N/A
ESH20,1/2/2020 8:54,3246.5,3247.25,3246.25,3246.75,0.25,5348,N/A
ESH20,1/2/2020 8:53,3247,3247.25,3246.5,3246.5,-0.5,3080,N/A
ESH20,1/2/2020 8:52,3247,3247.5,3246.25,3247,0,6096,N/A
ESH20,1/2/2020 8:51,3247.5,3248,3246.75,3247,-0.5,5108,N/A
ESH20,1/2/2020 8:50,3248,3249.25,3247.5,3247.5,-0.5,5396,N/A
ESH20,1/2/2020 8:49,3249.25,3249.5,3247.75,3248,-1.25,3939,N/A
ESH20,1/2/2020 8:48,3249,3250.5,3249,3249.25,0,6404,N/A
ESH20,1/2/2020 8:47,3250.25,3250.5,3248.5,3249.25,-1.25,7716,N/A
ESH20,1/2/2020 8:46,3250.25,3251,3250,3250.5,0.25,7773,N/A
ESH20,1/2/2020 8:45,3249.5,3250.5,3249.25,3250.25,0.75,4971,N/A
ESH20,1/2/2020 8:44,3249.5,3250,3249,3249.5,0.25,3040,N/A
ESH20,1/2/2020 8:43,3248.75,3249.75,3248.5,3249.25,0.5,4275,N/A
ESH20,1/2/2020 8:42,3249.25,3249.5,3248.5,3248.75,-0.25,4868,N/A
ESH20,1/2/2020 8:41,3249.5,3249.75,3248.75,3249,-0.5,5401,N/A
ESH20,1/2/2020 8:40,3249.25,3250.75,3249,3249.5,0.25,10372,N/A
ESH20,1/2/2020 8:39,3248,3249.5,3248,3249.25,1,6474,N/A
ESH20,1/2/2020 8:38,3249,3249.5,3247,3248.25,-0.75,7043,N/A
ESH20,1/2/2020 8:37,3250,3250.25,3248.5,3249,-1,6350,N/A
ESH20,1/2/2020 8:36,3250,3250.5,3249,3250,-0.25,7503,N/A
ESH20,1/2/2020 8:35,3247.75,3250.75,3247.25,3250.25,2.75,11918,N/A
ESH20,1/2/2020 8:34,3248.5,3249.5,3247.5,3247.5,-1.25,7877,N/A
ESH20,1/2/2020 8:33,3246,3249.25,3246,3248.75,2.75,8664,N/A
ESH20,1/2/2020 8:32,3245.75,3246.75,3245,3246,0,8112,N/A
ESH20,1/2/2020 8:31,3248.25,3248.25,3245.25,3246,-2.25,9877,N/A
ESH20,1/2/2020 8:30,3246.5,3248.25,3246,3248.25,1.75,16808,N/A
ESH20,1/2/2020 8:29,3247.25,3247.5,3245.5,3246.5,-1,4503,N/A
ESH20,1/2/2020 8:28,3247.25,3247.75,3246.5,3247.5,0.25,3041,N/A
ESH20,1/2/2020 8:27,3248,3248.5,3247.25,3247.25,-0.75,1330,N/A
ESH20,1/2/2020 8:26,3248,3248.5,3247.75,3248,0,1073,N/A
ESH20,1/2/2020 8:25,3248.5,3248.5,3248,3248,-0.5,726,N/A
ESH20,1/2/2020 8:24,3248.25,3248.75,3248.25,3248.5,0,356,N/A
ESH20,1/2/2020 8:23,3248.25,3248.5,3248,3248.5,0.25,570,N/A
ESH20,1/2/2020 8:22,3248.5,3248.5,3248,3248.25,-0.25,363,N/A
ESH20,1/2/2020 8:21,3247.75,3248.5,3247.75,3248.5,0.75,409,N/A
ESH20,1/2/2020 8:20,3249,3249.25,3247.75,3247.75,-1.25,2456,N/A
ESH20,1/2/2020 8:19,3249.5,3249.5,3249,3249,-0.5,318,N/A
ESH20,1/2/2020 8:18,3249.5,3249.75,3249.25,3249.5,0,761,N/A
ESH20,1/2/2020 8:17,3249,3249.5,3248.75,3249.5,0.5,473,N/A
ESH20,1/2/2020 8:16,3249,3249.25,3248.75,3249,0,595,N/A
ESH20,1/2/2020 8:15,3248.25,3249,3248.25,3249,0.5,218,N/A
ESH20,1/2/2020 8:14,3249,3249,3248.25,3248.5,-0.5,534,N/A
ESH20,1/2/2020 8:13,3249,3249.25,3249,3249,-0.25,429,N/A
ESH20,1/2/2020 8:12,3249.25,3249.25,3249,3249.25,0.25,34,N/A
ESH20,1/2/2020 8:11,3249.25,3249.25,3249,3249,0,429,N/A
ESH20,1/2/2020 8:10,3248.75,3249.25,3248.5,3249,0.25,584,N/A
ESH20,1/2/2020 8:09,3248.75,3249,3248.5,3248.75,0,712,N/A
ESH20,1/2/2020 8:08,3249,3249,3248.75,3248.75,-0.25,520,N/A
ESH20,1/2/2020 8:07,3249.25,3249.5,3248.75,3249,-0.25,1401,N/A
ESH20,1/2/2020 8:06,3249.75,3250,3249.25,3249.25,-0.75,627,N/A
ESH20,1/2/2020 8:05,3250,3250,3249.75,3250,0,199,N/A
ESH20,1/2/2020 8:04,3249.75,3250,3249.75,3250,0.25,424,N/A
ESH20,1/2/2020 8:03,3249.75,3250,3249.75,3249.75,0,347,N/A
ESH20,1/2/2020 8:02,3250.5,3250.5,3249.75,3249.75,-1,1062,N/A
ESH20,1/2/2020 8:01,3251.25,3251.25,3250.75,3250.75,-0.25,529,N/A
ESH20,1/2/2020 8:00,3251.25,3251.5,3251,3251,0,462,N/A
ESH20,1/2/2020 7:59,3251.25,3251.5,3251,3251,-0.5,250,N/A
ESH20,1/2/2020 7:58,3251.25,3251.5,3251.25,3251.5,0,288,N/A
ESH20,1/2/2020 7:57,3251.25,3251.5,3251,3251.5,0.25,214,N/A
ESH20,1/2/2020 7:56,3251.75,3251.75,3251.25,3251.25,-0.5,552,N/A
ESH20,1/2/2020 7:55,3251.75,3251.75,3251.5,3251.75,0,62,N/A
ESH20,1/2/2020 7:54,3251.75,3251.75,3251.5,3251.75,0.25,255,N/A
ESH20,1/2/2020 7:53,3251.5,3251.75,3251.25,3251.5,0,97,N/A
ESH20,1/2/2020 7:52,3251.5,3251.5,3251.25,3251.5,0,553,N/A
ESH20,1/2/2020 7:51,3251,3251.5,3251,3251.5,0.5,236,N/A
ESH20,1/2/2020 7:50,3251,3251.25,3250.75,3251,0,469,N/A
ESH20,1/2/2020 7:49,3251.25,3251.5,3250.75,3251,-0.25,867,N/A
ESH20,1/2/2020 7:48,3251.75,3251.75,3251.25,3251.25,-0.5,434,N/A
ESH20,1/2/2020 7:47,3251.25,3251.75,3251.25,3251.75,0.25,519,N/A
ESH20,1/2/2020 7:46,3251.5,3251.5,3251.25,3251.5,0.25,89,N/A
ESH20,1/2/2020 7:45,3251.5,3251.5,3251.25,3251.25,-0.25,93,N/A
ESH20,1/2/2020 7:44,3251.25,3251.5,3251.25,3251.5,0.25,517,N/A
ESH20,1/2/2020 7:43,3251.25,3251.25,3251,3251.25,0,728,N/A
ESH20,1/2/2020 7:42,3251,3251.25,3251,3251.25,0.5,936,N/A
ESH20,1/2/2020 7:41,3250.25,3251,3250.25,3250.75,0.25,348,N/A
ESH20,1/2/2020 7:40,3250.25,3250.5,3249.75,3250.5,0.5,338,N/A
ESH20,1/2/2020 7:39,3249.5,3250,3249.5,3250,0.5,183,N/A
ESH20,1/2/2020 7:38,3250,3250,3249.5,3249.5,-0.75,200,N/A
ESH20,1/2/2020 7:37,3250,3250.25,3250,3250.25,0.25,94,N/A
ESH20,1/2/2020 7:36,3250.25,3250.5,3250,3250,-0.25,266,N/A
ESH20,1/2/2020 7:35,3250.5,3250.5,3250,3250.25,-0.25,443,N/A
ESH20,1/2/2020 7:34,3250,3250.5,3250,3250.5,0.5,135,N/A
ESH20,1/2/2020 7:33,3250.25,3250.25,3250,3250,-0.25,223,N/A
ESH20,1/2/2020 7:32,3249.75,3250.25,3249.75,3250.25,0.5,188,N/A
ESH20,1/2/2020 7:31,3249.75,3250,3249.5,3249.75,0,296,N/A
ESH20,1/2/2020 7:30,3249.75,3249.75,3249.5,3249.75,0,317,N/A
ESH20,1/2/2020 7:29,3249.75,3250,3249.5,3249.75,0,138,N/A
ESH20,1/2/2020 7:28,3250,3250,3249.75,3249.75,-0.25,379,N/A
ESH20,1/2/2020 7:27,3250,3250,3249.75,3250,0,100,N/A
ESH20,1/2/2020 7:26,3250,3250,3249.75,3250,0,20,N/A
ESH20,1/2/2020 7:25,3250.25,3250.25,3249.75,3250,-0.25,155,N/A
ESH20,1/2/2020 7:24,3250,3250.25,3250,3250.25,0.5,409,N/A
ESH20,1/2/2020 7:23,3249.75,3249.75,3249.75,3249.75,-0.25,206,N/A
ESH20,1/2/2020 7:22,3250,3250,3249.75,3250,0,146,N/A
ESH20,1/2/2020 7:21,3249.75,3250,3249.75,3250,0.25,528,N/A
ESH20,1/2/2020 7:20,3249.5,3249.75,3249.5,3249.75,0,86,N/A
ESH20,1/2/2020 7:19,3249.75,3250,3249.75,3249.75,0.25,213,N/A
ESH20,1/2/2020 7:18,3249.5,3249.75,3249.5,3249.5,0,78,N/A
ESH20,1/2/2020 7:17,3249.75,3249.75,3249.5,3249.5,-0.25,150,N/A
ESH20,1/2/2020 7:16,3249.75,3249.75,3249.5,3249.75,0,353,N/A
ESH20,1/2/2020 7:15,3250,3250,3249.75,3249.75,-0.25,193,N/A
ESH20,1/2/2020 7:14,3250,3250,3249.5,3250,0.25,365,N/A
ESH20,1/2/2020 7:13,3249.75,3250,3249.5,3249.75,0,398,N/A
ESH20,1/2/2020 7:12,3250,3250,3249.5,3249.75,-0.25,389,N/A
ESH20,1/2/2020 7:11,3250.25,3250.5,3250,3250,0,492,N/A
ESH20,1/2/2020 7:10,3250.25,3250.25,3250,3250,-0.25,195,N/A
ESH20,1/2/2020 7:09,3250,3250.25,3250,3250.25,0.25,743,N/A
ESH20,1/2/2020 7:08,3249.75,3250.25,3249.5,3250,0.5,1668,N/A
ESH20,1/2/2020 7:07,3249.75,3249.75,3249.5,3249.5,0,250,N/A
ESH20,1/2/2020 7:06,3249.75,3249.75,3249.5,3249.5,-0.25,38,N/A
ESH20,1/2/2020 7:05,3249.75,3249.75,3249.5,3249.75,0.25,46,N/A
ESH20,1/2/2020 7:04,3249.5,3249.75,3249.5,3249.5,0,64,N/A
ESH20,1/2/2020 7:03,3249.5,3249.75,3249.25,3249.5,0,164,N/A
ESH20,1/2/2020 7:02,3249.75,3249.75,3249.5,3249.5,-0.25,104,N/A
ESH20,1/2/2020 7:01,3249.25,3249.75,3249.25,3249.75,0.25,355,N/A
ESH20,1/2/2020 7:00,3249.25,3249.5,3249.25,3249.5,0,396,N/A
ESH20,1/2/2020 6:59,3249.25,3249.5,3249.25,3249.5,0.5,472,N/A
ESH20,1/2/2020 6:58,3249.25,3249.25,3249,3249,-0.25,175,N/A
ESH20,1/2/2020 6:57,3249.25,3249.25,3249,3249.25,0.25,149,N/A
ESH20,1/2/2020 6:56,3249.5,3249.5,3248.75,3249,-0.5,769,N/A
ESH20,1/2/2020 6:55,3249.25,3249.5,3249,3249.5,0.5,279,N/A
ESH20,1/2/2020 6:54,3249,3249.25,3248.75,3249,0,304,N/A
ESH20,1/2/2020 6:53,3248.75,3249,3248.75,3249,0,117,N/A
ESH20,1/2/2020 6:52,3248.75,3249,3248.75,3249,0,55,N/A
ESH20,1/2/2020 6:51,3249,3249,3248.75,3249,0,16,N/A
ESH20,1/2/2020 6:50,3248.75,3249,3248.75,3249,0,313,N/A
ESH20,1/2/2020 6:49,3248.75,3249,3248.75,3249,0.25,33,N/A
ESH20,1/2/2020 6:48,3249.25,3249.25,3248.75,3248.75,-0.5,193,N/A
ESH20,1/2/2020 6:47,3249.25,3249.25,3249,3249.25,0,38,N/A
ESH20,1/2/2020 6:46,3249,3249.25,3249,3249.25,0.25,25,N/A
ESH20,1/2/2020 6:45,3249,3249.25,3249,3249,0,25,N/A
ESH20,1/2/2020 6:44,3248.75,3249,3248.5,3249,0.5,381,N/A
ESH20,1/2/2020 6:43,3249.25,3249.5,3248.5,3248.5,-0.75,795,N/A
ESH20,1/2/2020 6:42,3249.25,3249.25,3249,3249.25,0,234,N/A
ESH20,1/2/2020 6:41,3249,3249.25,3249,3249.25,0.25,110,N/A
ESH20,1/2/2020 6:40,3249.25,3249.5,3249,3249,-0.25,152,N/A
ESH20,1/2/2020 6:39,3249,3249.5,3249,3249.25,0.25,148,N/A
ESH20,1/2/2020 6:38,3249,3249.25,3249,3249,0,236,N/A
ESH20,1/2/2020 6:37,3249.25,3249.25,3249,3249,0,106,N/A
ESH20,1/2/2020 6:36,3249.25,3249.25,3249,3249,0,76,N/A
ESH20,1/2/2020 6:35,3249.5,3249.5,3249,3249,-0.5,134,N/A
ESH20,1/2/2020 6:34,3249.5,3249.5,3249,3249.5,0,194,N/A
ESH20,1/2/2020 6:33,3249.25,3249.5,3249,3249.5,0.25,85,N/A
ESH20,1/2/2020 6:32,3249.25,3249.25,3249,3249.25,0,158,N/A
ESH20,1/2/2020 6:31,3249,3249.25,3249,3249.25,0.25,112,N/A
ESH20,1/2/2020 6:30,3249,3249.25,3248.75,3249,0,341,N/A
ESH20,1/2/2020 6:29,3249,3249,3248.75,3249,0,158,N/A
ESH20,1/2/2020 6:28,3249,3249,3248.75,3249,0,23,N/A
ESH20,1/2/2020 6:27,3249,3249,3248.75,3249,0.25,99,N/A
ESH20,1/2/2020 6:26,3249,3249,3248.75,3248.75,-0.25,222,N/A
ESH20,1/2/2020 6:25,3248.75,3249,3248.75,3249,0.25,13,N/A
ESH20,1/2/2020 6:24,3248.75,3249,3248.5,3248.75,0,186,N/A
ESH20,1/2/2020 6:23,3248.75,3249,3248.75,3248.75,0,204,N/A
ESH20,1/2/2020 6:22,3248.75,3249,3248.5,3248.75,0,267,N/A
ESH20,1/2/2020 6:21,3248.75,3248.75,3248.75,3248.75,0,22,N/A
ESH20,1/2/2020 6:20,3248.25,3249,3248.25,3248.75,0.75,900,N/A
ESH20,1/2/2020 6:19,3248,3248.25,3247.75,3248,0,152,N/A
ESH20,1/2/2020 6:18,3247.75,3248,3247.5,3248,0.25,233,N/A
ESH20,1/2/2020 6:17,3247.75,3247.75,3247.5,3247.75,0.25,39,N/A
ESH20,1/2/2020 6:16,3247.75,3247.75,3247.5,3247.5,-0.25,29,N/A
ESH20,1/2/2020 6:15,3247.5,3247.75,3247.5,3247.75,0.25,250,N/A
ESH20,1/2/2020 6:14,3247.75,3247.75,3247.25,3247.5,0,350,N/A
ESH20,1/2/2020 6:13,3247.75,3248,3247.5,3247.5,-0.5,162,N/A
ESH20,1/2/2020 6:12,3248,3248.25,3247.75,3248,-0.25,200,N/A
ESH20,1/2/2020 6:11,3247.75,3248.25,3247.75,3248.25,0.25,90,N/A
ESH20,1/2/2020 6:10,3247.75,3248,3247.75,3248,0,121,N/A
ESH20,1/2/2020 6:09,3247.75,3248,3247.5,3248,0.25,554,N/A
ESH20,1/2/2020 6:08,3247.75,3248,3247.75,3247.75,-0.25,20,N/A
ESH20,1/2/2020 6:07,3247.75,3248,3247.75,3248,0.25,74,N/A
ESH20,1/2/2020 6:06,3247.75,3247.75,3247.5,3247.75,0,217,N/A
ESH20,1/2/2020 6:05,3247.75,3247.75,3247.5,3247.75,0,66,N/A
ESH20,1/2/2020 6:04,3247.75,3248,3247.75,3247.75,-0.25,115,N/A
ESH20,1/2/2020 6:03,3247.75,3248.25,3247.75,3248,0.25,377,N/A
ESH20,1/2/2020 6:02,3247.5,3247.75,3247.5,3247.75,0.25,291,N/A
ESH20,1/2/2020 6:01,3247.5,3247.5,3247.25,3247.5,0.25,156,N/A
ESH20,1/2/2020 6:00,3247.5,3247.5,3247.25,3247.25,-0.25,159,N/A
ESH20,1/2/2020 5:59,3247.5,3247.75,3247.25,3247.5,0,277,N/A
ESH20,1/2/2020 5:58,3247.5,3247.75,3247.5,3247.5,-0.25,165,N/A
ESH20,1/2/2020 5:57,3247.75,3247.75,3247.5,3247.75,0,218,N/A
ESH20,1/2/2020 5:56,3248.25,3248.25,3247.5,3247.75,-0.5,389,N/A
ESH20,1/2/2020 5:55,3248,3248.25,3247.75,3248.25,0.25,298,N/A
ESH20,1/2/2020 5:54,3247.75,3248,3247.75,3248,0.25,151,N/A
ESH20,1/2/2020 5:53,3247.75,3247.75,3247.75,3247.75,0,11,N/A
ESH20,1/2/2020 5:52,3247.75,3247.75,3247.5,3247.75,0.25,89,N/A
ESH20,1/2/2020 5:51,3248,3248,3247.5,3247.5,-0.25,280,N/A
ESH20,1/2/2020 5:50,3247.75,3248,3247.5,3247.75,0,181,N/A
ESH20,1/2/2020 5:49,3248,3248,3247.5,3247.75,-0.25,90,N/A
ESH20,1/2/2020 5:48,3247.5,3248,3247.25,3248,0.5,274,N/A
ESH20,1/2/2020 5:47,3247.5,3247.5,3247.5,3247.5,0,113,N/A
ESH20,1/2/2020 5:46,3247.5,3247.75,3247.5,3247.5,0,215,N/A
ESH20,1/2/2020 5:45,3247.75,3247.75,3247.5,3247.5,-0.25,330,N/A
ESH20,1/2/2020 5:44,3248,3248,3247.75,3247.75,-0.25,290,N/A
ESH20,1/2/2020 5:43,3248.25,3248.25,3248,3248,0,22,N/A
ESH20,1/2/2020 5:42,3248,3248.25,3247.75,3248,0,225,N/A
ESH20,1/2/2020 5:41,3248.25,3248.5,3248,3248,-0.25,72,N/A
ESH20,1/2/2020 5:40,3248,3248.25,3248,3248.25,0.25,237,N/A
ESH20,1/2/2020 5:39,3248.5,3248.5,3248,3248,-0.25,253,N/A
ESH20,1/2/2020 5:38,3248.25,3248.25,3248.25,3248.25,0,249,N/A
ESH20,1/2/2020 5:37,3248.25,3248.5,3248.25,3248.25,-0.25,46,N/A
ESH20,1/2/2020 5:36,3247.75,3248.5,3247.75,3248.5,0.5,260,N/A
ESH20,1/2/2020 5:35,3247.75,3248,3247.75,3248,0.25,152,N/A
ESH20,1/2/2020 5:34,3247.75,3248,3247.5,3247.75,0,124,N/A
ESH20,1/2/2020 5:33,3247.75,3248,3247.75,3247.75,0,193,N/A
ESH20,1/2/2020 5:32,3248,3248,3247.75,3247.75,-0.25,164,N/A
ESH20,1/2/2020 5:31,3248.25,3248.5,3247.75,3248,-0.5,151,N/A
ESH20,1/2/2020 5:30,3248.5,3248.5,3248.25,3248.5,-0.25,204,N/A
ESH20,1/2/2020 5:29,3248.5,3248.75,3248.5,3248.75,0,278,N/A
ESH20,1/2/2020 5:28,3248.75,3248.75,3248.5,3248.75,0,22,N/A
ESH20,1/2/2020 5:27,3248.75,3248.75,3248.5,3248.75,0,49,N/A
ESH20,1/2/2020 5:26,3248.5,3248.75,3248.5,3248.75,0.25,191,N/A
ESH20,1/2/2020 5:25,3248.5,3248.5,3248.5,3248.5,-0.25,307,N/A
ESH20,1/2/2020 5:24,3248.5,3248.75,3248.25,3248.75,0.5,435,N/A
ESH20,1/2/2020 5:23,3248.25,3248.5,3248.25,3248.25,0,158,N/A
ESH20,1/2/2020 5:22,3248.25,3248.5,3248.25,3248.25,0,164,N/A
ESH20,1/2/2020 5:21,3248.25,3248.5,3248.25,3248.25,0,62,N/A
ESH20,1/2/2020 5:20,3248.5,3248.5,3248.25,3248.25,-0.25,343,N/A
ESH20,1/2/2020 5:19,3249.25,3249.25,3248.5,3248.5,-1,366,N/A
ESH20,1/2/2020 5:18,3249.25,3249.5,3249.25,3249.5,0.25,79,N/A
ESH20,1/2/2020 5:17,3249.25,3249.5,3249.25,3249.25,0,74,N/A
ESH20,1/2/2020 5:16,3249.25,3249.25,3249.25,3249.25,0,93,N/A
ESH20,1/2/2020 5:15,3249.25,3249.5,3249,3249.25,0,522,N/A
ESH20,1/2/2020 5:14,3249.25,3249.5,3249.25,3249.25,-0.25,158,N/A
ESH20,1/2/2020 5:13,3249.25,3249.5,3249.25,3249.5,0.25,13,N/A
ESH20,1/2/2020 5:12,3249.5,3249.5,3249.25,3249.25,-0.25,277,N/A
ESH20,1/2/2020 5:11,3249.5,3249.75,3249.5,3249.5,0,110,N/A
ESH20,1/2/2020 5:10,3249.5,3249.75,3249.5,3249.5,0,144,N/A
ESH20,1/2/2020 5:09,3249.75,3250,3249.5,3249.5,-0.5,284,N/A
ESH20,1/2/2020 5:08,3249.75,3250,3249.75,3250,0,7,N/A
ESH20,1/2/2020 5:07,3249.75,3250,3249.75,3250,0.25,125,N/A
ESH20,1/2/2020 5:06,3249.5,3249.75,3249.5,3249.75,0.25,69,N/A
ESH20,1/2/2020 5:05,3249.5,3249.75,3249.5,3249.5,-0.25,176,N/A
ESH20,1/2/2020 5:04,3250.25,3250.25,3249.5,3249.75,-0.5,501,N/A
ESH20,1/2/2020 5:03,3250.25,3250.5,3250.25,3250.25,0,259,N/A
ESH20,1/2/2020 5:02,3250,3250.25,3249.75,3250.25,0.5,171,N/A
ESH20,1/2/2020 5:01,3250,3250,3249.75,3249.75,-0.25,316,N/A
ESH20,1/2/2020 5:00,3250,3250.25,3250,3250,0,140,N/A
ESH20,1/2/2020 4:59,3250,3250.25,3250,3250,-0.25,39,N/A
ESH20,1/2/2020 4:58,3250.5,3250.5,3250.25,3250.25,-0.25,211,N/A
ESH20,1/2/2020 4:57,3250.5,3250.5,3250.25,3250.5,0,268,N/A
ESH20,1/2/2020 4:56,3250.75,3250.75,3250.5,3250.5,-0.25,56,N/A
ESH20,1/2/2020 4:55,3250.25,3250.75,3250.25,3250.75,0.25,316,N/A
ESH20,1/2/2020 4:54,3250.5,3250.5,3250.25,3250.5,0.25,142,N/A
ESH20,1/2/2020 4:53,3250.25,3250.5,3250.25,3250.25,0,98,N/A
ESH20,1/2/2020 4:52,3250,3250.5,3250,3250.25,0.25,198,N/A
ESH20,1/2/2020 4:51,3250.5,3250.5,3250,3250,-0.25,100,N/A
ESH20,1/2/2020 4:50,3251,3251,3250.25,3250.25,-0.75,253,N/A
ESH20,1/2/2020 4:49,3251,3251,3250.75,3251,0,31,N/A
ESH20,1/2/2020 4:48,3250.75,3251,3250.5,3251,0.25,212,N/A
ESH20,1/2/2020 4:47,3250.75,3251,3250.5,3250.75,0,288,N/A
ESH20,1/2/2020 4:46,3250.75,3251,3250.5,3250.75,0,502,N/A
ESH20,1/2/2020 4:45,3250.75,3250.75,3250.5,3250.75,0,29,N/A
ESH20,1/2/2020 4:44,3250.75,3250.75,3250.5,3250.75,0.25,337,N/A
ESH20,1/2/2020 4:43,3250.75,3250.75,3250.5,3250.5,0,810,N/A
ESH20,1/2/2020 4:42,3250.5,3250.5,3250.5,3250.5,0,261,N/A
ESH20,1/2/2020 4:41,3250.25,3250.5,3250.25,3250.5,0.5,274,N/A
ESH20,1/2/2020 4:40,3250.25,3250.25,3250,3250,-0.25,197,N/A
ESH20,1/2/2020 4:39,3250.5,3250.5,3250.25,3250.25,-0.25,14,N/A
ESH20,1/2/2020 4:38,3250.5,3250.5,3250.5,3250.5,0,9,N/A
ESH20,1/2/2020 4:37,3250.5,3250.5,3250.25,3250.5,0.25,34,N/A
ESH20,1/2/2020 4:36,3250.25,3250.5,3250,3250.25,-0.25,139,N/A
ESH20,1/2/2020 4:35,3250.5,3250.5,3250,3250.5,0.25,459,N/A
ESH20,1/2/2020 4:34,3250.25,3250.25,3250,3250.25,0,121,N/A
ESH20,1/2/2020 4:33,3250,3250.5,3250,3250.25,0.25,198,N/A
ESH20,1/2/2020 4:32,3250.5,3250.5,3250,3250,-0.5,258,N/A
ESH20,1/2/2020 4:31,3250,3250.5,3250,3250.5,0.25,217,N/A
ESH20,1/2/2020 4:30,3250.25,3250.25,3250.25,3250.25,0,136,N/A
ESH20,1/2/2020 4:29,3250.25,3250.5,3250.25,3250.25,-0.25,341,N/A
ESH20,1/2/2020 4:28,3250.5,3250.5,3250.25,3250.5,0,27,N/A
ESH20,1/2/2020 4:27,3250,3250.5,3250,3250.5,0.5,266,N/A
ESH20,1/2/2020 4:26,3250,3250,3249.75,3250,0,121,N/A
ESH20,1/2/2020 4:25,3250,3250,3249.5,3250,0.25,252,N/A
ESH20,1/2/2020 4:24,3250.25,3250.25,3249.75,3249.75,-0.5,164,N/A
ESH20,1/2/2020 4:23,3250,3250.25,3250,3250.25,0.25,117,N/A
ESH20,1/2/2020 4:22,3249.5,3250,3249.25,3250,0.75,395,N/A
ESH20,1/2/2020 4:21,3249.5,3249.5,3249.25,3249.25,-0.25,110,N/A
ESH20,1/2/2020 4:20,3249.5,3249.75,3249.25,3249.5,0,169,N/A
ESH20,1/2/2020 4:19,3249.75,3249.75,3249.5,3249.5,-0.25,40,N/A
ESH20,1/2/2020 4:18,3249.75,3249.75,3249.25,3249.75,0,207,N/A
ESH20,1/2/2020 4:17,3249.5,3250,3249.5,3249.75,0.5,263,N/A
ESH20,1/2/2020 4:16,3249,3249.5,3249,3249.25,0.5,319,N/A
ESH20,1/2/2020 4:15,3249.25,3249.25,3248.75,3248.75,-0.5,354,N/A
ESH20,1/2/2020 4:14,3249,3249.25,3249,3249.25,0,43,N/A
ESH20,1/2/2020 4:13,3249.25,3249.25,3249,3249.25,0,134,N/A
ESH20,1/2/2020 4:12,3249.25,3249.5,3249.25,3249.25,0,211,N/A
ESH20,1/2/2020 4:11,3249.25,3249.5,3249.25,3249.25,0,311,N/A
ESH20,1/2/2020 4:10,3249,3249.5,3249,3249.25,0.25,258,N/A
ESH20,1/2/2020 4:09,3249.5,3249.75,3249,3249,-0.5,241,N/A
ESH20,1/2/2020 4:08,3249.5,3249.5,3249.25,3249.5,0,182,N/A
ESH20,1/2/2020 4:07,3249.25,3249.75,3249.25,3249.5,0,377,N/A
ESH20,1/2/2020 4:06,3249.5,3249.75,3249.5,3249.5,-0.25,240,N/A
ESH20,1/2/2020 4:05,3249.5,3249.75,3249.5,3249.75,0,253,N/A
ESH20,1/2/2020 4:04,3249.25,3249.75,3249.25,3249.75,0.25,351,N/A
ESH20,1/2/2020 4:03,3249.25,3249.75,3249.25,3249.5,0.25,447,N/A
ESH20,1/2/2020 4:02,3249.75,3249.75,3249.25,3249.25,-0.5,342,N/A
ESH20,1/2/2020 4:01,3249.5,3249.75,3249.25,3249.75,0.5,586,N/A
ESH20,1/2/2020 4:00,3249.25,3249.25,3249,3249.25,0,143,N/A
ESH20,1/2/2020 3:59,3249.25,3249.25,3249.25,3249.25,0,162,N/A
ESH20,1/2/2020 3:58,3249,3249.25,3249,3249.25,0,8,N/A
ESH20,1/2/2020 3:57,3249,3249.25,3249,3249.25,0.25,269,N/A
ESH20,1/2/2020 3:56,3249.5,3249.5,3249,3249,-0.25,95,N/A
ESH20,1/2/2020 3:55,3249.25,3249.25,3249.25,3249.25,0.25,187,N/A
ESH20,1/2/2020 3:54,3249,3249.25,3248.75,3249,0,213,N/A
ESH20,1/2/2020 3:53,3248.5,3249.25,3248.5,3249,0.25,193,N/A
ESH20,1/2/2020 3:52,3248.75,3248.75,3248.5,3248.75,0,155,N/A
ESH20,1/2/2020 3:51,3249,3249,3248.75,3248.75,-0.25,172,N/A
ESH20,1/2/2020 3:50,3248.5,3249,3248.5,3249,0.25,255,N/A
ESH20,1/2/2020 3:49,3248.25,3248.75,3248.25,3248.75,0.5,204,N/A
ESH20,1/2/2020 3:48,3248,3248.25,3248,3248.25,0,229,N/A
ESH20,1/2/2020 3:47,3248.25,3248.5,3248,3248.25,0.25,224,N/A
ESH20,1/2/2020 3:46,3248,3248.25,3247.75,3248,0,196,N/A
ESH20,1/2/2020 3:45,3248,3248,3247.75,3248,0,470,N/A
ESH20,1/2/2020 3:44,3247.5,3248,3247.5,3248,0.25,106,N/A
ESH20,1/2/2020 3:43,3248.25,3248.25,3247.75,3247.75,-0.75,432,N/A
ESH20,1/2/2020 3:42,3248.75,3249,3248.25,3248.5,-0.25,264,N/A
ESH20,1/2/2020 3:41,3249,3249.75,3248.75,3248.75,-0.25,1651,N/A
ESH20,1/2/2020 3:40,3248.75,3249,3248.5,3249,0.25,268,N/A
ESH20,1/2/2020 3:39,3248.75,3249,3248.5,3248.75,0,119,N/A
ESH20,1/2/2020 3:38,3249,3249,3248.25,3248.75,-0.25,776,N/A
ESH20,1/2/2020 3:37,3248.75,3249,3248.75,3249,0.25,361,N/A
ESH20,1/2/2020 3:36,3248.75,3249,3248.75,3248.75,0,508,N/A
ESH20,1/2/2020 3:35,3248.75,3248.75,3248.5,3248.75,0.25,382,N/A
ESH20,1/2/2020 3:34,3248.5,3248.5,3248.25,3248.5,0.25,402,N/A
ESH20,1/2/2020 3:33,3248,3248.25,3248,3248.25,0.5,280,N/A
ESH20,1/2/2020 3:32,3248.5,3248.5,3247.75,3247.75,-0.5,235,N/A
ESH20,1/2/2020 3:31,3248.5,3248.5,3248.25,3248.25,0,362,N/A
ESH20,1/2/2020 3:30,3248.5,3248.5,3247.75,3248.25,-0.25,575,N/A
ESH20,1/2/2020 3:29,3248.5,3248.75,3248.5,3248.5,-0.25,43,N/A
ESH20,1/2/2020 3:28,3248.75,3248.75,3248.5,3248.75,0,187,N/A
ESH20,1/2/2020 3:27,3248.5,3248.75,3248.5,3248.75,0.25,138,N/A
ESH20,1/2/2020 3:26,3248.75,3249,3248.5,3248.5,0,152,N/A
ESH20,1/2/2020 3:25,3248.5,3248.75,3248.5,3248.5,0,154,N/A
ESH20,1/2/2020 3:24,3248.75,3248.75,3248.5,3248.5,-0.25,196,N/A
ESH20,1/2/2020 3:23,3249,3249,3248.5,3248.75,0,272,N/A
ESH20,1/2/2020 3:22,3248.5,3249,3248.5,3248.75,0,270,N/A
ESH20,1/2/2020 3:21,3248.75,3249,3248.75,3248.75,0,289,N/A
ESH20,1/2/2020 3:20,3248.5,3248.75,3248.5,3248.75,0.25,113,N/A
ESH20,1/2/2020 3:19,3248.5,3248.75,3248.25,3248.5,0,413,N/A
ESH20,1/2/2020 3:18,3249.25,3249.25,3248.25,3248.5,-0.75,480,N/A
ESH20,1/2/2020 3:17,3249,3249.25,3248.75,3249.25,0.5,282,N/A
ESH20,1/2/2020 3:16,3248.25,3249,3248.25,3248.75,0.25,333,N/A
ESH20,1/2/2020 3:15,3249,3249,3248.5,3248.5,-0.5,177,N/A
ESH20,1/2/2020 3:14,3248.75,3249,3248.75,3249,0.25,171,N/A
ESH20,1/2/2020 3:13,3249,3249,3248.5,3248.75,0,420,N/A
ESH20,1/2/2020 3:12,3248.75,3249,3248.5,3248.75,0.25,258,N/A
ESH20,1/2/2020 3:11,3248,3248.75,3248,3248.5,0.5,407,N/A
ESH20,1/2/2020 3:10,3248.5,3248.75,3248,3248,-0.25,703,N/A
ESH20,1/2/2020 3:09,3248.75,3249,3248,3248.25,-0.5,831,N/A
ESH20,1/2/2020 3:08,3248.5,3249,3248.25,3248.75,0.5,483,N/A
ESH20,1/2/2020 3:07,3248.5,3248.75,3248.25,3248.25,-0.25,693,N/A
ESH20,1/2/2020 3:06,3248,3248.75,3247.75,3248.5,0.5,897,N/A
ESH20,1/2/2020 3:05,3248,3248,3247.75,3248,0,390,N/A
ESH20,1/2/2020 3:04,3247.75,3248,3247.25,3248,0.5,809,N/A
ESH20,1/2/2020 3:03,3248,3248.25,3247.5,3247.5,-0.5,623,N/A
ESH20,1/2/2020 3:02,3247.75,3248.25,3247.5,3248,0.25,1023,N/A
ESH20,1/2/2020 3:01,3247.5,3247.75,3247.25,3247.75,0.25,282,N/A
ESH20,1/2/2020 3:00,3247.25,3247.5,3247,3247.5,0.25,583,N/A
ESH20,1/2/2020 2:59,3247.5,3248,3247.25,3247.25,0,909,N/A
ESH20,1/2/2020 2:58,3247.25,3247.75,3247.25,3247.25,0.25,518,N/A
ESH20,1/2/2020 2:57,3247,3247.5,3246.5,3247,0.25,613,N/A
ESH20,1/2/2020 2:56,3246.5,3247,3246.25,3246.75,0.5,684,N/A
ESH20,1/2/2020 2:55,3246.75,3246.75,3246,3246.25,-0.5,507,N/A
ESH20,1/2/2020 2:54,3246.75,3247,3246.5,3246.75,0.25,701,N/A
ESH20,1/2/2020 2:53,3247.5,3247.5,3246,3246.5,-0.75,1097,N/A
ESH20,1/2/2020 2:52,3247,3248,3247,3247.25,0.25,1332,N/A
ESH20,1/2/2020 2:51,3244.25,3247.5,3244.25,3247,3,3932,N/A
ESH20,1/2/2020 2:50,3243.25,3244.25,3243.25,3244,1,874,N/A
ESH20,1/2/2020 2:49,3243,3243,3242.75,3243,-0.25,271,N/A
ESH20,1/2/2020 2:48,3242.5,3243.25,3242.5,3243.25,0.75,270,N/A
ESH20,1/2/2020 2:47,3243,3243,3242.5,3242.5,-0.75,201,N/A
ESH20,1/2/2020 2:46,3243.25,3243.25,3243,3243.25,0,331,N/A
ESH20,1/2/2020 2:45,3243.25,3243.5,3243,3243.25,0,396,N/A
ESH20,1/2/2020 2:44,3243.25,3243.25,3243,3243.25,0.25,210,N/A
ESH20,1/2/2020 2:43,3243,3243.25,3243,3243,-0.25,163,N/A
ESH20,1/2/2020 2:42,3243,3243.5,3242.75,3243.25,0.25,449,N/A
ESH20,1/2/2020 2:41,3243.75,3243.75,3243,3243,-0.75,438,N/A
ESH20,1/2/2020 2:40,3243.5,3244.25,3243.5,3243.75,0.25,528,N/A
ESH20,1/2/2020 2:39,3243.75,3244,3243.25,3243.5,-0.25,371,N/A
ESH20,1/2/2020 2:38,3243.75,3244,3243.5,3243.75,0.25,310,N/A
ESH20,1/2/2020 2:37,3243.75,3243.75,3243.5,3243.5,-0.5,294,N/A
ESH20,1/2/2020 2:36,3243.5,3244,3243.5,3244,0.5,683,N/A
ESH20,1/2/2020 2:35,3243,3243.5,3243,3243.5,0.25,115,N/A
ESH20,1/2/2020 2:34,3243.25,3243.25,3243,3243.25,0,96,N/A
ESH20,1/2/2020 2:33,3243.25,3243.75,3243,3243.25,0.25,481,N/A
ESH20,1/2/2020 2:32,3243,3243.25,3243,3243,0,180,N/A
ESH20,1/2/2020 2:31,3243.25,3243.25,3243,3243,-0.25,204,N/A
ESH20,1/2/2020 2:30,3243,3243.5,3243,3243.25,0.25,176,N/A
ESH20,1/2/2020 2:29,3242.75,3243.25,3242.75,3243,0,320,N/A
ESH20,1/2/2020 2:28,3243.25,3243.25,3242.75,3243,-0.25,174,N/A
ESH20,1/2/2020 2:27,3243,3243.25,3242.75,3243.25,0.25,210,N/A
ESH20,1/2/2020 2:26,3243,3243.25,3242.75,3243,0,393,N/A
ESH20,1/2/2020 2:25,3243.5,3243.75,3243,3243,-0.5,535,N/A
ESH20,1/2/2020 2:24,3243.5,3243.5,3243.25,3243.5,-0.25,318,N/A
ESH20,1/2/2020 2:23,3243.75,3244,3243.5,3243.75,0,302,N/A
ESH20,1/2/2020 2:22,3244,3244,3243.5,3243.75,0,424,N/A
ESH20,1/2/2020 2:21,3243.5,3244,3243.5,3243.75,0.25,343,N/A
ESH20,1/2/2020 2:20,3244.5,3244.75,3243.5,3243.5,-0.75,681,N/A
ESH20,1/2/2020 2:19,3244.25,3244.5,3244,3244.25,0,451,N/A
ESH20,1/2/2020 2:18,3244.25,3244.5,3244,3244.25,0.25,300,N/A
ESH20,1/2/2020 2:17,3244.25,3244.25,3244,3244,0,315,N/A
ESH20,1/2/2020 2:16,3244,3244.5,3244,3244,0,698,N/A
ESH20,1/2/2020 2:15,3244.25,3244.5,3244,3244,-0.5,165,N/A
ESH20,1/2/2020 2:14,3244.5,3244.75,3244.25,3244.5,0,453,N/A
ESH20,1/2/2020 2:13,3244.75,3245,3244,3244.5,-0.25,527,N/A
ESH20,1/2/2020 2:12,3244.75,3245,3244.25,3244.75,0.25,753,N/A
ESH20,1/2/2020 2:11,3244,3244.75,3244,3244.5,0.75,956,N/A
ESH20,1/2/2020 2:10,3243.5,3243.75,3243.5,3243.75,0.25,573,N/A
ESH20,1/2/2020 2:09,3243.75,3243.75,3243.25,3243.5,0,325,N/A
ESH20,1/2/2020 2:08,3243.5,3243.75,3243.25,3243.5,0.25,559,N/A
ESH20,1/2/2020 2:07,3243.5,3243.75,3243.25,3243.25,-0.25,661,N/A
ESH20,1/2/2020 2:06,3243.25,3243.5,3243,3243.5,0.25,140,N/A
ESH20,1/2/2020 2:05,3243.25,3244,3243,3243.25,0,1021,N/A
ESH20,1/2/2020 2:04,3243.25,3243.5,3243,3243.25,0.25,379,N/A
ESH20,1/2/2020 2:03,3243.25,3243.5,3243,3243,-0.25,254,N/A
ESH20,1/2/2020 2:02,3243,3243.75,3243,3243.25,0.25,577,N/A
ESH20,1/2/2020 2:01,3242.5,3243,3242.5,3243,0.25,434,N/A
ESH20,1/2/2020 2:00,3243,3243,3242.25,3242.75,-0.25,1234,N/A
ESH20,1/2/2020 1:59,3242.75,3243,3242.75,3243,0.25,209,N/A
ESH20,1/2/2020 1:58,3242.75,3243,3242.5,3242.75,-0.25,205,N/A
ESH20,1/2/2020 1:57,3243,3243,3243,3243,0.25,12,N/A
ESH20,1/2/2020 1:56,3242.75,3243,3242.75,3242.75,-0.25,157,N/A
ESH20,1/2/2020 1:55,3243,3243,3242.5,3243,0.25,151,N/A
ESH20,1/2/2020 1:54,3243,3243,3242.75,3242.75,-0.25,21,N/A
ESH20,1/2/2020 1:53,3243,3243.25,3243,3243,0,61,N/A
ESH20,1/2/2020 1:52,3243.25,3243.25,3242.75,3243,-0.25,230,N/A
ESH20,1/2/2020 1:51,3243.25,3243.25,3243,3243.25,-0.25,75,N/A
ESH20,1/2/2020 1:50,3243.5,3243.5,3242.75,3243.5,0.25,279,N/A
ESH20,1/2/2020 1:49,3243.5,3243.5,3243.25,3243.25,0,23,N/A
ESH20,1/2/2020 1:48,3243.5,3243.5,3243.25,3243.25,-0.25,157,N/A
ESH20,1/2/2020 1:47,3243.25,3243.5,3243,3243.5,0.25,416,N/A
ESH20,1/2/2020 1:46,3243,3243.25,3242.75,3243.25,0.5,126,N/A
ESH20,1/2/2020 1:45,3242.75,3243,3242.75,3242.75,0,34,N/A
ESH20,1/2/2020 1:44,3242.5,3242.75,3242.5,3242.75,0.5,109,N/A
ESH20,1/2/2020 1:43,3242.25,3242.5,3242.25,3242.25,0,87,N/A
ESH20,1/2/2020 1:42,3242.25,3242.5,3242.25,3242.25,-0.25,101,N/A
ESH20,1/2/2020 1:41,3242.25,3242.5,3242.25,3242.5,0.25,6,N/A
ESH20,1/2/2020 1:40,3242.75,3242.75,3242.25,3242.25,-0.5,108,N/A
ESH20,1/2/2020 1:39,3242.75,3243,3242.75,3242.75,0,131,N/A
ESH20,1/2/2020 1:38,3242.75,3243,3242.75,3242.75,-0.25,28,N/A
ESH20,1/2/2020 1:37,3242.75,3243,3242.75,3243,0.25,25,N/A
ESH20,1/2/2020 1:36,3243,3243,3242.75,3242.75,0,140,N/A
ESH20,1/2/2020 1:35,3242.5,3243,3242.5,3242.75,0.25,211,N/A
ESH20,1/2/2020 1:34,3242.25,3242.75,3242.25,3242.5,0.25,92,N/A
ESH20,1/2/2020 1:33,3242.25,3242.5,3242.25,3242.25,0,62,N/A
ESH20,1/2/2020 1:32,3242,3242.25,3242,3242.25,0,259,N/A
ESH20,1/2/2020 1:31,3242.25,3242.5,3242.25,3242.25,0,155,N/A
ESH20,1/2/2020 1:30,3242.25,3242.5,3242.25,3242.25,0,207,N/A
ESH20,1/2/2020 1:29,3242.5,3242.5,3242.25,3242.25,-0.25,123,N/A
ESH20,1/2/2020 1:28,3242.5,3242.75,3242.5,3242.5,0,66,N/A
ESH20,1/2/2020 1:27,3242.5,3242.5,3242.5,3242.5,0,85,N/A
ESH20,1/2/2020 1:26,3242.5,3242.75,3242.5,3242.5,0,126,N/A
ESH20,1/2/2020 1:25,3242.75,3242.75,3242.5,3242.5,0,55,N/A
ESH20,1/2/2020 1:24,3242.5,3242.5,3242.25,3242.5,0.25,73,N/A
ESH20,1/2/2020 1:23,3242.75,3242.75,3242.25,3242.25,-0.5,288,N/A
ESH20,1/2/2020 1:22,3242.5,3242.75,3242.5,3242.75,0,248,N/A
ESH20,1/2/2020 1:21,3242.5,3242.75,3242.25,3242.75,0.25,356,N/A
ESH20,1/2/2020 1:20,3242.25,3242.5,3242.25,3242.5,0,219,N/A
ESH20,1/2/2020 1:19,3242.5,3242.5,3242.25,3242.5,0,134,N/A
ESH20,1/2/2020 1:18,3242.25,3242.75,3242.25,3242.5,0.25,253,N/A
ESH20,1/2/2020 1:17,3241.25,3242.75,3241.25,3242.25,1,805,N/A
ESH20,1/2/2020 1:16,3241.5,3241.5,3241,3241.25,-0.25,127,N/A
ESH20,1/2/2020 1:15,3241,3241.5,3241,3241.5,0.5,295,N/A
ESH20,1/2/2020 1:14,3240.75,3241,3240.75,3241,0.5,91,N/A
ESH20,1/2/2020 1:13,3240.75,3241,3240.5,3240.5,-0.25,152,N/A
ESH20,1/2/2020 1:12,3240.75,3240.75,3240.5,3240.75,0,131,N/A
ESH20,1/2/2020 1:11,3241,3241,3240.5,3240.75,-0.25,430,N/A
ESH20,1/2/2020 1:10,3241,3241,3240.75,3241,0.25,151,N/A
ESH20,1/2/2020 1:09,3240.75,3240.75,3240.5,3240.75,0,199,N/A
ESH20,1/2/2020 1:08,3241,3241,3240.75,3240.75,0,63,N/A
ESH20,1/2/2020 1:07,3240.5,3241,3240.5,3240.75,0.25,187,N/A
ESH20,1/2/2020 1:06,3240.75,3240.75,3240.25,3240.5,0,142,N/A
ESH20,1/2/2020 1:05,3240.5,3240.5,3240.25,3240.5,0,80,N/A
ESH20,1/2/2020 1:04,3240.75,3240.75,3240.5,3240.5,0,64,N/A
ESH20,1/2/2020 1:03,3240.5,3240.75,3240.5,3240.5,0.25,206,N/A
ESH20,1/2/2020 1:02,3240.25,3240.5,3240,3240.25,0,121,N/A
ESH20,1/2/2020 1:01,3240.5,3240.75,3240.25,3240.25,-0.25,216,N/A
ESH20,1/2/2020 1:00,3240.25,3241.5,3240.25,3240.5,0.5,1063,N/A
ESH20,1/2/2020 0:59,3240.25,3240.5,3240,3240,-0.25,39,N/A
ESH20,1/2/2020 0:58,3240.25,3240.25,3240,3240.25,0,157,N/A
ESH20,1/2/2020 0:57,3240.25,3240.25,3240.25,3240.25,0,47,N/A
ESH20,1/2/2020 0:56,3240.25,3240.5,3240.25,3240.25,0,113,N/A
ESH20,1/2/2020 0:55,3240.25,3240.25,3240,3240.25,-0.25,87,N/A
ESH20,1/2/2020 0:54,3240.25,3240.5,3240.25,3240.5,0.25,23,N/A
ESH20,1/2/2020 0:53,3240.25,3240.25,3240.25,3240.25,0,16,N/A
ESH20,1/2/2020 0:52,3239.75,3240.25,3239.75,3240.25,0.5,49,N/A
ESH20,1/2/2020 0:51,3239.75,3239.75,3239.5,3239.75,0.25,109,N/A
ESH20,1/2/2020 0:50,3239.5,3239.5,3239.5,3239.5,0,1,N/A
ESH20,1/2/2020 0:49,3239.5,3239.5,3239.5,3239.5,-0.25,50,N/A
ESH20,1/2/2020 0:48,3239.5,3239.75,3239.5,3239.75,0,2,N/A
ESH20,1/2/2020 0:47,3239.5,3239.75,3239.5,3239.75,0,26,N/A
ESH20,1/2/2020 0:46,3239.5,3239.75,3239.5,3239.75,0,5,N/A
ESH20,1/2/2020 0:45,3239.5,3239.75,3239.5,3239.75,0.25,33,N/A
ESH20,1/2/2020 0:44,3239.75,3239.75,3239.5,3239.5,-0.25,14,N/A
ESH20,1/2/2020 0:43,3239.75,3239.75,3239.75,3239.75,0,34,N/A
ESH20,1/2/2020 0:42,3239.5,3239.75,3239.5,3239.75,0.25,12,N/A
ESH20,1/2/2020 0:41,3239.75,3239.75,3239.5,3239.5,-0.25,83,N/A
ESH20,1/2/2020 0:40,3239.75,3239.75,3239.5,3239.75,0,22,N/A
ESH20,1/2/2020 0:39,3239.75,3239.75,3239.75,3239.75,0,5,N/A
ESH20,1/2/2020 0:38,3239.75,3239.75,3239.75,3239.75,0.25,4,N/A
ESH20,1/2/2020 0:37,3239.5,3239.5,3239.5,3239.5,0,19,N/A
ESH20,1/2/2020 0:36,3239.5,3239.5,3239.25,3239.5,-0.25,54,N/A
ESH20,1/2/2020 0:35,3239.5,3239.75,3239.5,3239.75,0,134,N/A
ESH20,1/2/2020 0:34,3239.5,3239.75,3239.5,3239.75,0.25,8,N/A
ESH20,1/2/2020 0:33,3239.5,3239.5,3239.5,3239.5,0,3,N/A
ESH20,1/2/2020 0:32,3239.5,3239.75,3239.5,3239.5,0,28,N/A
ESH20,1/2/2020 0:31,3239.75,3239.75,3239.5,3239.5,-0.25,12,N/A
ESH20,1/2/2020 0:30,3239.75,3239.75,3239.5,3239.75,0.25,151,N/A
ESH20,1/2/2020 0:29,3239.75,3239.75,3239.5,3239.5,-0.25,50,N/A
ESH20,1/2/2020 0:28,3239.75,3240,3239.75,3239.75,0,10,N/A
ESH20,1/2/2020 0:27,3239.75,3240,3239.75,3239.75,-0.25,45,N/A
ESH20,1/2/2020 0:26,3240,3240,3240,3240,0,17,N/A
ESH20,1/2/2020 0:25,3240.25,3240.25,3240,3240,0,46,N/A
ESH20,1/2/2020 0:24,3240,3240,3239.75,3240,0.25,89,N/A
ESH20,1/2/2020 0:23,3239.75,3239.75,3239.75,3239.75,0,2,N/A
ESH20,1/2/2020 0:22,3239.75,3239.75,3239.75,3239.75,0,37,N/A
ESH20,1/2/2020 0:21,3239.75,3239.75,3239.5,3239.75,0.25,3,N/A
ESH20,1/2/2020 0:20,3240,3240,3239.5,3239.5,-0.5,31,N/A
ESH20,1/2/2020 0:19,3239.75,3240,3239.75,3240,0.25,14,N/A
ESH20,1/2/2020 0:18,3239.75,3239.75,3239.75,3239.75,0,11,N/A
ESH20,1/2/2020 0:17,3239.75,3239.75,3239.75,3239.75,0.25,3,N/A
ESH20,1/2/2020 0:16,3239.5,3239.5,3239.5,3239.5,0,2,N/A
ESH20,1/2/2020 0:15,3239.25,3239.5,3239.25,3239.5,0,49,N/A
ESH20,1/2/2020 0:14,3239.25,3239.5,3239.25,3239.5,0,21,N/A
ESH20,1/2/2020 0:13,3239.75,3239.75,3239.5,3239.5,-0.25,79,N/A
ESH20,1/2/2020 0:12,3239.75,3239.75,3239.75,3239.75,0,5,N/A
ESH20,1/2/2020 0:11,3240,3240,3239.75,3239.75,0,30,N/A
ESH20,1/2/2020 0:10,3239.75,3239.75,3239.5,3239.75,0,151,N/A
ESH20,1/2/2020 0:09,3239.75,3239.75,3239.75,3239.75,-0.25,3,N/A
ESH20,1/2/2020 0:08,3240,3240,3240,3240,0,1,N/A
ESH20,1/2/2020 0:07,3240,3240.25,3239.75,3240,-0.25,59,N/A
ESH20,1/2/2020 0:06,3240.25,3240.25,3240,3240.25,0,13,N/A
ESH20,1/2/2020 0:05,3239.75,3240.25,3239.75,3240.25,0.5,45,N/A
ESH20,1/2/2020 0:04,3240.25,3240.25,3239.75,3239.75,-0.75,278,N/A
ESH20,1/2/2020 0:03,3240.5,3240.5,3240.5,3240.5,0,18,N/A
ESH20,1/2/2020 0:02,3240.5,3240.5,3240.25,3240.5,0,9,N/A
ESH20,1/2/2020 0:01,3240.5,3240.5,3240.25,3240.5,0,35,N/A
ESH20,1/2/2020 0:00,3240.25,3240.5,3240,3240.5,0.25,59,N/A
ESH20,1/1/2020 23:59,3240,3240.25,3240,3240.25,0.25,145,N/A
ESH20,1/1/2020 23:58,3240,3240,3240,3240,0,19,N/A
ESH20,1/1/2020 23:57,3239.75,3240,3239.75,3240,0.25,4,N/A
ESH20,1/1/2020 23:56,3239.5,3239.75,3239.5,3239.75,0.25,10,N/A
ESH20,1/1/2020 23:55,3239.75,3240,3239.5,3239.5,-0.25,56,N/A
ESH20,1/1/2020 23:54,3239.75,3239.75,3239.75,3239.75,0,41,N/A
ESH20,1/1/2020 23:53,3239.75,3239.75,3239.5,3239.75,0,20,N/A
ESH20,1/1/2020 23:52,3239.75,3239.75,3239.5,3239.75,0,30,N/A
ESH20,1/1/2020 23:51,3239.75,3240,3239.75,3239.75,0,141,N/A
ESH20,1/1/2020 23:50,3239.5,3239.75,3239.5,3239.75,0.25,87,N/A
ESH20,1/1/2020 23:49,3239.25,3239.5,3239.25,3239.5,0.25,62,N/A
ESH20,1/1/2020 23:48,3239.5,3239.5,3239.25,3239.25,-0.25,84,N/A
ESH20,1/1/2020 23:47,3239.5,3239.75,3239.5,3239.5,0,67,N/A
ESH20,1/1/2020 23:46,3239.5,3239.5,3239.5,3239.5,0,1,N/A
ESH20,1/1/2020 23:45,3239.5,3239.75,3239.5,3239.5,0,36,N/A
ESH20,1/1/2020 23:44,3239.75,3239.75,3239.5,3239.5,0,25,N/A
ESH20,1/1/2020 23:43,3239.5,3239.75,3239.5,3239.5,0,38,N/A
ESH20,1/1/2020 23:42,3239.5,3239.75,3239.5,3239.5,0.25,77,N/A
ESH20,1/1/2020 23:41,3239.25,3239.5,3239.25,3239.25,0,16,N/A
ESH20,1/1/2020 23:40,3239.5,3239.5,3239.25,3239.25,-0.25,77,N/A
ESH20,1/1/2020 23:39,3239.25,3239.5,3239.25,3239.5,0.25,28,N/A
ESH20,1/1/2020 23:38,3239.25,3239.25,3239,3239.25,0,40,N/A
ESH20,1/1/2020 23:37,3239.25,3239.25,3239.25,3239.25,0,5,N/A
ESH20,1/1/2020 23:36,3239,3239.25,3239,3239.25,0.25,17,N/A
ESH20,1/1/2020 23:35,3238.75,3239,3238.75,3239,0.25,38,N/A
ESH20,1/1/2020 23:34,3238.75,3239,3238.75,3238.75,-0.25,9,N/A
ESH20,1/1/2020 23:33,3238.75,3239,3238.75,3239,0.25,13,N/A
ESH20,1/1/2020 23:32,3238.75,3238.75,3238.5,3238.75,0,191,N/A
ESH20,1/1/2020 23:31,3238.75,3238.75,3238.75,3238.75,0,110,N/A
ESH20,1/1/2020 23:30,3238.75,3238.75,3238.5,3238.75,0,123,N/A
ESH20,1/1/2020 23:29,3239,3239,3238.75,3238.75,-0.25,37,N/A
ESH20,1/1/2020 23:28,3238.75,3239,3238.75,3239,0.25,7,N/A
ESH20,1/1/2020 23:27,3238.75,3239,3238.75,3238.75,0,4,N/A
ESH20,1/1/2020 23:26,3238.75,3239,3238.75,3238.75,0,19,N/A
ESH20,1/1/2020 23:25,3239,3239,3238.75,3238.75,-0.5,75,N/A
ESH20,1/1/2020 23:24,3239,3239.25,3239,3239.25,0,15,N/A
ESH20,1/1/2020 23:23,3239,3239.25,3239,3239.25,0,4,N/A
ESH20,1/1/2020 23:22,3239,3239.25,3239,3239.25,0.25,54,N/A
ESH20,1/1/2020 23:21,3239,3239.25,3239,3239,-0.25,12,N/A
ESH20,1/1/2020 23:20,3239.25,3239.25,3239,3239.25,0,105,N/A
ESH20,1/1/2020 23:19,3239,3239.25,3239,3239.25,0,101,N/A
ESH20,1/1/2020 23:18,3239.5,3239.5,3239,3239.25,0,146,N/A
ESH20,1/1/2020 23:17,3239.5,3239.5,3239.25,3239.25,-0.25,50,N/A
ESH20,1/1/2020 23:16,3239.75,3239.75,3239.5,3239.5,-0.25,47,N/A
ESH20,1/1/2020 23:15,3239.25,3239.75,3239.25,3239.75,0.5,101,N/A
ESH20,1/1/2020 23:14,3239.5,3239.5,3239.25,3239.25,-0.25,66,N/A
ESH20,1/1/2020 23:13,3239.5,3239.75,3239.5,3239.5,-0.25,3,N/A
ESH20,1/1/2020 23:12,3239.5,3239.75,3239.5,3239.75,0.25,14,N/A
ESH20,1/1/2020 23:11,3239.25,3239.5,3239.25,3239.5,0.25,99,N/A
ESH20,1/1/2020 23:10,3239.5,3239.5,3239.25,3239.25,0,20,N/A
ESH20,1/1/2020 23:09,3239.5,3239.75,3239.25,3239.25,-0.5,280,N/A
ESH20,1/1/2020 23:08,3239.5,3239.75,3239.5,3239.75,0.25,3,N/A
ESH20,1/1/2020 23:07,3239.5,3239.75,3239.5,3239.5,0,41,N/A
ESH20,1/1/2020 23:06,3239.75,3239.75,3239.5,3239.5,-0.25,31,N/A
ESH20,1/1/2020 23:05,3239.75,3239.75,3239.75,3239.75,0,33,N/A
ESH20,1/1/2020 23:04,3239.75,3240,3239.75,3239.75,0,39,N/A
ESH20,1/1/2020 23:03,3239.5,3239.75,3239.5,3239.75,0,73,N/A
ESH20,1/1/2020 23:02,3239.5,3239.75,3239.5,3239.75,0,10,N/A
ESH20,1/1/2020 23:01,3239.75,3239.75,3239.5,3239.75,-0.25,118,N/A
ESH20,1/1/2020 23:00,3239.75,3240,3239.75,3240,0,24,N/A
ESH20,1/1/2020 22:59,3239.75,3240,3239.75,3240,0.25,29,N/A
ESH20,1/1/2020 22:58,3239.75,3239.75,3239.75,3239.75,0,17,N/A
ESH20,1/1/2020 22:57,3239.75,3240,3239.75,3239.75,0,14,N/A
ESH20,1/1/2020 22:56,3239.75,3240,3239.75,3239.75,0,12,N/A
ESH20,1/1/2020 22:55,3239.75,3240,3239.75,3239.75,0,85,N/A
ESH20,1/1/2020 22:54,3240,3240,3239.5,3239.75,-0.25,127,N/A
ESH20,1/1/2020 22:53,3239.75,3240,3239.75,3240,0,8,N/A
ESH20,1/1/2020 22:52,3239.75,3240,3239.75,3240,0,9,N/A
ESH20,1/1/2020 22:50,3240.25,3240.25,3240,3240,0,82,N/A
ESH20,1/1/2020 22:49,3240,3240.25,3240,3240,-0.25,10,N/A
ESH20,1/1/2020 22:48,3240,3240.25,3240,3240.25,0.25,30,N/A
ESH20,1/1/2020 22:47,3240,3240.25,3240,3240,0,39,N/A
ESH20,1/1/2020 22:46,3240,3240,3240,3240,0,7,N/A
ESH20,1/1/2020 22:45,3240.25,3240.25,3240,3240,-0.25,15,N/A
ESH20,1/1/2020 22:44,3240,3240.25,3240,3240.25,0.25,76,N/A
ESH20,1/1/2020 22:43,3240,3240.25,3240,3240,-0.25,6,N/A
ESH20,1/1/2020 22:42,3240.25,3240.25,3240,3240.25,0,32,N/A
ESH20,1/1/2020 22:41,3240.25,3240.25,3240.25,3240.25,-0.25,3,N/A
ESH20,1/1/2020 22:40,3240.5,3240.5,3240.5,3240.5,0.25,4,N/A
ESH20,1/1/2020 22:39,3240.25,3240.5,3240.25,3240.25,0,86,N/A
ESH20,1/1/2020 22:38,3240.25,3240.5,3240.25,3240.25,-0.25,3,N/A
ESH20,1/1/2020 22:37,3240.5,3240.5,3240.5,3240.5,0,7,N/A
ESH20,1/1/2020 22:36,3240.25,3240.5,3240.25,3240.5,0,16,N/A
ESH20,1/1/2020 22:35,3240.25,3240.5,3240.25,3240.5,0.25,8,N/A
ESH20,1/1/2020 22:34,3240.5,3240.5,3240.25,3240.25,0,6,N/A
ESH20,1/1/2020 22:33,3240.25,3240.25,3240.25,3240.25,0.25,41,N/A
ESH20,1/1/2020 22:32,3240.25,3240.25,3240,3240,-0.25,16,N/A
ESH20,1/1/2020 22:31,3240.25,3240.25,3240.25,3240.25,0,97,N/A
ESH20,1/1/2020 22:30,3240.25,3240.25,3240.25,3240.25,0.25,3,N/A
ESH20,1/1/2020 22:29,3240,3240.25,3240,3240,-0.25,17,N/A
ESH20,1/1/2020 22:28,3240.25,3240.25,3240,3240.25,0.25,5,N/A
ESH20,1/1/2020 22:27,3240,3240,3240,3240,0,3,N/A
ESH20,1/1/2020 22:26,3240,3240.25,3240,3240,0.25,43,N/A
ESH20,1/1/2020 22:25,3239.75,3239.75,3239.75,3239.75,0,11,N/A
ESH20,1/1/2020 22:24,3240,3240,3239.75,3239.75,-0.5,16,N/A
ESH20,1/1/2020 22:23,3240,3240.25,3240,3240.25,0,76,N/A
ESH20,1/1/2020 22:22,3240,3240.25,3240,3240.25,0.25,46,N/A
ESH20,1/1/2020 22:21,3240.25,3240.25,3239.75,3240,0,114,N/A
ESH20,1/1/2020 22:20,3240.25,3240.25,3240,3240,-0.25,6,N/A
ESH20,1/1/2020 22:19,3240.25,3240.25,3240,3240.25,0,15,N/A
ESH20,1/1/2020 22:18,3240,3240.25,3240,3240.25,0.25,3,N/A
ESH20,1/1/2020 22:16,3240,3240,3240,3240,-0.25,6,N/A
ESH20,1/1/2020 22:15,3240.25,3240.25,3240.25,3240.25,0,59,N/A
ESH20,1/1/2020 22:14,3240.25,3240.25,3240,3240.25,0,47,N/A
ESH20,1/1/2020 22:13,3240.25,3240.25,3240.25,3240.25,0,120,N/A
ESH20,1/1/2020 22:12,3240.25,3240.5,3240.25,3240.25,0,12,N/A
ESH20,1/1/2020 22:11,3240.25,3240.25,3240.25,3240.25,-0.25,96,N/A
ESH20,1/1/2020 22:10,3240.5,3240.5,3240.5,3240.5,0,48,N/A
ESH20,1/1/2020 22:09,3240.5,3240.5,3240.5,3240.5,0.25,32,N/A
ESH20,1/1/2020 22:08,3240.25,3240.25,3240.25,3240.25,0,13,N/A
ESH20,1/1/2020 22:07,3240.5,3240.5,3240.25,3240.25,-0.25,14,N/A
ESH20,1/1/2020 22:06,3240.5,3240.5,3240.5,3240.5,0,34,N/A
ESH20,1/1/2020 22:05,3240.5,3240.75,3240.25,3240.5,0,43,N/A
ESH20,1/1/2020 22:04,3240.5,3240.75,3240.5,3240.5,0,72,N/A
ESH20,1/1/2020 22:03,3240.5,3240.5,3240.5,3240.5,0,5,N/A
ESH20,1/1/2020 22:02,3240.5,3240.5,3240.5,3240.5,0,1,N/A
ESH20,1/1/2020 22:01,3240.5,3240.5,3240.5,3240.5,-0.25,3,N/A
ESH20,1/1/2020 22:00,3240.5,3240.75,3240.5,3240.75,0,21,N/A
ESH20,1/1/2020 21:59,3240.75,3241,3240.75,3240.75,0,65,N/A
ESH20,1/1/2020 21:58,3240.75,3240.75,3240.5,3240.75,0,7,N/A
ESH20,1/1/2020 21:57,3241,3241,3240.75,3240.75,-0.25,52,N/A
ESH20,1/1/2020 21:56,3240.75,3241,3240.75,3241,0,14,N/A
ESH20,1/1/2020 21:55,3241,3241,3240.75,3241,0,84,N/A
ESH20,1/1/2020 21:54,3241,3241,3240.75,3241,0,6,N/A
ESH20,1/1/2020 21:53,3240.75,3241,3240.75,3241,0.25,38,N/A
ESH20,1/1/2020 21:52,3240.5,3240.75,3240.5,3240.75,0,29,N/A
ESH20,1/1/2020 21:51,3240.75,3240.75,3240.5,3240.75,0,28,N/A
ESH20,1/1/2020 21:50,3240.5,3240.75,3240.25,3240.75,0.25,31,N/A
ESH20,1/1/2020 21:49,3240.25,3240.5,3240.25,3240.5,0.25,46,N/A
ESH20,1/1/2020 21:48,3240.5,3240.5,3240.25,3240.25,-0.25,26,N/A
ESH20,1/1/2020 21:47,3240.5,3240.5,3240.5,3240.5,0,44,N/A
ESH20,1/1/2020 21:46,3240.75,3240.75,3240.5,3240.5,0,117,N/A
ESH20,1/1/2020 21:45,3240.75,3240.75,3240.5,3240.5,-0.5,37,N/A
ESH20,1/1/2020 21:44,3240.75,3241,3240.75,3241,0,19,N/A
ESH20,1/1/2020 21:43,3240.75,3241,3240.75,3241,0.25,17,N/A
ESH20,1/1/2020 21:42,3240.75,3241,3240.75,3240.75,0,217,N/A
ESH20,1/1/2020 21:41,3240.5,3240.75,3240.5,3240.75,0.25,59,N/A
ESH20,1/1/2020 21:40,3240.5,3240.75,3240.25,3240.5,-0.25,63,N/A
ESH20,1/1/2020 21:39,3240.75,3240.75,3240.5,3240.75,0,27,N/A
ESH20,1/1/2020 21:38,3240.5,3240.75,3240.5,3240.75,0,13,N/A
ESH20,1/1/2020 21:37,3241,3241,3240.5,3240.75,-0.25,90,N/A
ESH20,1/1/2020 21:36,3240.75,3241,3240.75,3241,0.25,206,N/A
ESH20,1/1/2020 21:35,3240.5,3240.75,3240.5,3240.75,0.5,73,N/A
ESH20,1/1/2020 21:34,3240.25,3240.5,3240.25,3240.25,-0.25,41,N/A
ESH20,1/1/2020 21:33,3240.5,3240.5,3240.5,3240.5,0,5,N/A
ESH20,1/1/2020 21:32,3240.5,3240.5,3240.25,3240.5,0,10,N/A
ESH20,1/1/2020 21:31,3240.25,3240.5,3240.25,3240.5,0.5,85,N/A
ESH20,1/1/2020 21:30,3240.25,3240.25,3240,3240,0,8,N/A
ESH20,1/1/2020 21:29,3240.25,3240.5,3240,3240,-0.5,70,N/A
ESH20,1/1/2020 21:28,3240.5,3240.5,3240.25,3240.5,0,9,N/A
ESH20,1/1/2020 21:27,3240.5,3240.5,3240.25,3240.5,0,60,N/A
ESH20,1/1/2020 21:26,3240.5,3240.75,3240.5,3240.5,-0.25,54,N/A
ESH20,1/1/2020 21:25,3240.5,3240.75,3240.5,3240.75,0.25,20,N/A
ESH20,1/1/2020 21:24,3240.5,3240.75,3240.25,3240.5,0,81,N/A
ESH20,1/1/2020 21:23,3240.5,3240.5,3240.25,3240.5,0.25,26,N/A
ESH20,1/1/2020 21:22,3240.25,3240.5,3240.25,3240.25,0,44,N/A
ESH20,1/1/2020 21:21,3240.25,3240.5,3240.25,3240.25,0,71,N/A
ESH20,1/1/2020 21:20,3240.5,3240.5,3240.25,3240.25,-0.25,170,N/A
ESH20,1/1/2020 21:19,3240.25,3240.5,3240.25,3240.5,0,41,N/A
ESH20,1/1/2020 21:18,3240.5,3240.5,3240.25,3240.5,0,42,N/A
ESH20,1/1/2020 21:17,3240,3240.75,3240,3240.5,0.25,368,N/A
ESH20,1/1/2020 21:16,3240.25,3240.25,3240,3240.25,0,9,N/A
ESH20,1/1/2020 21:15,3240.25,3240.25,3240,3240.25,0,7,N/A
ESH20,1/1/2020 21:14,3240.25,3240.25,3240,3240.25,0,19,N/A
ESH20,1/1/2020 21:13,3240.5,3240.5,3240,3240.25,-0.25,50,N/A
ESH20,1/1/2020 21:12,3240.25,3240.5,3240,3240.5,0.25,161,N/A
ESH20,1/1/2020 21:11,3240,3240.25,3240,3240.25,0.25,133,N/A
ESH20,1/1/2020 21:10,3240,3240,3239.75,3240,0,7,N/A
ESH20,1/1/2020 21:09,3239.75,3240,3239.5,3240,0.25,39,N/A
ESH20,1/1/2020 21:08,3239.5,3239.75,3239.5,3239.75,0,48,N/A
ESH20,1/1/2020 21:07,3239.75,3240,3239.75,3239.75,0,107,N/A
ESH20,1/1/2020 21:06,3240,3240,3239.75,3239.75,-0.25,185,N/A
ESH20,1/1/2020 21:05,3240,3240,3239.75,3240,0,6,N/A
ESH20,1/1/2020 21:04,3239.75,3240,3239.75,3240,0.25,20,N/A
ESH20,1/1/2020 21:03,3239.75,3240,3239.5,3239.75,0.25,73,N/A
ESH20,1/1/2020 21:02,3239.75,3239.75,3239.5,3239.5,-0.25,9,N/A
ESH20,1/1/2020 21:01,3239.75,3239.75,3239.5,3239.75,0,10,N/A
ESH20,1/1/2020 21:00,3239.25,3239.75,3239.25,3239.75,0.25,66,N/A
ESH20,1/1/2020 20:59,3239.5,3239.5,3239.25,3239.5,0,7,N/A
ESH20,1/1/2020 20:58,3239.25,3239.5,3239.25,3239.5,0,17,N/A
ESH20,1/1/2020 20:57,3239.5,3239.5,3239.5,3239.5,0,2,N/A
ESH20,1/1/2020 20:56,3239.5,3239.75,3239.25,3239.5,0,66,N/A
ESH20,1/1/2020 20:55,3239.5,3239.75,3239.5,3239.5,0,6,N/A
ESH20,1/1/2020 20:54,3239.5,3239.75,3239.5,3239.5,0,35,N/A
ESH20,1/1/2020 20:53,3239.75,3239.75,3239.5,3239.5,0,38,N/A
ESH20,1/1/2020 20:52,3239.5,3239.5,3239.5,3239.5,0,38,N/A
ESH20,1/1/2020 20:51,3239.5,3239.5,3239.5,3239.5,0,29,N/A
ESH20,1/1/2020 20:50,3239.5,3239.5,3239.25,3239.5,0,70,N/A
ESH20,1/1/2020 20:49,3239.25,3239.5,3239.25,3239.5,0.25,14,N/A
ESH20,1/1/2020 20:48,3239.25,3239.5,3239.25,3239.25,0,42,N/A
ESH20,1/1/2020 20:47,3239.25,3239.5,3239.25,3239.25,-0.25,76,N/A
ESH20,1/1/2020 20:46,3239.5,3239.5,3239.5,3239.5,0,51,N/A
ESH20,1/1/2020 20:45,3239.5,3239.5,3239.5,3239.5,0,22,N/A
ESH20,1/1/2020 20:44,3239.5,3239.5,3239.5,3239.5,0,54,N/A
ESH20,1/1/2020 20:43,3239.5,3239.75,3239.5,3239.5,0.25,54,N/A
ESH20,1/1/2020 20:42,3239.5,3239.5,3239.25,3239.25,-0.25,62,N/A
ESH20,1/1/2020 20:41,3240,3240,3239.5,3239.5,-0.25,104,N/A
ESH20,1/1/2020 20:40,3240,3240,3239.75,3239.75,-0.25,6,N/A
ESH20,1/1/2020 20:39,3239.75,3240,3239.75,3240,0.25,61,N/A
ESH20,1/1/2020 20:38,3240,3240,3239.5,3239.75,-0.25,83,N/A
ESH20,1/1/2020 20:37,3239.75,3240,3239.75,3240,0,18,N/A
ESH20,1/1/2020 20:36,3239.75,3240,3239.75,3240,0,28,N/A
ESH20,1/1/2020 20:35,3240,3240,3239.75,3240,0.25,310,N/A
ESH20,1/1/2020 20:34,3239.5,3240,3239.5,3239.75,0.25,85,N/A
ESH20,1/1/2020 20:33,3239.75,3240,3239.5,3239.5,0,44,N/A
ESH20,1/1/2020 20:32,3239.75,3240,3239.5,3239.5,-0.25,393,N/A
ESH20,1/1/2020 20:31,3239.25,3239.75,3239.25,3239.75,0.5,110,N/A
ESH20,1/1/2020 20:30,3239.25,3239.5,3239.25,3239.25,-0.25,86,N/A
ESH20,1/1/2020 20:29,3239.5,3239.5,3239.25,3239.5,0.25,72,N/A
ESH20,1/1/2020 20:28,3239.25,3239.25,3239.25,3239.25,0,3,N/A
ESH20,1/1/2020 20:27,3239.25,3239.5,3239.25,3239.25,0.25,111,N/A
ESH20,1/1/2020 20:26,3239,3239,3239,3239,-0.25,6,N/A
ESH20,1/1/2020 20:25,3239.25,3239.25,3238.75,3239.25,0,29,N/A
ESH20,1/1/2020 20:24,3239,3239.25,3239,3239.25,0.25,56,N/A
ESH20,1/1/2020 20:23,3239,3239,3238.75,3239,0,170,N/A
ESH20,1/1/2020 20:22,3239,3239.25,3239,3239,-0.25,35,N/A
ESH20,1/1/2020 20:21,3238.75,3239.25,3238.75,3239.25,0.5,18,N/A
ESH20,1/1/2020 20:20,3238.5,3238.75,3238.5,3238.75,0,46,N/A
ESH20,1/1/2020 20:19,3238.75,3239,3238.75,3238.75,-0.25,60,N/A
ESH20,1/1/2020 20:18,3239,3239,3238.75,3239,0,120,N/A
ESH20,1/1/2020 20:17,3239.25,3239.25,3238.75,3239,-0.25,151,N/A
ESH20,1/1/2020 20:16,3239.25,3239.75,3239.25,3239.25,0,148,N/A
ESH20,1/1/2020 20:15,3239.25,3239.25,3239.25,3239.25,0.25,6,N/A
ESH20,1/1/2020 20:14,3239.25,3239.25,3239,3239,-0.25,82,N/A
ESH20,1/1/2020 20:13,3239.25,3239.25,3239.25,3239.25,0,9,N/A
ESH20,1/1/2020 20:12,3239.5,3239.5,3239.25,3239.25,0,71,N/A
ESH20,1/1/2020 20:11,3239,3239.5,3239,3239.25,0,119,N/A
ESH20,1/1/2020 20:10,3239.25,3239.25,3239,3239.25,0.25,77,N/A
ESH20,1/1/2020 20:09,3238.75,3239,3238.75,3239,0,114,N/A
ESH20,1/1/2020 20:08,3239,3239,3238.75,3239,0,76,N/A
ESH20,1/1/2020 20:07,3239.25,3239.25,3239,3239,0,100,N/A
ESH20,1/1/2020 20:06,3239,3239.5,3239,3239,0,124,N/A
ESH20,1/1/2020 20:05,3239.75,3239.75,3239,3239,-0.75,283,N/A
ESH20,1/1/2020 20:04,3239.75,3239.75,3239.5,3239.75,0.25,55,N/A
ESH20,1/1/2020 20:03,3239.5,3239.75,3239.5,3239.5,0,150,N/A
ESH20,1/1/2020 20:02,3239,3239.75,3239,3239.5,0.75,401,N/A
ESH20,1/1/2020 20:01,3238.25,3239.25,3238.25,3238.75,0.75,277,N/A
ESH20,1/1/2020 20:00,3238.5,3238.5,3238,3238,-0.5,94,N/A
ESH20,1/1/2020 19:59,3238.25,3238.5,3238,3238.5,0.5,56,N/A
ESH20,1/1/2020 19:58,3238,3238.25,3238,3238,0.25,40,N/A
ESH20,1/1/2020 19:57,3237.75,3238,3237.75,3237.75,-0.25,147,N/A
ESH20,1/1/2020 19:56,3238,3238,3237.75,3238,0,129,N/A
ESH20,1/1/2020 19:55,3238.25,3238.5,3237.75,3238,-0.25,186,N/A
ESH20,1/1/2020 19:54,3238,3238.25,3238,3238.25,0.5,56,N/A
ESH20,1/1/2020 19:53,3237.5,3237.75,3237.5,3237.75,0,38,N/A
ESH20,1/1/2020 19:52,3237.75,3237.75,3237.5,3237.75,0,60,N/A
ESH20,1/1/2020 19:51,3237.75,3237.75,3237.25,3237.75,0,249,N/A
ESH20,1/1/2020 19:50,3238.25,3238.25,3237.75,3237.75,-0.5,312,N/A
ESH20,1/1/2020 19:49,3238,3238.25,3237.75,3238.25,0.25,52,N/A
ESH20,1/1/2020 19:48,3238.25,3238.25,3237.75,3238,-0.25,107,N/A
ESH20,1/1/2020 19:47,3238,3238.25,3238,3238.25,0.25,131,N/A
ESH20,1/1/2020 19:46,3238,3238,3238,3238,0,6,N/A
ESH20,1/1/2020 19:45,3237.5,3238,3237.5,3238,0.25,72,N/A
ESH20,1/1/2020 19:44,3238,3238,3237.75,3237.75,-0.25,103,N/A
ESH20,1/1/2020 19:43,3238,3238,3237.75,3238,0,33,N/A
ESH20,1/1/2020 19:42,3238,3238,3237.75,3238,0,32,N/A
ESH20,1/1/2020 19:41,3238,3238.25,3237.75,3238,0,51,N/A
ESH20,1/1/2020 19:40,3238.25,3238.25,3238,3238,-0.25,98,N/A
ESH20,1/1/2020 19:39,3237.75,3238.25,3237.75,3238.25,0.5,64,N/A
ESH20,1/1/2020 19:38,3238.25,3238.25,3237.75,3237.75,-0.75,162,N/A
ESH20,1/1/2020 19:37,3238.25,3238.75,3238,3238.5,0.25,198,N/A
ESH20,1/1/2020 19:36,3238,3238.25,3237.75,3238.25,0.25,297,N/A
ESH20,1/1/2020 19:35,3237.25,3238,3237.25,3238,0.75,133,N/A
ESH20,1/1/2020 19:34,3237.5,3237.5,3237.25,3237.25,0,63,N/A
ESH20,1/1/2020 19:33,3238,3238.25,3237.25,3237.25,-0.5,307,N/A
ESH20,1/1/2020 19:32,3237.5,3237.75,3237.5,3237.75,0.25,158,N/A
ESH20,1/1/2020 19:31,3237.25,3237.75,3237.25,3237.5,0.25,203,N/A
ESH20,1/1/2020 19:30,3237.25,3237.25,3237,3237.25,0,141,N/A
ESH20,1/1/2020 19:29,3237,3237.25,3237,3237.25,0,75,N/A
ESH20,1/1/2020 19:28,3237.25,3237.5,3237,3237.25,0,106,N/A
ESH20,1/1/2020 19:27,3237.5,3237.5,3237.25,3237.25,-0.25,164,N/A
ESH20,1/1/2020 19:26,3237.5,3237.5,3237,3237.5,0,183,N/A
ESH20,1/1/2020 19:25,3237.25,3237.75,3237.25,3237.5,0,231,N/A
ESH20,1/1/2020 19:24,3237.25,3237.5,3237.25,3237.5,0,27,N/A
ESH20,1/1/2020 19:23,3237,3237.5,3236.75,3237.5,0.5,315,N/A
ESH20,1/1/2020 19:22,3236.25,3237,3236.25,3237,0.5,211,N/A
ESH20,1/1/2020 19:21,3236,3236.5,3236,3236.5,0.25,302,N/A
ESH20,1/1/2020 19:20,3236.75,3237,3236.25,3236.25,-0.5,354,N/A
ESH20,1/1/2020 19:19,3237,3237,3236.5,3236.75,-0.25,840,N/A
ESH20,1/1/2020 19:18,3237.5,3237.5,3237,3237,-0.5,518,N/A
ESH20,1/1/2020 19:17,3238,3238,3237.25,3237.5,-0.5,890,N/A
ESH20,1/1/2020 19:16,3238.5,3238.5,3238,3238,-0.5,187,N/A
ESH20,1/1/2020 19:15,3239,3239,3238.5,3238.5,-0.5,397,N/A
ESH20,1/1/2020 19:14,3239.25,3239.5,3239,3239,0,194,N/A
ESH20,1/1/2020 19:13,3239,3239.25,3239,3239,-0.25,12,N/A
ESH20,1/1/2020 19:12,3239.25,3239.5,3239,3239.25,0,201,N/A
ESH20,1/1/2020 19:11,3239.25,3239.25,3239,3239.25,-0.25,82,N/A
ESH20,1/1/2020 19:10,3239.5,3239.5,3239.25,3239.5,0,38,N/A
ESH20,1/1/2020 19:09,3239.5,3239.75,3239.25,3239.5,0,176,N/A
ESH20,1/1/2020 19:08,3239.25,3239.5,3239.25,3239.5,0.25,19,N/A
ESH20,1/1/2020 19:07,3239.5,3239.5,3239.25,3239.25,-0.25,35,N/A
ESH20,1/1/2020 19:06,3240,3240,3239.25,3239.5,-0.5,492,N/A
ESH20,1/1/2020 19:05,3240.25,3240.5,3240,3240,0,299,N/A
ESH20,1/1/2020 19:04,3240,3240,3239.75,3240,0,77,N/A
ESH20,1/1/2020 19:03,3239.75,3240,3239.5,3240,0.25,147,N/A
ESH20,1/1/2020 19:02,3239.5,3240,3239.5,3239.75,0.25,310,N/A
ESH20,1/1/2020 19:01,3239.5,3239.75,3239.5,3239.5,-0.25,138,N/A
ESH20,1/1/2020 19:00,3239,3239.75,3239,3239.75,1,440,N/A
ESH20,1/1/2020 18:59,3238.75,3239,3238.75,3238.75,0,24,N/A
ESH20,1/1/2020 18:58,3238.75,3239,3238.75,3238.75,0,28,N/A
ESH20,1/1/2020 18:57,3238.75,3239,3238.75,3238.75,0,7,N/A
ESH20,1/1/2020 18:56,3238.5,3239,3238.5,3238.75,0.25,438,N/A
ESH20,1/1/2020 18:55,3238.75,3238.75,3238.5,3238.5,-0.5,98,N/A
ESH20,1/1/2020 18:54,3239,3239.25,3238.75,3239,-0.25,47,N/A
ESH20,1/1/2020 18:53,3239.25,3239.25,3239,3239.25,0,87,N/A
ESH20,1/1/2020 18:52,3239.25,3239.25,3239,3239.25,0,25,N/A
ESH20,1/1/2020 18:51,3238.75,3239.25,3238.75,3239.25,0.5,70,N/A
ESH20,1/1/2020 18:50,3238.75,3239,3238.75,3238.75,-0.25,21,N/A
ESH20,1/1/2020 18:49,3238.75,3239,3238.75,3239,0.5,66,N/A
ESH20,1/1/2020 18:48,3238.75,3238.75,3238.5,3238.5,0,14,N/A
ESH20,1/1/2020 18:47,3238.5,3238.75,3238.5,3238.5,0,17,N/A
ESH20,1/1/2020 18:46,3238.75,3238.75,3238.5,3238.5,0,23,N/A
ESH20,1/1/2020 18:45,3238.5,3238.75,3238.5,3238.5,-0.25,26,N/A
ESH20,1/1/2020 18:44,3238.75,3238.75,3238.75,3238.75,0,79,N/A
ESH20,1/1/2020 18:43,3238.5,3239,3238.5,3238.75,0,73,N/A
ESH20,1/1/2020 18:42,3238.5,3239,3238.5,3238.75,0,87,N/A
ESH20,1/1/2020 18:41,3238.75,3238.75,3238.75,3238.75,0.25,105,N/A
ESH20,1/1/2020 18:40,3238.5,3238.75,3238.25,3238.5,0,81,N/A
ESH20,1/1/2020 18:39,3238.25,3238.5,3238.25,3238.5,0.25,24,N/A
ESH20,1/1/2020 18:38,3238.5,3238.75,3238.25,3238.25,-0.25,51,N/A
ESH20,1/1/2020 18:37,3238.5,3238.5,3238.25,3238.5,0,32,N/A
ESH20,1/1/2020 18:36,3238.5,3238.5,3238.25,3238.5,0,78,N/A
ESH20,1/1/2020 18:35,3238.25,3238.75,3238.25,3238.5,0,86,N/A
ESH20,1/1/2020 18:34,3238.75,3238.75,3238.5,3238.5,0,23,N/A
ESH20,1/1/2020 18:33,3238.5,3238.5,3238.25,3238.5,0,132,N/A
ESH20,1/1/2020 18:32,3238.5,3238.5,3238.25,3238.5,0,114,N/A
ESH20,1/1/2020 18:31,3238.25,3238.5,3238,3238.5,0.25,116,N/A
ESH20,1/1/2020 18:30,3238,3238.25,3238,3238.25,0.5,105,N/A
ESH20,1/1/2020 18:29,3238,3238,3237.75,3237.75,-0.25,24,N/A
ESH20,1/1/2020 18:28,3237.75,3238,3237.75,3238,0.25,86,N/A
ESH20,1/1/2020 18:27,3237.75,3238,3237.5,3237.75,0.25,107,N/A
ESH20,1/1/2020 18:26,3237.75,3237.75,3237.5,3237.5,-0.25,42,N/A
ESH20,1/1/2020 18:25,3237.5,3237.75,3237.5,3237.75,0.5,95,N/A
ESH20,1/1/2020 18:24,3237.5,3237.5,3237.25,3237.25,-0.25,58,N/A
ESH20,1/1/2020 18:23,3237.5,3237.75,3237.5,3237.5,0,27,N/A
ESH20,1/1/2020 18:22,3237.5,3237.75,3237.5,3237.5,0,97,N/A
ESH20,1/1/2020 18:21,3237.5,3237.75,3237.5,3237.5,0,192,N/A
ESH20,1/1/2020 18:20,3237.75,3237.75,3237.5,3237.5,-0.25,52,N/A
ESH20,1/1/2020 18:19,3237.25,3237.75,3237.25,3237.75,0.25,76,N/A
ESH20,1/1/2020 18:18,3237.5,3237.5,3237.25,3237.5,0.25,43,N/A
ESH20,1/1/2020 18:17,3237.25,3237.5,3237.25,3237.25,-0.25,109,N/A
ESH20,1/1/2020 18:16,3237.5,3237.5,3237.25,3237.5,0,191,N/A
ESH20,1/1/2020 18:15,3237.25,3237.5,3237,3237.5,0,169,N/A
ESH20,1/1/2020 18:14,3237.75,3237.75,3237.5,3237.5,-0.25,40,N/A
ESH20,1/1/2020 18:13,3237.25,3237.75,3237.25,3237.75,0.25,26,N/A
ESH20,1/1/2020 18:12,3237.5,3237.75,3237.25,3237.5,0.25,60,N/A
ESH20,1/1/2020 18:11,3237.5,3237.5,3237.25,3237.25,-0.25,66,N/A
ESH20,1/1/2020 18:10,3237.5,3237.5,3237.5,3237.5,0,104,N/A
ESH20,1/1/2020 18:09,3237,3237.5,3237,3237.5,0.5,86,N/A
ESH20,1/1/2020 18:08,3237.25,3237.5,3237,3237,-0.5,74,N/A
ESH20,1/1/2020 18:07,3237.5,3237.5,3237.25,3237.5,0,22,N/A
ESH20,1/1/2020 18:06,3237.25,3237.5,3237.25,3237.5,0,219,N/A
ESH20,1/1/2020 18:05,3237.25,3237.5,3237.25,3237.5,0.25,31,N/A
ESH20,1/1/2020 18:04,3237.5,3237.75,3237.25,3237.25,-0.5,199,N/A
ESH20,1/1/2020 18:03,3238,3238.25,3237.5,3237.75,-0.5,358,N/A
ESH20,1/1/2020 18:02,3238,3238.25,3238,3238.25,0.25,66,N/A
ESH20,1/1/2020 18:01,3237.5,3238,3237.5,3238,0.5,97,N/A
ESH20,1/1/2020 18:00,3237.75,3238.25,3237.5,3237.5,0,285,N/A
ESH20,1/1/2020 17:59,3237.5,3237.75,3237.5,3237.5,0,60,N/A
ESH20,1/1/2020 17:58,3237.75,3237.75,3237.5,3237.5,-0.25,50,N/A
ESH20,1/1/2020 17:57,3237.75,3237.75,3237.5,3237.75,-0.25,88,N/A
ESH20,1/1/2020 17:56,3237.75,3238,3237.75,3238,0.25,134,N/A
ESH20,1/1/2020 17:55,3238,3238,3237.75,3237.75,-0.25,37,N/A
ESH20,1/1/2020 17:54,3237.75,3238,3237.75,3238,0,175,N/A
ESH20,1/1/2020 17:53,3238.25,3238.25,3237.75,3238,-0.25,173,N/A
ESH20,1/1/2020 17:52,3238.25,3238.5,3238,3238.25,-0.25,158,N/A
ESH20,1/1/2020 17:51,3238.75,3238.75,3238.25,3238.5,0,97,N/A
ESH20,1/1/2020 17:50,3239,3239,3238.5,3238.5,-0.25,71,N/A
ESH20,1/1/2020 17:49,3238.5,3239,3238.5,3238.75,0.25,62,N/A
ESH20,1/1/2020 17:48,3239,3239,3238.5,3238.5,-0.5,40,N/A
ESH20,1/1/2020 17:47,3238.5,3239,3238.25,3239,0.5,134,N/A
ESH20,1/1/2020 17:46,3238.75,3238.75,3238.5,3238.5,-0.25,117,N/A
ESH20,1/1/2020 17:45,3238.25,3238.75,3238.25,3238.75,0.25,104,N/A
ESH20,1/1/2020 17:44,3238.5,3238.5,3238.25,3238.5,-0.25,76,N/A
ESH20,1/1/2020 17:43,3238.5,3238.75,3238.25,3238.75,0.25,133,N/A
ESH20,1/1/2020 17:42,3238.75,3238.75,3238.5,3238.5,-0.25,44,N/A
ESH20,1/1/2020 17:41,3238.5,3238.75,3238.25,3238.75,0.25,151,N/A
ESH20,1/1/2020 17:40,3238.75,3238.75,3238.5,3238.5,-0.25,144,N/A
ESH20,1/1/2020 17:39,3239,3239,3238.5,3238.75,-0.25,210,N/A
ESH20,1/1/2020 17:38,3239,3239.5,3238.75,3239,0,204,N/A
ESH20,1/1/2020 17:37,3239.25,3239.5,3238.5,3239,-0.25,371,N/A
ESH20,1/1/2020 17:36,3239.5,3239.75,3239.25,3239.25,-0.25,136,N/A
ESH20,1/1/2020 17:35,3239.5,3239.75,3239.5,3239.5,0,128,N/A
ESH20,1/1/2020 17:34,3239.75,3239.75,3239.5,3239.5,-0.25,55,N/A
ESH20,1/1/2020 17:33,3240,3240.25,3239.75,3239.75,-0.5,42,N/A
ESH20,1/1/2020 17:32,3240,3240.25,3240,3240.25,0.25,55,N/A
ESH20,1/1/2020 17:31,3239.75,3240.5,3239.75,3240,0,197,N/A
ESH20,1/1/2020 17:30,3240.5,3240.5,3240,3240,-0.25,181,N/A
ESH20,1/1/2020 17:29,3240.5,3240.75,3240.25,3240.25,-0.25,144,N/A
ESH20,1/1/2020 17:28,3240,3240.5,3240,3240.5,0.5,69,N/A
ESH20,1/1/2020 17:27,3239.5,3240.25,3239.5,3240,0.25,259,N/A
ESH20,1/1/2020 17:26,3239.25,3239.75,3239.25,3239.75,0.5,117,N/A
ESH20,1/1/2020 17:25,3239.5,3239.5,3239,3239.25,-0.25,57,N/A
ESH20,1/1/2020 17:24,3239.5,3239.5,3239.25,3239.5,-0.25,200,N/A
ESH20,1/1/2020 17:23,3239.75,3240,3239.25,3239.75,-0.25,178,N/A
ESH20,1/1/2020 17:22,3240.25,3240.25,3239.75,3240,-0.25,183,N/A
ESH20,1/1/2020 17:21,3240.25,3240.5,3240,3240.25,-0.25,520,N/A
ESH20,1/1/2020 17:20,3239.5,3240.5,3239.5,3240.5,0.75,466,N/A
ESH20,1/1/2020 17:19,3239.75,3239.75,3239.5,3239.75,0,86,N/A
ESH20,1/1/2020 17:18,3238.75,3239.75,3238.75,3239.75,1,311,N/A
ESH20,1/1/2020 17:17,3238.75,3239,3238.75,3238.75,0,51,N/A
ESH20,1/1/2020 17:16,3239.25,3239.25,3238.75,3238.75,-0.25,303,N/A
ESH20,1/1/2020 17:15,3239.25,3239.75,3239,3239,-0.25,341,N/A
ESH20,1/1/2020 17:14,3239,3239.25,3238.5,3239.25,0.25,416,N/A
ESH20,1/1/2020 17:13,3238.25,3239,3238.25,3239,0.75,160,N/A
ESH20,1/1/2020 17:12,3238.5,3238.75,3238.25,3238.25,-0.25,220,N/A
ESH20,1/1/2020 17:11,3238.75,3238.75,3238,3238.5,-0.25,183,N/A
ESH20,1/1/2020 17:10,3237.75,3239,3237.75,3238.75,1,1209,N/A
ESH20,1/1/2020 17:09,3236.5,3238,3236.5,3237.75,1.25,732,N/A
ESH20,1/1/2020 17:08,3235.75,3236.5,3235.75,3236.5,1,117,N/A
ESH20,1/1/2020 17:07,3235.75,3235.75,3235.25,3235.5,0,242,N/A
ESH20,1/1/2020 17:06,3235.25,3235.75,3235.25,3235.5,0.25,275,N/A
ESH20,1/1/2020 17:05,3235.5,3235.75,3235.25,3235.25,-0.25,210,N/A
ESH20,1/1/2020 17:04,3236,3236,3235.25,3235.5,-0.5,314,N/A
ESH20,1/1/2020 17:03,3235.5,3236.25,3235.25,3236,0.75,585,N/A
ESH20,1/1/2020 17:02,3234.75,3235.5,3234.25,3235.25,0.5,848,N/A
ESH20,1/1/2020 17:01,3236.25,3236.25,3234.75,3234.75,-1.5,829,N/A
ESH20,1/1/2020 17:00,3237,3238,3235.25,3236.25,0.25,3836,N/A
ESH20,12/31/2019 15:59,3235.75,3236,3235.5,3236,0.25,958,N/A
ESH20,12/31/2019 15:58,3235.75,3236.25,3235.75,3235.75,0,357,N/A
ESH20,12/31/2019 15:57,3236,3236.25,3235.75,3235.75,0,356,N/A
ESH20,12/31/2019 15:56,3235.75,3236,3235.5,3235.75,0,190,N/A
ESH20,12/31/2019 15:55,3235.75,3236,3235.5,3235.75,0,349,N/A
ESH20,12/31/2019 15:54,3235.75,3235.75,3235.5,3235.75,0.25,103,N/A
ESH20,12/31/2019 15:53,3235.75,3236,3235.25,3235.5,-0.25,652,N/A
ESH20,12/31/2019 15:52,3235.75,3235.75,3235.5,3235.75,0,215,N/A
ESH20,12/31/2019 15:51,3235.5,3235.75,3235.25,3235.75,0.25,149,N/A
ESH20,12/31/2019 15:50,3235.25,3235.5,3235.25,3235.5,0.25,94,N/A
ESH20,12/31/2019 15:49,3235.5,3235.5,3235.25,3235.25,-0.25,97,N/A
ESH20,12/31/2019 15:48,3235.25,3235.5,3235.25,3235.5,0.25,50,N/A
ESH20,12/31/2019 15:47,3235.5,3235.5,3235.25,3235.25,0,198,N/A
ESH20,12/31/2019 15:46,3235,3235.75,3235,3235.25,0.5,628,N/A
ESH20,12/31/2019 15:45,3235,3235,3234.75,3234.75,0,242,N/A
ESH20,12/31/2019 15:44,3235,3235,3234.75,3234.75,0,331,N/A
ESH20,12/31/2019 15:43,3234.75,3235,3234.5,3234.75,-0.25,267,N/A
ESH20,12/31/2019 15:42,3235,3235,3234.75,3235,0,42,N/A
ESH20,12/31/2019 15:41,3235,3235,3234.75,3235,0.25,75,N/A
ESH20,12/31/2019 15:40,3235,3235,3234.75,3234.75,-0.25,161,N/A
ESH20,12/31/2019 15:39,3235,3235,3234.75,3235,0,67,N/A
ESH20,12/31/2019 15:38,3234.75,3235.25,3234.5,3235,0.25,513,N/A
ESH20,12/31/2019 15:37,3235,3235,3234.5,3234.75,0,285,N/A
ESH20,12/31/2019 15:36,3234.75,3234.75,3234.5,3234.75,-0.25,151,N/A
ESH20,12/31/2019 15:35,3235,3235,3234.75,3235,0.25,105,N/A
ESH20,12/31/2019 15:34,3234.75,3235,3234.25,3234.75,0.25,358,N/A
ESH20,12/31/2019 15:33,3234.5,3234.75,3234.5,3234.5,0.25,223,N/A
ESH20,12/31/2019 15:32,3234.25,3234.5,3234.25,3234.25,0,148,N/A
ESH20,12/31/2019 15:31,3234.25,3234.5,3234,3234.25,0,585,N/A
ESH20,12/31/2019 15:30,3234.5,3234.75,3234,3234.25,-0.5,1009,N/A
ESH20,12/31/2019 15:14,3234,3235.25,3234,3234.75,0.5,6941,N/A
ESH20,12/31/2019 15:13,3234.25,3234.75,3234,3234.25,0,2519,N/A
ESH20,12/31/2019 15:12,3234.25,3234.25,3233.75,3234.25,0.25,1880,N/A
ESH20,12/31/2019 15:11,3233.75,3234.25,3233.25,3234,0.25,3113,N/A
ESH20,12/31/2019 15:10,3233.5,3233.75,3233.25,3233.75,0,1516,N/A
ESH20,12/31/2019 15:09,3233.25,3233.75,3233,3233.75,0.25,1709,N/A
ESH20,12/31/2019 15:08,3234,3234.25,3233,3233.5,-0.25,3352,N/A
ESH20,12/31/2019 15:07,3233.75,3234,3233.5,3233.75,0.25,1200,N/A
ESH20,12/31/2019 15:06,3233.75,3233.75,3233.25,3233.5,-0.25,2220,N/A
ESH20,12/31/2019 15:05,3233.5,3234,3233.25,3233.75,0.25,3890,N/A
ESH20,12/31/2019 15:04,3233.25,3233.75,3233,3233.5,0.25,3846,N/A
ESH20,12/31/2019 15:03,3232.25,3233.25,3231.75,3233.25,1,4705,N/A
ESH20,12/31/2019 15:02,3233,3233.25,3232,3232.25,-0.75,6620,N/A
ESH20,12/31/2019 15:01,3232,3233,3231.75,3233,1,6839,N/A
ESH20,12/31/2019 15:00,3229.5,3232.5,3229.25,3232,2.25,35619,N/A
ESH20,12/31/2019 14:59,3228.5,3232.5,3228.25,3229.75,1.25,125238,N/A
ESH20,12/31/2019 14:58,3228.25,3228.75,3227.5,3228.5,0.25,11879,N/A
ESH20,12/31/2019 14:57,3228.75,3229.25,3227.75,3228.25,-0.5,13779,N/A
ESH20,12/31/2019 14:56,3230.5,3231,3228.75,3228.75,-1.75,13295,N/A
ESH20,12/31/2019 14:55,3229.25,3230.75,3229.25,3230.5,1,10412,N/A
ESH20,12/31/2019 14:54,3227.25,3229.75,3227,3229.5,2,11814,N/A
ESH20,12/31/2019 14:53,3227.25,3227.75,3227,3227.5,0.25,7445,N/A
ESH20,12/31/2019 14:52,3226,3227.25,3226,3227.25,1.25,6304,N/A
ESH20,12/31/2019 14:51,3226.5,3226.75,3225.5,3226,-0.5,5394,N/A
ESH20,12/31/2019 14:50,3227,3228.25,3225.75,3226.5,-0.5,11196,N/A
ESH20,12/31/2019 14:49,3226.5,3227,3226.25,3227,0.5,5752,N/A
ESH20,12/31/2019 14:48,3227.25,3227.5,3226.5,3226.5,-1,3602,N/A
ESH20,12/31/2019 14:47,3228,3228.25,3227.25,3227.5,-0.5,3292,N/A
ESH20,12/31/2019 14:46,3227.75,3228,3227.5,3228,0.25,2584,N/A
ESH20,12/31/2019 14:45,3227.5,3228,3226.75,3227.75,0.25,3836,N/A
ESH20,12/31/2019 14:44,3227,3227.75,3227,3227.5,0.25,2247,N/A
ESH20,12/31/2019 14:43,3227,3227.5,3226.75,3227.25,0.25,3055,N/A
ESH20,12/31/2019 14:42,3226.75,3227,3226.5,3227,0.5,1836,N/A
ESH20,12/31/2019 14:41,3226.25,3226.75,3225.75,3226.5,0.5,2212,N/A
ESH20,12/31/2019 14:40,3225.75,3226.5,3225.5,3226,0.5,2688,N/A
ESH20,12/31/2019 14:39,3225.75,3226,3225.5,3225.5,-0.25,1670,N/A
ESH20,12/31/2019 14:38,3226,3226,3225.5,3225.75,-0.25,963,N/A
ESH20,12/31/2019 14:37,3225.25,3226,3225,3226,0.75,2757,N/A
ESH20,12/31/2019 14:36,3225.75,3226.25,3225.25,3225.25,-0.5,2226,N/A
ESH20,12/31/2019 14:35,3226,3226.25,3225.5,3225.75,-0.25,1628,N/A
ESH20,12/31/2019 14:34,3225.75,3226.5,3225.75,3226,0,3867,N/A
ESH20,12/31/2019 14:33,3226,3226.25,3225.5,3226,0.25,2634,N/A
ESH20,12/31/2019 14:32,3225.5,3226,3225.25,3225.75,0,3409,N/A
ESH20,12/31/2019 14:31,3225.25,3226,3225,3225.75,0.75,3328,N/A
ESH20,12/31/2019 14:30,3225,3225.5,3224.75,3225,-0.25,3557,N/A
ESH20,12/31/2019 14:29,3225,3225.25,3224.75,3225.25,0.25,1983,N/A
ESH20,12/31/2019 14:28,3224.5,3225.25,3224.25,3225,0.5,5152,N/A
ESH20,12/31/2019 14:27,3224.5,3224.75,3224.25,3224.5,0,2415,N/A
ESH20,12/31/2019 14:26,3224.75,3224.75,3223.5,3224.5,0,3047,N/A
ESH20,12/31/2019 14:25,3224,3224.5,3224,3224.5,0.25,1677,N/A
ESH20,12/31/2019 14:24,3223.5,3224.25,3223.5,3224.25,0.75,1790,N/A
ESH20,12/31/2019 14:23,3224.5,3224.5,3223.5,3223.5,-0.75,2163,N/A
ESH20,12/31/2019 14:22,3224.5,3224.75,3224,3224.25,-0.25,1583,N/A
ESH20,12/31/2019 14:21,3224.25,3224.75,3224,3224.5,0.25,3025,N/A
ESH20,12/31/2019 14:20,3223.5,3224.5,3223.5,3224.25,0.5,1784,N/A
ESH20,12/31/2019 14:19,3224,3224,3223.25,3223.75,-0.25,1806,N/A
ESH20,12/31/2019 14:18,3222.25,3224.75,3222.25,3224,1.75,10947,N/A
ESH20,12/31/2019 14:17,3223,3223.25,3221.75,3222.25,-0.75,4877,N/A
ESH20,12/31/2019 14:16,3223,3223.5,3222.75,3223,0,3473,N/A
ESH20,12/31/2019 14:15,3222.75,3223.25,3222.75,3223,0.25,972,N/A
ESH20,12/31/2019 14:14,3223,3223.25,3222.5,3222.75,-0.25,1756,N/A
ESH20,12/31/2019 14:13,3223,3223.75,3222.75,3223,0,3354,N/A
ESH20,12/31/2019 14:12,3222.25,3223.25,3222.25,3223,1,3131,N/A
ESH20,12/31/2019 14:11,3222,3222.25,3221.75,3222,0.25,957,N/A
ESH20,12/31/2019 14:10,3222,3222,3221.75,3221.75,0,370,N/A
ESH20,12/31/2019 14:09,3221.75,3222,3221.75,3221.75,0,673,N/A
ESH20,12/31/2019 14:08,3221.5,3222,3221.5,3221.75,0.25,1096,N/A
ESH20,12/31/2019 14:07,3221.75,3222,3221.5,3221.5,-0.5,427,N/A
ESH20,12/31/2019 14:06,3221.75,3222,3221.5,3222,0.25,1159,N/A
ESH20,12/31/2019 14:05,3222.25,3222.5,3221.5,3221.75,-0.75,1095,N/A
ESH20,12/31/2019 14:04,3222,3222.5,3221.75,3222.5,0.75,1051,N/A
ESH20,12/31/2019 14:03,3221,3222,3220.75,3221.75,1,3060,N/A
ESH20,12/31/2019 14:02,3220.75,3221.25,3220.75,3220.75,0,916,N/A
ESH20,12/31/2019 14:01,3220.5,3221.25,3220.5,3220.75,0.25,2022,N/A
ESH20,12/31/2019 14:00,3220.75,3221,3220.25,3220.5,-0.25,580,N/A
ESH20,12/31/2019 13:59,3220.5,3221.25,3220.25,3220.75,0.25,1323,N/A
ESH20,12/31/2019 13:58,3220.75,3221,3220.25,3220.5,-0.25,2223,N/A
ESH20,12/31/2019 13:57,3220.75,3221,3220.75,3220.75,-0.25,97,N/A
ESH20,12/31/2019 13:56,3221,3221.25,3220.75,3221,0,717,N/A
ESH20,12/31/2019 13:55,3220.75,3221,3220.5,3221,0.25,1672,N/A
ESH20,12/31/2019 13:54,3220.75,3221,3220.75,3220.75,0,1024,N/A
ESH20,12/31/2019 13:53,3221,3221.25,3220.75,3220.75,0,480,N/A
ESH20,12/31/2019 13:52,3221,3221.25,3220.75,3220.75,-0.5,876,N/A
ESH20,12/31/2019 13:51,3221.75,3221.75,3221,3221.25,-0.25,848,N/A
ESH20,12/31/2019 13:50,3221.5,3221.75,3221.5,3221.5,-0.25,385,N/A
ESH20,12/31/2019 13:49,3222,3222,3221.5,3221.75,-0.25,1028,N/A
ESH20,12/31/2019 13:48,3222,3222.5,3221.75,3222,0,799,N/A
ESH20,12/31/2019 13:47,3222,3222,3221.5,3222,0.25,305,N/A
ESH20,12/31/2019 13:46,3222,3222,3221.75,3221.75,0,394,N/A
ESH20,12/31/2019 13:45,3222,3222.25,3221.75,3221.75,0,553,N/A
ESH20,12/31/2019 13:44,3221.75,3222,3221.5,3221.75,0,453,N/A
ESH20,12/31/2019 13:43,3221.75,3222,3221.75,3221.75,-0.25,618,N/A
ESH20,12/31/2019 13:42,3222.25,3222.5,3222,3222,-0.25,795,N/A
ESH20,12/31/2019 13:41,3221.75,3222.25,3221.5,3222.25,0.75,2386,N/A
ESH20,12/31/2019 13:40,3221.75,3221.75,3221.5,3221.5,0,362,N/A
ESH20,12/31/2019 13:39,3221.5,3221.75,3221.5,3221.5,0,310,N/A
ESH20,12/31/2019 13:38,3221.5,3221.75,3221.5,3221.5,0,315,N/A
ESH20,12/31/2019 13:37,3221.75,3221.75,3221.5,3221.5,-0.25,968,N/A
ESH20,12/31/2019 13:36,3221.5,3222,3221.25,3221.75,0.25,1475,N/A
ESH20,12/31/2019 13:35,3221.75,3222,3221.25,3221.5,-0.25,1585,N/A
ESH20,12/31/2019 13:34,3221.25,3221.75,3221.25,3221.75,0.25,880,N/A
ESH20,12/31/2019 13:33,3221.75,3221.75,3221.5,3221.5,0,285,N/A
ESH20,12/31/2019 13:32,3221.25,3221.75,3221.25,3221.5,0.25,459,N/A
ESH20,12/31/2019 13:31,3221.25,3221.5,3221,3221.25,-0.25,418,N/A
ESH20,12/31/2019 13:30,3221.75,3221.75,3221.25,3221.5,0,536,N/A
ESH20,12/31/2019 13:29,3221.25,3221.75,3221.25,3221.5,0.25,1371,N/A
ESH20,12/31/2019 13:28,3221,3221.25,3220.75,3221.25,0.5,477,N/A
ESH20,12/31/2019 13:27,3221,3221.25,3220.75,3220.75,-0.25,567,N/A
ESH20,12/31/2019 13:26,3221.25,3221.5,3221,3221,-0.5,703,N/A
ESH20,12/31/2019 13:25,3220.75,3221.5,3220.75,3221.5,0.5,1146,N/A
ESH20,12/31/2019 13:24,3221.25,3221.25,3220.75,3221,0,278,N/A
ESH20,12/31/2019 13:23,3221,3221.25,3220.75,3221,0,1050,N/A
ESH20,12/31/2019 13:22,3220.5,3221.25,3220.5,3221,0.5,866,N/A
ESH20,12/31/2019 13:21,3220.25,3220.5,3220,3220.5,0,1130,N/A
ESH20,12/31/2019 13:20,3220,3220.5,3219.75,3220.5,0.5,716,N/A
ESH20,12/31/2019 13:19,3219.5,3220.25,3219.5,3220,0.5,1232,N/A
ESH20,12/31/2019 13:18,3219.5,3219.5,3218.75,3219.5,0,2157,N/A
ESH20,12/31/2019 13:17,3219,3219.5,3219,3219.5,0.5,1044,N/A
ESH20,12/31/2019 13:16,3219.25,3219.75,3219,3219,-0.5,1403,N/A
ESH20,12/31/2019 13:15,3219.75,3219.75,3219.25,3219.5,-0.25,863,N/A
ESH20,12/31/2019 13:14,3219.75,3219.75,3219.25,3219.75,-0.25,1897,N/A
ESH20,12/31/2019 13:13,3220.25,3220.5,3219.75,3220,-0.5,533,N/A
ESH20,12/31/2019 13:12,3220.5,3220.5,3220.25,3220.5,0,245,N/A
ESH20,12/31/2019 13:11,3220.25,3220.5,3220.25,3220.5,0,399,N/A
ESH20,12/31/2019 13:10,3220.25,3220.5,3220.25,3220.5,0,895,N/A
ESH20,12/31/2019 13:09,3220.5,3220.5,3220,3220.5,0.25,484,N/A
ESH20,12/31/2019 13:08,3220.5,3220.5,3220.25,3220.25,-0.25,505,N/A
ESH20,12/31/2019 13:07,3220.75,3221,3220.5,3220.5,-0.5,583,N/A
ESH20,12/31/2019 13:06,3221,3221,3220.75,3221,0,66,N/A
ESH20,12/31/2019 13:05,3220.25,3221,3220,3221,1,1335,N/A
ESH20,12/31/2019 13:04,3220.25,3220.5,3220,3220,-0.25,642,N/A
ESH20,12/31/2019 13:03,3219.75,3220.5,3219.75,3220.25,0.5,397,N/A
ESH20,12/31/2019 13:02,3220,3220.25,3219.75,3219.75,-0.25,509,N/A
ESH20,12/31/2019 13:01,3220.5,3220.5,3220,3220,-0.25,629,N/A
ESH20,12/31/2019 13:00,3220.5,3220.5,3220.25,3220.25,-0.25,735,N/A
ESH20,12/31/2019 12:59,3220.75,3220.75,3220.25,3220.5,0,627,N/A
ESH20,12/31/2019 12:58,3220.5,3220.75,3220.25,3220.5,0,841,N/A
ESH20,12/31/2019 12:57,3220.25,3220.5,3220.25,3220.5,0,213,N/A
ESH20,12/31/2019 12:56,3220.5,3220.75,3220.25,3220.5,0.25,683,N/A
ESH20,12/31/2019 12:55,3220.5,3220.75,3220.25,3220.25,-0.25,605,N/A
ESH20,12/31/2019 12:54,3220.25,3220.5,3220,3220.5,0,616,N/A
ESH20,12/31/2019 12:53,3220,3220.5,3220,3220.5,0.25,805,N/A
ESH20,12/31/2019 12:52,3220.25,3220.25,3220,3220.25,0,338,N/A
ESH20,12/31/2019 12:51,3219.75,3220.25,3219.75,3220.25,0.75,677,N/A
ESH20,12/31/2019 12:50,3220,3220.5,3219.5,3219.5,-0.5,631,N/A
ESH20,12/31/2019 12:49,3220.25,3220.25,3220,3220,-0.25,771,N/A
ESH20,12/31/2019 12:48,3220,3220.5,3220,3220.25,0,1017,N/A
ESH20,12/31/2019 12:47,3220,3220.25,3219.75,3220.25,0.5,676,N/A
ESH20,12/31/2019 12:46,3219.75,3220,3219.5,3219.75,-0.25,564,N/A
ESH20,12/31/2019 12:45,3219.5,3220,3219.5,3220,0.5,429,N/A
ESH20,12/31/2019 12:44,3219.75,3220,3219.5,3219.5,-0.25,587,N/A
ESH20,12/31/2019 12:43,3220,3220,3219.75,3219.75,0,287,N/A
ESH20,12/31/2019 12:42,3220,3220.25,3219.75,3219.75,-0.5,509,N/A
ESH20,12/31/2019 12:41,3220.5,3220.5,3219.75,3220.25,0,1328,N/A
ESH20,12/31/2019 12:40,3220,3220.5,3219.75,3220.25,0.5,2559,N/A
ESH20,12/31/2019 12:39,3219.5,3220,3219.25,3219.75,0.25,1994,N/A
ESH20,12/31/2019 12:38,3219.5,3219.5,3219.25,3219.5,0,848,N/A
ESH20,12/31/2019 12:37,3219,3219.5,3219,3219.5,0.5,196,N/A
ESH20,12/31/2019 12:36,3219.25,3219.25,3219,3219,-0.25,551,N/A
ESH20,12/31/2019 12:35,3219.25,3219.5,3219.25,3219.25,0,353,N/A
ESH20,12/31/2019 12:34,3219,3219.5,3218.75,3219.25,0.25,895,N/A
ESH20,12/31/2019 12:33,3219,3219,3218.5,3219,0.25,659,N/A
ESH20,12/31/2019 12:32,3219.25,3219.25,3218.75,3218.75,-0.25,950,N/A
ESH20,12/31/2019 12:31,3219,3219.25,3219,3219,0,449,N/A
ESH20,12/31/2019 12:30,3218.75,3219.25,3218.5,3219,0.5,497,N/A
ESH20,12/31/2019 12:29,3219,3219,3218.25,3218.5,-0.25,777,N/A
ESH20,12/31/2019 12:28,3218.75,3219,3218.5,3218.75,0,860,N/A
ESH20,12/31/2019 12:27,3219,3219.25,3218.5,3218.75,0,630,N/A
ESH20,12/31/2019 12:26,3218.25,3219.25,3218,3218.75,0.75,1327,N/A
ESH20,12/31/2019 12:25,3218.75,3218.75,3218,3218,-0.5,831,N/A
ESH20,12/31/2019 12:24,3218.5,3218.5,3218.25,3218.5,0,258,N/A
ESH20,12/31/2019 12:23,3219,3219,3218.5,3218.5,-0.5,1078,N/A
ESH20,12/31/2019 12:22,3218.5,3219,3218.5,3219,0.5,162,N/A
ESH20,12/31/2019 12:21,3218.5,3218.75,3218.25,3218.5,0,679,N/A
ESH20,12/31/2019 12:20,3218.25,3219,3218.25,3218.5,0.5,2338,N/A
ESH20,12/31/2019 12:19,3218.5,3218.5,3218,3218,-0.25,657,N/A
ESH20,12/31/2019 12:18,3218.25,3218.75,3218,3218.25,0,1068,N/A
ESH20,12/31/2019 12:17,3218.5,3218.75,3218.25,3218.25,-0.25,761,N/A
ESH20,12/31/2019 12:16,3218.75,3219,3218.25,3218.5,-0.25,1043,N/A
ESH20,12/31/2019 12:15,3219,3219.75,3218.75,3218.75,-0.5,1475,N/A
ESH20,12/31/2019 12:14,3219.25,3219.25,3219,3219.25,0,40,N/A
ESH20,12/31/2019 12:13,3219,3219.25,3219,3219.25,0.25,108,N/A
ESH20,12/31/2019 12:12,3219.25,3219.25,3219,3219,-0.25,572,N/A
ESH20,12/31/2019 12:11,3219.25,3219.5,3219,3219.25,0.25,780,N/A
ESH20,12/31/2019 12:10,3219.25,3219.5,3219,3219,0,803,N/A
ESH20,12/31/2019 12:09,3218.75,3219.25,3218.75,3219,0,558,N/A
ESH20,12/31/2019 12:08,3218.75,3219,3218.75,3219,0.25,63,N/A
ESH20,12/31/2019 12:07,3218.75,3219,3218.5,3218.75,0,552,N/A
ESH20,12/31/2019 12:06,3218.5,3218.75,3218.25,3218.75,0.25,348,N/A
ESH20,12/31/2019 12:05,3218,3218.5,3218,3218.5,0.25,630,N/A
ESH20,12/31/2019 12:04,3218.75,3218.75,3218,3218.25,-0.25,582,N/A
ESH20,12/31/2019 12:03,3218.5,3219.25,3218.25,3218.5,0.25,1890,N/A
ESH20,12/31/2019 12:02,3218.5,3218.75,3218.25,3218.25,-0.5,297,N/A
ESH20,12/31/2019 12:01,3218.5,3218.75,3218,3218.75,0.5,1731,N/A
ESH20,12/31/2019 12:00,3218,3218.5,3218,3218.25,0,559,N/A
ESH20,12/31/2019 11:59,3218.25,3218.5,3218,3218.25,-0.25,620,N/A
ESH20,12/31/2019 11:58,3218.5,3218.75,3218.25,3218.5,0,407,N/A
ESH20,12/31/2019 11:57,3218.5,3218.75,3218,3218.5,-0.25,1442,N/A
ESH20,12/31/2019 11:56,3218.75,3219.25,3218.75,3218.75,-0.25,392,N/A
ESH20,12/31/2019 11:55,3218.75,3219.25,3218.75,3219,0.25,704,N/A
ESH20,12/31/2019 11:54,3218.5,3219,3218.5,3218.75,0,114,N/A
ESH20,12/31/2019 11:53,3218,3219,3218,3218.75,0.5,2176,N/A
ESH20,12/31/2019 11:52,3218.25,3218.25,3217.75,3218.25,0,1578,N/A
ESH20,12/31/2019 11:51,3218.25,3218.5,3218.25,3218.25,0,287,N/A
ESH20,12/31/2019 11:50,3218.25,3218.5,3218.25,3218.25,-0.25,508,N/A
ESH20,12/31/2019 11:49,3217.75,3218.75,3217.75,3218.5,0.75,1305,N/A
ESH20,12/31/2019 11:48,3217.5,3218,3217.5,3217.75,0.25,648,N/A
ESH20,12/31/2019 11:47,3218,3218.25,3217.5,3217.5,-0.5,1247,N/A
ESH20,12/31/2019 11:46,3218.5,3218.75,3218,3218,-0.75,652,N/A
ESH20,12/31/2019 11:45,3218.5,3219,3218.5,3218.75,0,436,N/A
ESH20,12/31/2019 11:44,3218.75,3219,3218.5,3218.75,-0.25,109,N/A
ESH20,12/31/2019 11:43,3218.75,3219,3218.75,3219,0,346,N/A
ESH20,12/31/2019 11:42,3218.75,3219,3218.75,3219,0.25,881,N/A
ESH20,12/31/2019 11:41,3218.5,3218.75,3218.5,3218.75,0.25,453,N/A
ESH20,12/31/2019 11:40,3218.25,3218.75,3218.25,3218.5,0.25,348,N/A
ESH20,12/31/2019 11:39,3218.25,3218.5,3218,3218.25,-0.25,561,N/A
ESH20,12/31/2019 11:38,3218.5,3218.75,3218.5,3218.5,-0.25,693,N/A
ESH20,12/31/2019 11:37,3218,3218.75,3218,3218.75,0.75,955,N/A
ESH20,12/31/2019 11:36,3218.25,3218.5,3217.75,3218,-0.5,1134,N/A
ESH20,12/31/2019 11:35,3218.25,3218.75,3218.25,3218.5,0.25,562,N/A
ESH20,12/31/2019 11:34,3218.25,3218.5,3218.25,3218.25,0,470,N/A
ESH20,12/31/2019 11:33,3218.5,3219,3218.25,3218.25,-0.25,1319,N/A
ESH20,12/31/2019 11:32,3218.25,3218.75,3218.25,3218.5,0,1026,N/A
ESH20,12/31/2019 11:31,3217.5,3218.5,3217.5,3218.5,1,1424,N/A
ESH20,12/31/2019 11:30,3218.25,3218.25,3217.25,3217.5,-0.75,661,N/A
ESH20,12/31/2019 11:29,3217.5,3218.25,3217.25,3218.25,0.75,1021,N/A
ESH20,12/31/2019 11:28,3217.25,3217.75,3217,3217.5,0,1010,N/A
ESH20,12/31/2019 11:27,3216.75,3217.5,3216.75,3217.5,0.5,1015,N/A
ESH20,12/31/2019 11:26,3216.5,3217.25,3216.5,3217,0.5,1175,N/A
ESH20,12/31/2019 11:25,3216.25,3216.5,3216,3216.5,0.25,635,N/A
ESH20,12/31/2019 11:24,3216.5,3216.5,3216,3216.25,-0.5,1405,N/A
ESH20,12/31/2019 11:23,3216,3216.75,3216,3216.75,0.5,1070,N/A
ESH20,12/31/2019 11:22,3216.25,3216.25,3215.75,3216.25,0,826,N/A
ESH20,12/31/2019 11:21,3215.75,3216.5,3215.75,3216.25,0.5,1780,N/A
ESH20,12/31/2019 11:20,3216,3216.25,3215.75,3215.75,-0.5,821,N/A
ESH20,12/31/2019 11:19,3216.25,3216.5,3216,3216.25,0,738,N/A
ESH20,12/31/2019 11:18,3217,3217,3216.25,3216.25,-0.75,1163,N/A
ESH20,12/31/2019 11:17,3216.75,3217.25,3216.75,3217,0,737,N/A
ESH20,12/31/2019 11:16,3216.5,3217.25,3216.25,3217,0.25,1510,N/A
ESH20,12/31/2019 11:15,3216.5,3216.75,3216.5,3216.75,0,681,N/A
ESH20,12/31/2019 11:14,3216.5,3217,3216.5,3216.75,0,815,N/A
ESH20,12/31/2019 11:13,3216.5,3217,3216.25,3216.75,0.25,986,N/A
ESH20,12/31/2019 11:12,3216.5,3217,3216.5,3216.5,0,1189,N/A
ESH20,12/31/2019 11:11,3216.5,3216.75,3216,3216.5,0,2095,N/A
ESH20,12/31/2019 11:10,3217,3217.75,3216.5,3216.5,-0.75,1085,N/A
ESH20,12/31/2019 11:09,3217.5,3217.75,3217,3217.25,-0.25,888,N/A
ESH20,12/31/2019 11:08,3217.25,3218,3217.25,3217.5,0,1657,N/A
ESH20,12/31/2019 11:07,3217,3217.75,3216.25,3217.5,0.25,4471,N/A
ESH20,12/31/2019 11:06,3218,3218,3216.75,3217.25,-0.75,1562,N/A
ESH20,12/31/2019 11:05,3217.75,3218.75,3217.75,3218,0,2728,N/A
ESH20,12/31/2019 11:04,3217.25,3218,3217.25,3218,0.5,1452,N/A
ESH20,12/31/2019 11:03,3216.5,3217.5,3216.5,3217.5,1,851,N/A
ESH20,12/31/2019 11:02,3217.25,3217.5,3216.5,3216.5,-0.75,1517,N/A
ESH20,12/31/2019 11:01,3217.5,3217.75,3217.25,3217.25,-0.5,1390,N/A
ESH20,12/31/2019 11:00,3217.5,3218,3216.75,3217.75,0,2560,N/A
ESH20,12/31/2019 10:59,3217.25,3217.75,3217.25,3217.75,0.5,1050,N/A
ESH20,12/31/2019 10:58,3217.5,3217.5,3217,3217.25,-0.25,1355,N/A
ESH20,12/31/2019 10:57,3217.5,3217.5,3217,3217.5,0,2418,N/A
ESH20,12/31/2019 10:56,3218,3218.25,3217.25,3217.5,-0.25,2207,N/A
ESH20,12/31/2019 10:55,3218,3218.25,3217.75,3217.75,-0.25,1064,N/A
ESH20,12/31/2019 10:54,3218.75,3219.25,3218,3218,-0.75,1888,N/A
ESH20,12/31/2019 10:53,3219.25,3219.25,3218.75,3218.75,-0.25,1009,N/A
ESH20,12/31/2019 10:52,3218.75,3219.25,3218.75,3219,0.25,1152,N/A
ESH20,12/31/2019 10:51,3219.5,3219.5,3218.75,3218.75,-0.5,710,N/A
ESH20,12/31/2019 10:50,3219,3219.5,3218.75,3219.25,0.25,1642,N/A
ESH20,12/31/2019 10:49,3219,3219.5,3219,3219,0,988,N/A
ESH20,12/31/2019 10:48,3219.5,3219.75,3219,3219,-0.5,1895,N/A
ESH20,12/31/2019 10:47,3220,3220.25,3219.25,3219.5,-0.25,2519,N/A
ESH20,12/31/2019 10:46,3218.75,3220.25,3218.5,3219.75,1.25,5385,N/A
ESH20,12/31/2019 10:45,3217.75,3218.75,3217.75,3218.5,0.75,3629,N/A
ESH20,12/31/2019 10:44,3216.75,3217.75,3216.75,3217.75,1,1706,N/A
ESH20,12/31/2019 10:43,3216.75,3217.25,3216.5,3216.75,0,2961,N/A
ESH20,12/31/2019 10:42,3216,3217,3216,3216.75,1,2616,N/A
ESH20,12/31/2019 10:41,3215.75,3216,3215.75,3215.75,0,998,N/A
ESH20,12/31/2019 10:40,3216.25,3216.5,3215.75,3215.75,-0.75,1708,N/A
ESH20,12/31/2019 10:39,3215.75,3216.5,3215.5,3216.5,0.75,1493,N/A
ESH20,12/31/2019 10:38,3215.75,3216,3215.75,3215.75,0,650,N/A
ESH20,12/31/2019 10:37,3216.25,3216.25,3215.5,3215.75,-0.25,1735,N/A
ESH20,12/31/2019 10:36,3215.5,3216.5,3215.5,3216,0.5,1828,N/A
ESH20,12/31/2019 10:35,3215.25,3215.75,3215.25,3215.5,0.25,1157,N/A
ESH20,12/31/2019 10:34,3214.5,3215.5,3214.25,3215.25,0.75,2405,N/A
ESH20,12/31/2019 10:33,3215,3215.25,3214.5,3214.5,-0.75,1992,N/A
ESH20,12/31/2019 10:32,3215.5,3215.75,3215,3215.25,-0.25,2551,N/A
ESH20,12/31/2019 10:31,3216,3216,3215.25,3215.5,-0.25,2315,N/A
ESH20,12/31/2019 10:30,3216.5,3216.5,3215.5,3215.75,-0.5,2051,N/A
ESH20,12/31/2019 10:29,3216.5,3216.75,3216.25,3216.25,-0.25,714,N/A
ESH20,12/31/2019 10:28,3216.75,3216.75,3216.25,3216.5,0,1687,N/A
ESH20,12/31/2019 10:27,3217,3217,3216.5,3216.5,-0.5,691,N/A
ESH20,12/31/2019 10:26,3217,3217.25,3216.75,3217,0.25,665,N/A
ESH20,12/31/2019 10:25,3217.25,3217.75,3216.5,3216.75,-0.25,1648,N/A
ESH20,12/31/2019 10:24,3217.25,3217.5,3217,3217,-0.25,938,N/A
ESH20,12/31/2019 10:23,3217,3217.5,3216.75,3217.25,0,950,N/A
ESH20,12/31/2019 10:22,3217.75,3217.75,3216.75,3217.25,-0.5,1327,N/A
ESH20,12/31/2019 10:21,3217.75,3218,3217.25,3217.75,0,1509,N/A
ESH20,12/31/2019 10:20,3218.25,3218.5,3217.75,3217.75,-0.5,1121,N/A
ESH20,12/31/2019 10:19,3217.75,3218.5,3217.5,3218.25,0.5,1890,N/A
ESH20,12/31/2019 10:18,3217,3217.75,3217,3217.75,0.75,801,N/A
ESH20,12/31/2019 10:17,3216.5,3217.25,3216.25,3217,0.25,1882,N/A
ESH20,12/31/2019 10:16,3217,3217,3216.5,3216.75,-0.25,952,N/A
ESH20,12/31/2019 10:15,3217.25,3217.75,3217,3217,-0.25,1347,N/A
ESH20,12/31/2019 10:14,3217.25,3217.75,3217,3217.25,0.25,1362,N/A
ESH20,12/31/2019 10:13,3217.75,3218,3216.75,3217,-0.75,2487,N/A
ESH20,12/31/2019 10:12,3218,3218,3217,3217.75,0,1725,N/A
ESH20,12/31/2019 10:11,3217.25,3218.25,3217.25,3217.75,0.25,1770,N/A
ESH20,12/31/2019 10:10,3217.25,3217.5,3217,3217.5,0.25,818,N/A
ESH20,12/31/2019 10:09,3217.5,3217.5,3217.25,3217.25,-0.25,272,N/A
ESH20,12/31/2019 10:08,3217.25,3217.75,3217,3217.5,0.25,1815,N/A
ESH20,12/31/2019 10:07,3217.75,3218,3217.25,3217.25,-0.75,1477,N/A
ESH20,12/31/2019 10:06,3218.25,3218.75,3217.5,3218,-0.5,2199,N/A
ESH20,12/31/2019 10:05,3218,3218.5,3217.5,3218.5,0.75,2645,N/A
ESH20,12/31/2019 10:04,3217,3217.75,3216.5,3217.75,0.75,2241,N/A
ESH20,12/31/2019 10:03,3217,3217.25,3216.25,3217,0,1745,N/A
ESH20,12/31/2019 10:02,3217.5,3217.75,3216.25,3217,-0.75,4004,N/A
ESH20,12/31/2019 10:01,3216.75,3217.75,3216.5,3217.75,0.75,2563,N/A
ESH20,12/31/2019 10:00,3215.75,3217,3215.25,3217,1.5,2417,N/A
ESH20,12/31/2019 9:59,3216.5,3216.5,3215.5,3215.5,-1,2060,N/A
ESH20,12/31/2019 9:58,3216.75,3216.75,3216,3216.5,-0.25,1533,N/A
ESH20,12/31/2019 9:57,3216.5,3217,3216.5,3216.75,0.5,1177,N/A
ESH20,12/31/2019 9:56,3216,3216.25,3215.75,3216.25,0.25,1432,N/A
ESH20,12/31/2019 9:55,3217.25,3218,3215.75,3216,-1.25,4851,N/A
ESH20,12/31/2019 9:54,3216.5,3217.25,3216.25,3217.25,0.5,2164,N/A
ESH20,12/31/2019 9:53,3215.75,3217,3215.5,3216.75,1,1734,N/A
ESH20,12/31/2019 9:52,3216,3216.25,3215.5,3215.75,-0.25,1952,N/A
ESH20,12/31/2019 9:51,3216.25,3216.5,3216,3216,-0.25,1052,N/A
ESH20,12/31/2019 9:50,3217.25,3217.25,3216,3216.25,-0.75,3004,N/A
ESH20,12/31/2019 9:49,3217,3217.75,3216.5,3217,0.25,2309,N/A
ESH20,12/31/2019 9:48,3218,3218,3216.75,3216.75,-1,2141,N/A
ESH20,12/31/2019 9:47,3217.75,3218.25,3217.5,3217.75,0,1616,N/A
ESH20,12/31/2019 9:46,3217.25,3218.75,3217.25,3217.75,0.25,2879,N/A
ESH20,12/31/2019 9:45,3217.75,3218,3216.75,3217.5,-0.5,4132,N/A
ESH20,12/31/2019 9:44,3218.5,3218.75,3217.5,3218,-0.5,1127,N/A
ESH20,12/31/2019 9:43,3218.75,3218.75,3217.75,3218.5,-0.25,1754,N/A
ESH20,12/31/2019 9:42,3218,3219,3217.5,3218.75,0.5,2763,N/A
ESH20,12/31/2019 9:41,3219,3219.25,3218,3218.25,-0.75,1482,N/A
ESH20,12/31/2019 9:40,3219.25,3219.5,3218.75,3219,-0.25,2398,N/A
ESH20,12/31/2019 9:39,3219.25,3220,3219.25,3219.25,-0.25,2044,N/A
ESH20,12/31/2019 9:38,3220,3220,3219,3219.5,-0.5,1141,N/A
ESH20,12/31/2019 9:37,3219.75,3220.25,3219.5,3220,0.25,1926,N/A
ESH20,12/31/2019 9:36,3219.5,3220.25,3219.25,3219.75,0.25,2851,N/A
ESH20,12/31/2019 9:35,3218,3219.75,3218,3219.5,1.25,3634,N/A
ESH20,12/31/2019 9:34,3218.5,3218.5,3218,3218.25,-0.25,1472,N/A
ESH20,12/31/2019 9:33,3218.75,3218.75,3217.75,3218.5,0,2025,N/A
ESH20,12/31/2019 9:32,3217.5,3218.75,3217.5,3218.5,1,2447,N/A
ESH20,12/31/2019 9:31,3218.75,3219,3217.25,3217.5,-1.5,3577,N/A
ESH20,12/31/2019 9:30,3219.25,3219.75,3218,3219,-0.25,4823,N/A
ESH20,12/31/2019 9:29,3219.75,3220,3219,3219.25,-0.5,2851,N/A
ESH20,12/31/2019 9:28,3220.5,3220.75,3219.25,3219.75,-1,5313,N/A
ESH20,12/31/2019 9:27,3221.5,3221.75,3220.75,3220.75,-0.75,1774,N/A
ESH20,12/31/2019 9:26,3221.5,3222,3221.25,3221.5,-0.25,1709,N/A
ESH20,12/31/2019 9:25,3222,3222,3221.5,3221.75,0,1642,N/A
ESH20,12/31/2019 9:24,3222.5,3222.75,3221.75,3221.75,-0.5,1586,N/A
ESH20,12/31/2019 9:23,3222.75,3222.75,3222,3222.25,-0.25,1547,N/A
ESH20,12/31/2019 9:22,3221.5,3222.75,3221.5,3222.5,1,963,N/A
ESH20,12/31/2019 9:21,3221.75,3222.25,3221.5,3221.5,-0.25,1416,N/A
ESH20,12/31/2019 9:20,3222.5,3222.75,3221.75,3221.75,-0.75,2401,N/A
ESH20,12/31/2019 9:19,3223,3223.25,3222.5,3222.5,-0.25,1154,N/A
ESH20,12/31/2019 9:18,3223,3223.25,3222.75,3222.75,-0.25,934,N/A
ESH20,12/31/2019 9:17,3222.75,3223.25,3222.5,3223,0.25,1428,N/A
ESH20,12/31/2019 9:16,3223,3223,3222.75,3222.75,-0.25,1221,N/A
ESH20,12/31/2019 9:15,3222.5,3223,3222,3223,0.75,1805,N/A
ESH20,12/31/2019 9:14,3221.75,3222.5,3221,3222.25,0.5,2514,N/A
ESH20,12/31/2019 9:13,3222.5,3222.75,3221.5,3221.75,-1,1909,N/A
ESH20,12/31/2019 9:12,3222.5,3223.25,3222.25,3222.75,0.25,2334,N/A
ESH20,12/31/2019 9:11,3222.5,3222.75,3222,3222.5,0,2528,N/A
ESH20,12/31/2019 9:10,3222.75,3223.25,3222.25,3222.5,-0.25,1980,N/A
ESH20,12/31/2019 9:09,3222.75,3223.25,3222.25,3222.75,0,3932,N/A
ESH20,12/31/2019 9:08,3221.25,3223,3221,3222.75,1.5,3876,N/A
ESH20,12/31/2019 9:07,3220.5,3221.25,3220.25,3221.25,1,2646,N/A
ESH20,12/31/2019 9:06,3221.5,3221.5,3219.75,3220.25,-1.25,3699,N/A
ESH20,12/31/2019 9:05,3222,3222.5,3221,3221.5,-0.5,3663,N/A
ESH20,12/31/2019 9:04,3221.5,3222.25,3221.25,3222,0.5,3358,N/A
ESH20,12/31/2019 9:03,3222,3222.75,3221.5,3221.5,-0.25,3614,N/A
ESH20,12/31/2019 9:02,3223.25,3223.25,3221.25,3221.75,-1.25,6099,N/A
ESH20,12/31/2019 9:01,3224.25,3224.75,3222.75,3223,-1,3400,N/A
ESH20,12/31/2019 9:00,3224.25,3225,3223.25,3224,0,2960,N/A
ESH20,12/31/2019 8:59,3224.25,3224.5,3224,3224,-0.25,1024,N/A
ESH20,12/31/2019 8:58,3224.75,3224.75,3224.25,3224.25,-0.25,1870,N/A
ESH20,12/31/2019 8:57,3224,3224.75,3223.75,3224.5,0.5,1930,N/A
ESH20,12/31/2019 8:56,3223.25,3224.25,3223.25,3224,0.75,2092,N/A
ESH20,12/31/2019 8:55,3224,3224,3223.25,3223.25,-0.75,2391,N/A
ESH20,12/31/2019 8:54,3224.75,3224.75,3224,3224,-0.5,1219,N/A
ESH20,12/31/2019 8:53,3224.5,3224.75,3224,3224.5,0,2444,N/A
ESH20,12/31/2019 8:52,3224.5,3225.25,3224.25,3224.5,0.25,2705,N/A
ESH20,12/31/2019 8:51,3225,3225,3224.25,3224.25,-0.5,3544,N/A
ESH20,12/31/2019 8:50,3226.25,3226.5,3224.75,3224.75,-1.25,5202,N/A
ESH20,12/31/2019 8:49,3225.25,3226.75,3225,3226,0.75,4067,N/A
ESH20,12/31/2019 8:48,3225,3225.25,3224.5,3225.25,0.25,3037,N/A
ESH20,12/31/2019 8:47,3223.75,3225.25,3223.5,3225,1,2611,N/A
ESH20,12/31/2019 8:46,3223.5,3224.25,3223.25,3224,0.5,2875,N/A
ESH20,12/31/2019 8:45,3223,3224.25,3222.75,3223.5,0.5,3041,N/A
ESH20,12/31/2019 8:44,3222.75,3223.5,3222.75,3223,0.25,2139,N/A
ESH20,12/31/2019 8:43,3224,3224,3222.5,3222.75,-1,3688,N/A
ESH20,12/31/2019 8:42,3223,3224,3222.75,3223.75,0.75,3042,N/A
ESH20,12/31/2019 8:41,3222.5,3223.25,3222.25,3223,0.5,2778,N/A
ESH20,12/31/2019 8:40,3223.5,3224.25,3222.25,3222.5,-0.75,3593,N/A
ESH20,12/31/2019 8:39,3224,3224.25,3223.25,3223.25,-0.5,2302,N/A
ESH20,12/31/2019 8:38,3222.75,3225,3222.75,3223.75,1,5043,N/A
ESH20,12/31/2019 8:37,3223.75,3224,3222.5,3222.75,-1,5716,N/A
ESH20,12/31/2019 8:36,3222,3224,3221.75,3223.75,1.75,5416,N/A
ESH20,12/31/2019 8:35,3219.5,3222.75,3219.5,3222,2.5,9741,N/A
ESH20,12/31/2019 8:34,3220,3220.75,3219,3219.5,-0.25,6871,N/A
ESH20,12/31/2019 8:33,3221.25,3222,3219.75,3219.75,-1.5,11170,N/A
ESH20,12/31/2019 8:32,3215.25,3221.5,3215,3221.25,6.25,15703,N/A
ESH20,12/31/2019 8:31,3214,3215,3213,3215,1,10437,N/A
ESH20,12/31/2019 8:30,3216.75,3217,3214,3214,-3,16116,N/A
ESH20,12/31/2019 8:29,3215.5,3217,3215.5,3217,1.5,2003,N/A
ESH20,12/31/2019 8:28,3215.75,3216.25,3215.5,3215.5,-0.25,1826,N/A
ESH20,12/31/2019 8:27,3216.75,3216.75,3215.75,3215.75,-1,1863,N/A
ESH20,12/31/2019 8:26,3216.75,3217,3216.75,3216.75,-0.25,442,N/A
ESH20,12/31/2019 8:25,3217,3217.25,3216.75,3217,-0.25,337,N/A
ESH20,12/31/2019 8:24,3217,3217.25,3217,3217.25,0.5,414,N/A
ESH20,12/31/2019 8:23,3217,3217.25,3216.75,3216.75,-0.25,151,N/A
ESH20,12/31/2019 8:22,3217.25,3217.25,3216.75,3217,-0.25,292,N/A
ESH20,12/31/2019 8:21,3216.75,3217.25,3216.75,3217.25,0.5,323,N/A
ESH20,12/31/2019 8:20,3216.75,3217,3216.5,3216.75,0,218,N/A
ESH20,12/31/2019 8:19,3217,3217.5,3216.75,3216.75,-0.25,572,N/A
ESH20,12/31/2019 8:18,3217.25,3217.25,3216.5,3217,-0.25,387,N/A
ESH20,12/31/2019 8:17,3216.75,3217.5,3216.25,3217.25,0.5,1105,N/A
ESH20,12/31/2019 8:16,3217.5,3218,3216.75,3216.75,-0.75,2461,N/A
ESH20,12/31/2019 8:15,3217.5,3217.75,3217.25,3217.5,-0.25,169,N/A
ESH20,12/31/2019 8:14,3217.5,3217.75,3217.25,3217.75,0.25,150,N/A
ESH20,12/31/2019 8:13,3217.5,3217.5,3217.25,3217.5,0,145,N/A
ESH20,12/31/2019 8:12,3217.5,3217.5,3217.25,3217.5,-0.25,219,N/A
ESH20,12/31/2019 8:11,3217.75,3218.25,3217.75,3217.75,0,473,N/A
ESH20,12/31/2019 8:10,3217.25,3218,3217,3217.75,0.5,381,N/A
ESH20,12/31/2019 8:09,3217.5,3217.75,3217.25,3217.25,0,175,N/A
ESH20,12/31/2019 8:08,3217,3217.25,3217,3217.25,0.25,177,N/A
ESH20,12/31/2019 8:07,3216.75,3217,3216.75,3217,0.25,161,N/A
ESH20,12/31/2019 8:06,3217.5,3217.75,3216.75,3216.75,-0.75,455,N/A
ESH20,12/31/2019 8:05,3217.5,3217.75,3217.25,3217.5,0,206,N/A
ESH20,12/31/2019 8:04,3216.5,3217.75,3216.5,3217.5,1,600,N/A
ESH20,12/31/2019 8:03,3216.5,3217,3216.25,3216.5,0,1364,N/A
ESH20,12/31/2019 8:02,3217.5,3217.75,3216.25,3216.5,-0.75,850,N/A
ESH20,12/31/2019 8:01,3217.75,3217.75,3217.25,3217.25,-0.5,337,N/A
ESH20,12/31/2019 8:00,3217.5,3218.25,3217.25,3217.75,0,292,N/A
ESH20,12/31/2019 7:59,3217.75,3218,3217.5,3217.75,0,279,N/A
ESH20,12/31/2019 7:58,3217.5,3218,3217.5,3217.75,0.5,364,N/A
ESH20,12/31/2019 7:57,3217.5,3217.75,3217,3217.25,-0.25,975,N/A
ESH20,12/31/2019 7:56,3218.25,3218.25,3217.5,3217.5,-0.75,526,N/A
ESH20,12/31/2019 7:55,3218.5,3219,3218,3218.25,-0.5,481,N/A
ESH20,12/31/2019 7:54,3218.25,3219.25,3218,3218.75,0.5,894,N/A
ESH20,12/31/2019 7:53,3218,3218.25,3217.75,3218.25,0.5,405,N/A
ESH20,12/31/2019 7:52,3218,3218.25,3217.75,3217.75,-0.25,770,N/A
ESH20,12/31/2019 7:51,3218.75,3218.75,3216.75,3218,-1,2350,N/A
ESH20,12/31/2019 7:50,3219,3219.5,3218.75,3219,0,992,N/A
ESH20,12/31/2019 7:49,3217.75,3219,3217.75,3219,1.25,1155,N/A
ESH20,12/31/2019 7:48,3219.75,3219.75,3217.75,3217.75,-1.75,1486,N/A
ESH20,12/31/2019 7:47,3220,3220.25,3218.75,3219.5,-0.75,1234,N/A
ESH20,12/31/2019 7:46,3220.5,3220.5,3220.25,3220.25,-0.25,122,N/A
ESH20,12/31/2019 7:45,3220.5,3220.5,3220,3220.5,0,521,N/A
ESH20,12/31/2019 7:44,3221,3221,3220.25,3220.5,-0.25,436,N/A
ESH20,12/31/2019 7:43,3220.75,3221.25,3220.5,3220.75,0,595,N/A
ESH20,12/31/2019 7:42,3221,3221.25,3220.75,3220.75,-0.25,249,N/A
ESH20,12/31/2019 7:41,3221.25,3221.5,3221,3221,-0.5,124,N/A
ESH20,12/31/2019 7:40,3221.25,3221.5,3221,3221.5,0.25,542,N/A
ESH20,12/31/2019 7:39,3221,3221.5,3221,3221.25,0,274,N/A
ESH20,12/31/2019 7:38,3221.5,3221.75,3220.75,3221.25,-0.5,592,N/A
ESH20,12/31/2019 7:37,3221.75,3221.75,3221.5,3221.75,0.25,104,N/A
ESH20,12/31/2019 7:36,3222,3222,3221.5,3221.5,-0.5,266,N/A
ESH20,12/31/2019 7:35,3221.75,3222,3221.75,3222,0.25,141,N/A
ESH20,12/31/2019 7:34,3222.25,3222.25,3221.5,3221.75,-0.5,316,N/A
ESH20,12/31/2019 7:33,3222,3222.25,3222,3222.25,0.25,306,N/A
ESH20,12/31/2019 7:32,3222,3222.25,3221.75,3222,0,374,N/A
ESH20,12/31/2019 7:31,3222.75,3222.75,3222,3222,-0.75,250,N/A
ESH20,12/31/2019 7:30,3222.5,3223,3222.5,3222.75,0,208,N/A
ESH20,12/31/2019 7:29,3222.5,3222.75,3222.25,3222.75,0.25,178,N/A
ESH20,12/31/2019 7:28,3222.5,3222.75,3222.5,3222.5,0,202,N/A
ESH20,12/31/2019 7:27,3223,3223,3222.5,3222.5,-0.5,222,N/A
ESH20,12/31/2019 7:26,3223.25,3223.25,3222.75,3223,0,110,N/A
ESH20,12/31/2019 7:25,3222.25,3223,3222.25,3223,0.75,337,N/A
ESH20,12/31/2019 7:24,3222.5,3222.5,3222,3222.25,-0.25,136,N/A
ESH20,12/31/2019 7:23,3222.5,3222.75,3222.25,3222.5,0,194,N/A
ESH20,12/31/2019 7:22,3223.25,3223.25,3222.5,3222.5,-0.75,160,N/A
ESH20,12/31/2019 7:21,3223.25,3223.5,3223,3223.25,0.25,198,N/A
ESH20,12/31/2019 7:20,3222.5,3223,3222.25,3223,0.5,416,N/A
ESH20,12/31/2019 7:19,3222.25,3223,3222.25,3222.5,0,328,N/A
ESH20,12/31/2019 7:18,3222.25,3222.75,3222.25,3222.5,0.25,276,N/A
ESH20,12/31/2019 7:17,3222.5,3222.5,3221.25,3222.25,0,1157,N/A
ESH20,12/31/2019 7:16,3222.75,3222.75,3222.25,3222.25,-0.5,332,N/A
ESH20,12/31/2019 7:15,3223.25,3223.25,3222.5,3222.75,-0.5,109,N/A
ESH20,12/31/2019 7:14,3223.5,3223.5,3223,3223.25,0,317,N/A
ESH20,12/31/2019 7:13,3223.5,3223.5,3223.25,3223.25,0,90,N/A
ESH20,12/31/2019 7:12,3223.75,3223.75,3223.25,3223.25,-0.5,261,N/A
ESH20,12/31/2019 7:11,3224,3224,3223.75,3223.75,-0.25,209,N/A
ESH20,12/31/2019 7:10,3224.5,3224.5,3223.75,3224,-0.5,772,N/A
ESH20,12/31/2019 7:09,3223,3224.5,3223,3224.5,1.5,1023,N/A
ESH20,12/31/2019 7:08,3223.25,3223.25,3222.75,3223,-0.25,288,N/A
ESH20,12/31/2019 7:07,3223,3223.5,3222.75,3223.25,0.25,422,N/A
ESH20,12/31/2019 7:06,3222.75,3223.25,3222.75,3223,0.25,180,N/A
ESH20,12/31/2019 7:05,3222.75,3223,3222.75,3222.75,0,381,N/A
ESH20,12/31/2019 7:04,3223.25,3223.25,3222.75,3222.75,-0.25,289,N/A
ESH20,12/31/2019 7:03,3222.75,3223.75,3222.75,3223,0.5,1493,N/A
ESH20,12/31/2019 7:02,3222,3222.75,3222,3222.5,0.75,934,N/A
ESH20,12/31/2019 7:01,3221.5,3222,3221.25,3221.75,0.25,679,N/A
ESH20,12/31/2019 7:00,3220.25,3221.75,3219.75,3221.5,1,1275,N/A
ESH20,12/31/2019 6:59,3220.75,3220.75,3220.25,3220.5,-0.25,335,N/A
ESH20,12/31/2019 6:58,3221,3221.25,3220.5,3220.75,-0.25,164,N/A
ESH20,12/31/2019 6:57,3221.25,3221.25,3221,3221,0,67,N/A
ESH20,12/31/2019 6:56,3221.25,3221.5,3221,3221,-0.5,98,N/A
ESH20,12/31/2019 6:55,3221,3221.75,3221,3221.5,0.5,266,N/A
ESH20,12/31/2019 6:54,3221.25,3221.25,3220.75,3221,0,158,N/A
ESH20,12/31/2019 6:53,3220.75,3221.25,3220.5,3221,0.25,403,N/A
ESH20,12/31/2019 6:52,3219.75,3220.75,3219.75,3220.75,1,561,N/A
ESH20,12/31/2019 6:51,3220.75,3220.75,3219.75,3219.75,-0.75,422,N/A
ESH20,12/31/2019 6:50,3220.5,3220.75,3220.5,3220.5,0,86,N/A
ESH20,12/31/2019 6:49,3221.25,3221.25,3220.5,3220.5,-0.5,242,N/A
ESH20,12/31/2019 6:48,3221.25,3221.25,3221,3221,-0.25,170,N/A
ESH20,12/31/2019 6:47,3221.25,3221.5,3221.25,3221.25,0,278,N/A
ESH20,12/31/2019 6:46,3221.5,3221.75,3221.25,3221.25,-0.5,155,N/A
ESH20,12/31/2019 6:45,3221.75,3222,3221.5,3221.75,0,232,N/A
ESH20,12/31/2019 6:44,3221.75,3222,3221.75,3221.75,0,34,N/A
ESH20,12/31/2019 6:43,3221.25,3222,3221.25,3221.75,0.5,258,N/A
ESH20,12/31/2019 6:42,3221.5,3221.75,3221.25,3221.25,-0.25,143,N/A
ESH20,12/31/2019 6:41,3221.75,3222,3221.5,3221.5,-0.25,160,N/A
ESH20,12/31/2019 6:40,3222,3222.25,3221.75,3221.75,-0.5,159,N/A
ESH20,12/31/2019 6:39,3222.25,3222.25,3222,3222.25,0,266,N/A
ESH20,12/31/2019 6:38,3222.5,3222.5,3222.25,3222.25,-0.25,19,N/A
ESH20,12/31/2019 6:37,3222.75,3222.75,3222.5,3222.5,-0.25,177,N/A
ESH20,12/31/2019 6:36,3222.25,3222.75,3222.25,3222.75,0.25,236,N/A
ESH20,12/31/2019 6:35,3222.5,3222.75,3222.25,3222.5,0,159,N/A
ESH20,12/31/2019 6:34,3222.75,3222.75,3222.25,3222.5,-0.25,236,N/A
ESH20,12/31/2019 6:33,3223,3223.25,3222.75,3222.75,-0.5,143,N/A
ESH20,12/31/2019 6:32,3223,3223.5,3223,3223.25,0,200,N/A
ESH20,12/31/2019 6:31,3223,3223.25,3223,3223.25,0.25,214,N/A
ESH20,12/31/2019 6:30,3223,3223,3222.75,3223,0,196,N/A
ESH20,12/31/2019 6:29,3222.25,3223,3222.25,3223,0.75,178,N/A
ESH20,12/31/2019 6:28,3222.25,3222.25,3222,3222.25,0,83,N/A
ESH20,12/31/2019 6:27,3222.25,3222.25,3221.75,3222.25,0,123,N/A
ESH20,12/31/2019 6:26,3222,3222.25,3221.75,3222.25,0.25,162,N/A
ESH20,12/31/2019 6:25,3221.5,3222,3221.5,3222,0.5,62,N/A
ESH20,12/31/2019 6:24,3221.25,3221.75,3221.25,3221.5,0.25,224,N/A
ESH20,12/31/2019 6:23,3221,3221.5,3221,3221.25,0.25,291,N/A
ESH20,12/31/2019 6:22,3220.5,3221.5,3220.5,3221,0.5,436,N/A
ESH20,12/31/2019 6:21,3221.5,3221.5,3220.5,3220.5,-0.75,319,N/A
ESH20,12/31/2019 6:20,3221.5,3221.5,3221.25,3221.25,-0.25,198,N/A
ESH20,12/31/2019 6:19,3221.5,3221.75,3221.5,3221.5,0,192,N/A
ESH20,12/31/2019 6:18,3220.5,3221.5,3220.25,3221.5,1,421,N/A
ESH20,12/31/2019 6:17,3221,3221.25,3220.5,3220.5,-0.5,282,N/A
ESH20,12/31/2019 6:16,3221.75,3221.75,3221,3221,-0.75,469,N/A
ESH20,12/31/2019 6:15,3221.75,3222,3221.75,3221.75,0,174,N/A
ESH20,12/31/2019 6:14,3222.5,3222.5,3221.5,3221.75,-0.5,304,N/A
ESH20,12/31/2019 6:13,3222.5,3222.5,3222.25,3222.25,-0.25,20,N/A
ESH20,12/31/2019 6:12,3222.5,3222.75,3222.25,3222.5,0,139,N/A
ESH20,12/31/2019 6:11,3223,3223,3222.5,3222.5,-0.5,271,N/A
ESH20,12/31/2019 6:10,3222,3223,3221.75,3223,1,438,N/A
ESH20,12/31/2019 6:09,3221.5,3222,3221.5,3222,0.5,199,N/A
ESH20,12/31/2019 6:08,3221.75,3221.75,3221,3221.5,0,671,N/A
ESH20,12/31/2019 6:07,3223.5,3223.5,3221.5,3221.5,-2,1594,N/A
ESH20,12/31/2019 6:06,3224,3224,3223.5,3223.5,-0.25,106,N/A
ESH20,12/31/2019 6:05,3224,3224,3223.75,3223.75,-0.25,201,N/A
ESH20,12/31/2019 6:04,3224.25,3224.25,3224,3224,-0.25,52,N/A
ESH20,12/31/2019 6:03,3224.75,3224.75,3224.25,3224.25,-0.25,157,N/A
ESH20,12/31/2019 6:02,3224.5,3224.75,3224.5,3224.5,0,33,N/A
ESH20,12/31/2019 6:01,3224.5,3224.75,3224.25,3224.5,0,224,N/A
ESH20,12/31/2019 6:00,3224,3224.75,3224,3224.5,0.75,263,N/A
ESH20,12/31/2019 5:59,3223.75,3224,3223.75,3223.75,0,207,N/A
ESH20,12/31/2019 5:58,3223.75,3224,3223.75,3223.75,-0.25,34,N/A
ESH20,12/31/2019 5:57,3224,3224,3223.25,3224,0,367,N/A
ESH20,12/31/2019 5:56,3223.75,3224.25,3223.75,3224,0.25,150,N/A
ESH20,12/31/2019 5:55,3224.25,3224.5,3223.75,3223.75,-0.5,287,N/A
ESH20,12/31/2019 5:54,3224.75,3224.75,3224,3224.25,-0.5,147,N/A
ESH20,12/31/2019 5:53,3224.75,3224.75,3224.5,3224.75,-0.25,88,N/A
ESH20,12/31/2019 5:52,3225.25,3225.25,3224.75,3225,-0.25,160,N/A
ESH20,12/31/2019 5:51,3225.25,3225.25,3225.25,3225.25,0.25,45,N/A
ESH20,12/31/2019 5:50,3225,3225,3224.75,3225,0.25,27,N/A
ESH20,12/31/2019 5:49,3224.75,3224.75,3224.75,3224.75,0,101,N/A
ESH20,12/31/2019 5:48,3224.75,3225,3224.75,3224.75,0,122,N/A
ESH20,12/31/2019 5:47,3225.5,3225.5,3224.75,3224.75,-0.75,104,N/A
ESH20,12/31/2019 5:46,3225.5,3225.5,3225.5,3225.5,0,1,N/A
ESH20,12/31/2019 5:45,3225.5,3225.5,3225.5,3225.5,0.25,3,N/A
ESH20,12/31/2019 5:44,3225.25,3225.25,3225.25,3225.25,0,20,N/A
ESH20,12/31/2019 5:43,3225.5,3225.5,3225.25,3225.25,-0.25,34,N/A
ESH20,12/31/2019 5:42,3225.5,3225.5,3225.25,3225.5,0.25,10,N/A
ESH20,12/31/2019 5:41,3225.25,3225.25,3225,3225.25,0,64,N/A
ESH20,12/31/2019 5:40,3225.5,3225.5,3225.25,3225.25,-0.25,11,N/A
ESH20,12/31/2019 5:39,3225.5,3225.5,3225.5,3225.5,0.25,1,N/A
ESH20,12/31/2019 5:38,3225.75,3225.75,3225.25,3225.25,-0.25,39,N/A
ESH20,12/31/2019 5:37,3225.5,3225.5,3225.5,3225.5,0,1,N/A
ESH20,12/31/2019 5:36,3225.5,3225.5,3225.25,3225.5,-0.25,39,N/A
ESH20,12/31/2019 5:35,3225.5,3225.75,3225.5,3225.75,0.25,23,N/A
ESH20,12/31/2019 5:34,3225.5,3225.5,3225.5,3225.5,0.25,78,N/A
ESH20,12/31/2019 5:33,3225.5,3225.75,3225.25,3225.25,-0.5,92,N/A
ESH20,12/31/2019 5:32,3225.75,3225.75,3225.75,3225.75,0,1,N/A
ESH20,12/31/2019 5:31,3225.5,3225.75,3225.5,3225.75,0.25,8,N/A
ESH20,12/31/2019 5:30,3225.5,3225.5,3225.5,3225.5,0,48,N/A
ESH20,12/31/2019 5:29,3225.75,3225.75,3225.5,3225.5,-0.25,23,N/A
ESH20,12/31/2019 5:28,3225.5,3225.75,3225.5,3225.75,0.25,40,N/A
ESH20,12/31/2019 5:27,3225.5,3225.75,3225.5,3225.5,-0.25,108,N/A
ESH20,12/31/2019 5:26,3225.25,3225.75,3225.25,3225.75,0.5,64,N/A
ESH20,12/31/2019 5:25,3225.5,3225.5,3225.25,3225.25,-0.25,29,N/A
ESH20,12/31/2019 5:24,3225.25,3225.5,3225.25,3225.5,0.25,6,N/A
ESH20,12/31/2019 5:23,3225.75,3225.75,3225.25,3225.25,-0.25,97,N/A
ESH20,12/31/2019 5:22,3225.25,3225.5,3225.25,3225.5,0.25,33,N/A
ESH20,12/31/2019 5:21,3225.5,3225.5,3225.25,3225.25,-0.25,127,N/A
ESH20,12/31/2019 5:20,3225.75,3225.75,3225.5,3225.5,-0.25,152,N/A
ESH20,12/31/2019 5:19,3225.75,3226,3225.5,3225.75,-0.25,74,N/A
ESH20,12/31/2019 5:18,3225.75,3226,3225.5,3226,0.25,60,N/A
ESH20,12/31/2019 5:17,3226,3226,3225.75,3225.75,-0.25,134,N/A
ESH20,12/31/2019 5:16,3226.5,3226.5,3226,3226,-0.25,37,N/A
ESH20,12/31/2019 5:15,3226.25,3226.5,3226.25,3226.25,0,45,N/A
ESH20,12/31/2019 5:14,3226.25,3226.25,3226,3226.25,0,75,N/A
ESH20,12/31/2019 5:13,3226,3226.25,3226,3226.25,0,58,N/A
ESH20,12/31/2019 5:12,3226.25,3226.25,3226.25,3226.25,0,12,N/A
ESH20,12/31/2019 5:11,3226.25,3226.5,3226,3226.25,0,123,N/A
ESH20,12/31/2019 5:10,3226.75,3226.75,3226.25,3226.25,-0.5,122,N/A
ESH20,12/31/2019 5:09,3227.5,3227.5,3226.75,3226.75,-0.75,102,N/A
ESH20,12/31/2019 5:08,3227.25,3227.5,3227.25,3227.5,0.25,96,N/A
ESH20,12/31/2019 5:07,3227.25,3227.25,3227.25,3227.25,-0.25,2,N/A
ESH20,12/31/2019 5:06,3227.75,3227.75,3227.5,3227.5,-0.25,160,N/A
ESH20,12/31/2019 5:05,3227.75,3228,3227.75,3227.75,-0.25,14,N/A
ESH20,12/31/2019 5:04,3228,3228,3227.75,3228,0,151,N/A
ESH20,12/31/2019 5:03,3227.5,3228,3227.5,3228,0.75,151,N/A
ESH20,12/31/2019 5:02,3227.25,3227.25,3227.25,3227.25,0,197,N/A
ESH20,12/31/2019 5:01,3227.25,3227.25,3227.25,3227.25,0,83,N/A
ESH20,12/31/2019 5:00,3227,3227.25,3227,3227.25,0.25,16,N/A
ESH20,12/31/2019 4:59,3227,3227,3226.75,3227,0,101,N/A
ESH20,12/31/2019 4:58,3227,3227,3226.75,3227,-0.25,48,N/A
ESH20,12/31/2019 4:57,3227.25,3227.25,3227,3227.25,0,133,N/A
ESH20,12/31/2019 4:56,3227.5,3227.75,3227.25,3227.25,-0.25,163,N/A
ESH20,12/31/2019 4:55,3227.75,3227.75,3227.5,3227.5,0,17,N/A
ESH20,12/31/2019 4:54,3227.5,3227.5,3227.5,3227.5,0,69,N/A
ESH20,12/31/2019 4:53,3227.25,3227.5,3227.25,3227.5,0,80,N/A
ESH20,12/31/2019 4:52,3227.25,3227.5,3227.25,3227.5,0,4,N/A
ESH20,12/31/2019 4:50,3227.5,3227.5,3227.25,3227.5,0.25,70,N/A
ESH20,12/31/2019 4:49,3227.25,3227.25,3227.25,3227.25,-0.25,39,N/A
ESH20,12/31/2019 4:48,3227,3227.5,3227,3227.5,0.25,187,N/A
ESH20,12/31/2019 4:47,3227,3227.25,3227,3227.25,0,12,N/A
ESH20,12/31/2019 4:46,3227,3227.25,3227,3227.25,0,14,N/A
ESH20,12/31/2019 4:45,3227,3227.25,3227,3227.25,0,8,N/A
ESH20,12/31/2019 4:44,3227.5,3227.5,3227,3227.25,0,68,N/A
ESH20,12/31/2019 4:43,3227.25,3227.5,3227.25,3227.25,0,31,N/A
ESH20,12/31/2019 4:42,3227.75,3227.75,3227.25,3227.25,-0.5,146,N/A
ESH20,12/31/2019 4:41,3227.75,3227.75,3227.75,3227.75,0,3,N/A
ESH20,12/31/2019 4:40,3227.75,3227.75,3227.75,3227.75,0,62,N/A
ESH20,12/31/2019 4:39,3227.75,3228,3227.75,3227.75,0,67,N/A
ESH20,12/31/2019 4:38,3227.5,3227.75,3227.5,3227.75,0,196,N/A
ESH20,12/31/2019 4:37,3227.75,3227.75,3227.75,3227.75,0.25,19,N/A
ESH20,12/31/2019 4:36,3227.5,3227.5,3227.5,3227.5,0,66,N/A
ESH20,12/31/2019 4:35,3227.5,3227.75,3227.5,3227.5,-0.25,177,N/A
ESH20,12/31/2019 4:34,3227.25,3227.75,3227.25,3227.75,0.25,164,N/A
ESH20,12/31/2019 4:33,3227.25,3227.5,3227.25,3227.5,0.25,36,N/A
ESH20,12/31/2019 4:32,3227.25,3227.5,3227.25,3227.25,-0.25,22,N/A
ESH20,12/31/2019 4:31,3227,3227.5,3227,3227.5,0.25,191,N/A
ESH20,12/31/2019 4:30,3227,3227.25,3226.75,3227.25,0,195,N/A
ESH20,12/31/2019 4:29,3227.25,3227.25,3227,3227.25,0.25,9,N/A
ESH20,12/31/2019 4:28,3227,3227.25,3227,3227,0,42,N/A
ESH20,12/31/2019 4:27,3227,3227.25,3227,3227,-0.25,27,N/A
ESH20,12/31/2019 4:26,3227.25,3227.25,3227.25,3227.25,0,10,N/A
ESH20,12/31/2019 4:25,3227.25,3227.25,3227,3227.25,0,38,N/A
ESH20,12/31/2019 4:24,3227,3227.25,3227,3227.25,0.25,182,N/A
ESH20,12/31/2019 4:23,3227,3227,3227,3227,0,114,N/A
ESH20,12/31/2019 4:22,3227,3227,3226.75,3227,0,66,N/A
ESH20,12/31/2019 4:21,3226.75,3227,3226.75,3227,0,138,N/A
ESH20,12/31/2019 4:20,3226.75,3227,3226.75,3227,0.25,220,N/A
ESH20,12/31/2019 4:19,3226.5,3226.75,3226.5,3226.75,0.5,115,N/A
ESH20,12/31/2019 4:18,3226.25,3226.5,3226.25,3226.25,0,95,N/A
ESH20,12/31/2019 4:17,3226.5,3226.5,3226.25,3226.25,0,157,N/A
ESH20,12/31/2019 4:16,3226,3226.25,3226,3226.25,0.25,133,N/A
ESH20,12/31/2019 4:15,3226,3226,3226,3226,0,9,N/A
ESH20,12/31/2019 4:14,3226,3226,3226,3226,0,21,N/A
ESH20,12/31/2019 4:13,3226,3226,3225.75,3226,0,9,N/A
ESH20,12/31/2019 4:12,3226,3226,3225.75,3226,0,10,N/A
ESH20,12/31/2019 4:11,3226,3226,3225.75,3226,0.25,13,N/A
ESH20,12/31/2019 4:10,3226,3226,3225.75,3225.75,0,11,N/A
ESH20,12/31/2019 4:09,3226,3226,3225.75,3225.75,0,6,N/A
ESH20,12/31/2019 4:08,3225.75,3226,3225.75,3225.75,0,3,N/A
ESH20,12/31/2019 4:07,3225.75,3225.75,3225.75,3225.75,0,5,N/A
ESH20,12/31/2019 4:06,3226,3226,3225.75,3225.75,-0.25,59,N/A
ESH20,12/31/2019 4:05,3226.25,3226.25,3226,3226,-0.25,71,N/A
ESH20,12/31/2019 4:04,3226,3226.25,3226,3226.25,0,55,N/A
ESH20,12/31/2019 4:03,3226,3226.25,3225.75,3226.25,0.25,223,N/A
ESH20,12/31/2019 4:02,3225.75,3226,3225.75,3226,0.25,34,N/A
ESH20,12/31/2019 4:01,3225.25,3225.75,3225.25,3225.75,0.5,83,N/A
ESH20,12/31/2019 4:00,3225.5,3225.5,3225.25,3225.25,-0.5,33,N/A
ESH20,12/31/2019 3:59,3225.5,3225.75,3225.5,3225.75,0,33,N/A
ESH20,12/31/2019 3:57,3225.75,3225.75,3225.5,3225.75,0,30,N/A
ESH20,12/31/2019 3:56,3225.75,3225.75,3225.75,3225.75,0,44,N/A
ESH20,12/31/2019 3:55,3225.75,3225.75,3225.75,3225.75,-0.25,64,N/A
ESH20,12/31/2019 3:54,3225.75,3226,3225.75,3226,0.25,37,N/A
ESH20,12/31/2019 3:53,3225.75,3226,3225.75,3225.75,0.25,32,N/A
ESH20,12/31/2019 3:52,3225.5,3225.5,3225.5,3225.5,-0.25,24,N/A
ESH20,12/31/2019 3:51,3225.75,3226,3225.75,3225.75,0.25,37,N/A
ESH20,12/31/2019 3:50,3225.5,3225.75,3225.5,3225.5,0,15,N/A
ESH20,12/31/2019 3:49,3225.5,3225.5,3225.5,3225.5,0,63,N/A
ESH20,12/31/2019 3:48,3225.75,3225.75,3225.5,3225.5,-0.25,36,N/A
ESH20,12/31/2019 3:47,3225.75,3225.75,3225.5,3225.75,0,93,N/A
ESH20,12/31/2019 3:46,3225.5,3225.75,3225.5,3225.75,0.5,102,N/A
ESH20,12/31/2019 3:44,3225.5,3225.5,3225.25,3225.25,-0.25,40,N/A
ESH20,12/31/2019 3:43,3225.25,3225.5,3225.25,3225.5,0.25,66,N/A
ESH20,12/31/2019 3:42,3225,3225.25,3225,3225.25,0.25,24,N/A
ESH20,12/31/2019 3:41,3225,3225,3225,3225,0,7,N/A
ESH20,12/31/2019 3:40,3225.25,3225.25,3225,3225,-0.25,9,N/A
ESH20,12/31/2019 3:39,3225.5,3225.5,3225.25,3225.25,0,127,N/A
ESH20,12/31/2019 3:38,3225.5,3225.5,3225.25,3225.25,0,11,N/A
ESH20,12/31/2019 3:37,3225.5,3225.5,3225.25,3225.25,-0.25,182,N/A
ESH20,12/31/2019 3:36,3225.75,3225.75,3225.5,3225.5,-0.25,33,N/A
ESH20,12/31/2019 3:35,3225.75,3225.75,3225.5,3225.75,-0.25,28,N/A
ESH20,12/31/2019 3:33,3226.25,3226.25,3226,3226,-0.5,90,N/A
ESH20,12/31/2019 3:32,3226,3226.5,3226,3226.5,0.5,158,N/A
ESH20,12/31/2019 3:31,3225.75,3226,3225.75,3226,0.25,39,N/A
ESH20,12/31/2019 3:30,3226,3226,3225.75,3225.75,-0.25,48,N/A
ESH20,12/31/2019 3:29,3226,3226,3225.75,3226,0,8,N/A
ESH20,12/31/2019 3:28,3226,3226,3226,3226,0,9,N/A
ESH20,12/31/2019 3:27,3226,3226,3226,3226,0,2,N/A
ESH20,12/31/2019 3:26,3226,3226,3226,3226,0,77,N/A
ESH20,12/31/2019 3:25,3225.75,3226,3225.75,3226,0.5,16,N/A
ESH20,12/31/2019 3:24,3225.75,3225.75,3225.5,3225.5,0,102,N/A
ESH20,12/31/2019 3:22,3225.5,3225.5,3225.5,3225.5,0,4,N/A
ESH20,12/31/2019 3:21,3225.5,3225.5,3225.5,3225.5,0,9,N/A
ESH20,12/31/2019 3:20,3225.5,3225.75,3225.5,3225.5,0,196,N/A
ESH20,12/31/2019 3:19,3226,3226,3225.5,3225.5,-0.5,60,N/A
ESH20,12/31/2019 3:18,3226,3226,3225.75,3226,0,155,N/A
ESH20,12/31/2019 3:17,3225.75,3226,3225.75,3226,0.25,10,N/A
ESH20,12/31/2019 3:16,3226,3226,3225.5,3225.75,-0.25,148,N/A
ESH20,12/31/2019 3:15,3226,3226,3225.75,3226,0,42,N/A
ESH20,12/31/2019 3:14,3226.25,3226.25,3226,3226,-0.25,17,N/A
ESH20,12/31/2019 3:13,3225.75,3226.25,3225.75,3226.25,0.25,55,N/A
ESH20,12/31/2019 3:12,3226,3226,3226,3226,0,3,N/A
ESH20,12/31/2019 3:11,3226,3226,3226,3226,0.25,5,N/A
ESH20,12/31/2019 3:10,3226,3226,3225.75,3225.75,-0.25,13,N/A
ESH20,12/31/2019 3:09,3225.75,3226,3225.75,3226,0,21,N/A
ESH20,12/31/2019 3:08,3226,3226,3225.75,3226,-0.25,47,N/A
ESH20,12/31/2019 3:07,3226.25,3226.25,3226.25,3226.25,0,23,N/A
ESH20,12/31/2019 3:06,3226.25,3226.25,3226,3226.25,0,18,N/A
ESH20,12/31/2019 3:05,3226,3226.25,3226,3226.25,0.25,89,N/A
ESH20,12/31/2019 3:04,3226.25,3226.25,3225.75,3226,0,90,N/A
ESH20,12/31/2019 3:03,3226.25,3226.25,3226,3226,-0.25,32,N/A
ESH20,12/31/2019 3:02,3226.25,3226.5,3226.25,3226.25,0,141,N/A
ESH20,12/31/2019 3:01,3226.25,3226.25,3226,3226.25,0,19,N/A
ESH20,12/31/2019 3:00,3226,3226.25,3226,3226.25,0.25,125,N/A
ESH20,12/31/2019 2:59,3226,3226,3226,3226,0.25,12,N/A
ESH20,12/31/2019 2:58,3225.75,3226,3225.75,3225.75,-0.25,114,N/A
ESH20,12/31/2019 2:57,3226.25,3226.25,3226,3226,-0.25,53,N/A
ESH20,12/31/2019 2:56,3226.25,3226.25,3226.25,3226.25,0,9,N/A
ESH20,12/31/2019 2:55,3226.25,3226.25,3226.25,3226.25,0,28,N/A
ESH20,12/31/2019 2:54,3226,3226.5,3226,3226.25,0.25,195,N/A
ESH20,12/31/2019 2:53,3226,3226,3225.75,3226,0,20,N/A
ESH20,12/31/2019 2:52,3225.75,3226,3225.75,3226,0.25,43,N/A
ESH20,12/31/2019 2:51,3225.75,3225.75,3225.5,3225.75,0,41,N/A
ESH20,12/31/2019 2:50,3225.75,3225.75,3225.5,3225.75,0,18,N/A
ESH20,12/31/2019 2:49,3225.75,3225.75,3225.75,3225.75,0,5,N/A
ESH20,12/31/2019 2:48,3225.75,3225.75,3225.5,3225.75,0,12,N/A
ESH20,12/31/2019 2:47,3225.75,3225.75,3225.5,3225.75,0,15,N/A
ESH20,12/31/2019 2:46,3225.5,3225.75,3225.5,3225.75,0.25,36,N/A
ESH20,12/31/2019 2:45,3225.5,3225.5,3225.5,3225.5,-0.25,61,N/A
ESH20,12/31/2019 2:44,3225.5,3225.75,3225.5,3225.75,0.25,79,N/A
ESH20,12/31/2019 2:43,3225.25,3225.5,3225.25,3225.5,0,4,N/A
ESH20,12/31/2019 2:42,3225.5,3225.5,3225.5,3225.5,0,123,N/A
ESH20,12/31/2019 2:41,3225.75,3225.75,3225.5,3225.5,-0.25,6,N/A
ESH20,12/31/2019 2:40,3225.75,3226,3225.75,3225.75,0,118,N/A
ESH20,12/31/2019 2:39,3225.5,3225.75,3225.25,3225.75,0.25,40,N/A
ESH20,12/31/2019 2:38,3225.25,3225.5,3225.25,3225.5,0,8,N/A
ESH20,12/31/2019 2:37,3225.25,3225.5,3225.25,3225.5,0.25,12,N/A
ESH20,12/31/2019 2:36,3225.25,3225.5,3225.25,3225.25,0,29,N/A
ESH20,12/31/2019 2:35,3225.25,3225.5,3225.25,3225.25,-0.25,65,N/A
ESH20,12/31/2019 2:34,3225.25,3225.5,3225.25,3225.5,0.5,290,N/A
ESH20,12/31/2019 2:33,3225,3225.25,3225,3225,0,13,N/A
ESH20,12/31/2019 2:32,3225.25,3225.25,3225,3225,0,79,N/A
ESH20,12/31/2019 2:31,3225,3225.25,3225,3225,0,95,N/A
ESH20,12/31/2019 2:30,3225,3225,3224.75,3225,0,148,N/A
ESH20,12/31/2019 2:29,3225.25,3225.25,3225,3225,0,34,N/A
ESH20,12/31/2019 2:28,3225,3225.25,3225,3225,0,21,N/A
ESH20,12/31/2019 2:27,3224.75,3225,3224.75,3225,0.5,175,N/A
ESH20,12/31/2019 2:26,3224.5,3224.75,3224.5,3224.5,0,6,N/A
ESH20,12/31/2019 2:25,3224.75,3224.75,3224.5,3224.5,0,57,N/A
ESH20,12/31/2019 2:24,3224.5,3224.5,3224.5,3224.5,-0.25,2,N/A
ESH20,12/31/2019 2:23,3224.5,3224.75,3224.25,3224.75,0.5,192,N/A
ESH20,12/31/2019 2:22,3224.25,3224.25,3224,3224.25,0,69,N/A
ESH20,12/31/2019 2:21,3224,3224.25,3224,3224.25,0,82,N/A
ESH20,12/31/2019 2:20,3224.25,3224.25,3224.25,3224.25,0.25,72,N/A
ESH20,12/31/2019 2:19,3224.25,3224.25,3223.75,3224,-0.25,82,N/A
ESH20,12/31/2019 2:18,3224,3224.25,3224,3224.25,0.25,89,N/A
ESH20,12/31/2019 2:17,3224,3224,3223.75,3224,0,67,N/A
ESH20,12/31/2019 2:16,3223.75,3224,3223.75,3224,0.25,95,N/A
ESH20,12/31/2019 2:15,3223.5,3223.75,3223.5,3223.75,0,93,N/A
ESH20,12/31/2019 2:14,3224,3224,3223.75,3223.75,0,67,N/A
ESH20,12/31/2019 2:13,3223.75,3224,3223.5,3223.75,0,84,N/A
ESH20,12/31/2019 2:12,3223.75,3223.75,3223.75,3223.75,0.25,131,N/A
ESH20,12/31/2019 2:11,3223.75,3223.75,3223.5,3223.5,-0.25,101,N/A
ESH20,12/31/2019 2:10,3223.75,3224,3223.5,3223.75,0.25,167,N/A
ESH20,12/31/2019 2:09,3223.5,3223.5,3223.25,3223.5,0,131,N/A
ESH20,12/31/2019 2:08,3223.25,3223.5,3223,3223.5,0,200,N/A
ESH20,12/31/2019 2:07,3223.5,3223.5,3223,3223.5,0,243,N/A
ESH20,12/31/2019 2:06,3224,3224,3223.25,3223.5,-0.5,284,N/A
ESH20,12/31/2019 2:05,3224,3224.25,3223.75,3224,0.25,234,N/A
ESH20,12/31/2019 2:04,3224.25,3224.25,3223.5,3223.75,-0.5,376,N/A
ESH20,12/31/2019 2:03,3224.25,3224.25,3224,3224.25,0,9,N/A
ESH20,12/31/2019 2:02,3224.5,3224.5,3224,3224.25,-0.25,265,N/A
ESH20,12/31/2019 2:01,3224.75,3225,3224.5,3224.5,-0.5,136,N/A
ESH20,12/31/2019 2:00,3225,3225,3224.75,3225,0.25,141,N/A
ESH20,12/31/2019 1:59,3224.75,3224.75,3224.75,3224.75,0,19,N/A
ESH20,12/31/2019 1:58,3224.75,3225,3224.75,3224.75,0,7,N/A
ESH20,12/31/2019 1:57,3225,3225.25,3224.75,3224.75,-0.25,62,N/A
ESH20,12/31/2019 1:56,3225,3225.25,3225,3225,0,26,N/A
ESH20,12/31/2019 1:55,3224.75,3225,3224.75,3225,0.25,72,N/A
ESH20,12/31/2019 1:54,3224.5,3224.75,3224.5,3224.75,0.25,124,N/A
ESH20,12/31/2019 1:53,3224.75,3224.75,3224.5,3224.5,-0.25,18,N/A
ESH20,12/31/2019 1:52,3224.5,3224.75,3224.5,3224.75,0.25,15,N/A
ESH20,12/31/2019 1:51,3224.5,3224.75,3224.5,3224.5,-0.25,14,N/A
ESH20,12/31/2019 1:50,3225,3225,3224.75,3224.75,-0.25,95,N/A
ESH20,12/31/2019 1:49,3225.25,3225.25,3225,3225,-0.25,122,N/A
ESH20,12/31/2019 1:48,3225.25,3225.25,3225,3225.25,0,81,N/A
ESH20,12/31/2019 1:47,3225.25,3225.5,3225.25,3225.25,0,123,N/A
ESH20,12/31/2019 1:46,3225.5,3225.5,3225.25,3225.25,0,10,N/A
ESH20,12/31/2019 1:45,3225.5,3225.5,3225.25,3225.25,0,8,N/A
ESH20,12/31/2019 1:44,3225.25,3225.25,3225,3225.25,0.25,113,N/A
ESH20,12/31/2019 1:43,3225.25,3225.25,3225,3225,0,80,N/A
ESH20,12/31/2019 1:42,3224.75,3225,3224.75,3225,0.25,51,N/A
ESH20,12/31/2019 1:41,3224.75,3225,3224.5,3224.75,0,155,N/A
ESH20,12/31/2019 1:40,3224.75,3225,3224.5,3224.75,0,37,N/A
ESH20,12/31/2019 1:39,3224.75,3224.75,3224.5,3224.75,0.25,129,N/A
ESH20,12/31/2019 1:38,3224.75,3225,3224.5,3224.5,-0.25,63,N/A
ESH20,12/31/2019 1:37,3224.75,3224.75,3224.5,3224.75,0,101,N/A
ESH20,12/31/2019 1:36,3224.75,3225,3224.75,3224.75,0.25,55,N/A
ESH20,12/31/2019 1:35,3224.75,3224.75,3224.5,3224.5,0,105,N/A
ESH20,12/31/2019 1:34,3224.5,3224.5,3224.5,3224.5,0,29,N/A
ESH20,12/31/2019 1:33,3225,3225,3224.5,3224.5,-0.25,125,N/A
ESH20,12/31/2019 1:32,3224.5,3224.75,3224.5,3224.75,0.25,90,N/A
ESH20,12/31/2019 1:31,3224.5,3224.5,3224.5,3224.5,-0.25,7,N/A
ESH20,12/31/2019 1:30,3224.75,3224.75,3224.5,3224.75,0.25,100,N/A
ESH20,12/31/2019 1:29,3224.75,3224.75,3224.5,3224.5,-0.25,78,N/A
ESH20,12/31/2019 1:28,3224.75,3225,3224.5,3224.75,0,92,N/A
ESH20,12/31/2019 1:27,3225,3225,3224.75,3224.75,-0.25,76,N/A
ESH20,12/31/2019 1:26,3225,3225,3224.75,3225,0.25,188,N/A
ESH20,12/31/2019 1:25,3224.5,3225,3224.5,3224.75,0.25,108,N/A
ESH20,12/31/2019 1:24,3224.75,3224.75,3224.5,3224.5,-0.25,30,N/A
ESH20,12/31/2019 1:23,3224.75,3224.75,3224.75,3224.75,0,2,N/A
ESH20,12/31/2019 1:22,3224.5,3225,3224.5,3224.75,0,69,N/A
ESH20,12/31/2019 1:21,3225.25,3225.25,3224.5,3224.75,-0.5,135,N/A
ESH20,12/31/2019 1:20,3225.75,3226,3225,3225.25,-0.75,371,N/A
ESH20,12/31/2019 1:19,3226,3226,3225.75,3226,0,4,N/A
ESH20,12/31/2019 1:18,3226,3226,3226,3226,0,2,N/A
ESH20,12/31/2019 1:17,3225.75,3226,3225.75,3226,0.25,6,N/A
ESH20,12/31/2019 1:16,3225.75,3225.75,3225.75,3225.75,0,15,N/A
ESH20,12/31/2019 1:15,3226,3226,3225.75,3225.75,0,185,N/A
ESH20,12/31/2019 1:14,3225.75,3225.75,3225.75,3225.75,0,17,N/A
ESH20,12/31/2019 1:13,3226,3226,3225.75,3225.75,-0.5,99,N/A
ESH20,12/31/2019 1:12,3226,3226.25,3226,3226.25,0.25,200,N/A
ESH20,12/31/2019 1:11,3226.75,3226.75,3225.75,3226,-0.75,357,N/A
ESH20,12/31/2019 1:10,3226.75,3226.75,3226.75,3226.75,0,98,N/A
ESH20,12/31/2019 1:09,3227,3227,3226.75,3226.75,-0.25,52,N/A
ESH20,12/31/2019 1:08,3226.75,3227,3226.75,3227,0,3,N/A
ESH20,12/31/2019 1:07,3227,3227.25,3227,3227,0,51,N/A
ESH20,12/31/2019 1:06,3227,3227,3226.75,3227,-0.25,85,N/A
ESH20,12/31/2019 1:05,3227.25,3227.25,3227,3227.25,0,155,N/A
ESH20,12/31/2019 1:04,3227.25,3227.25,3227.25,3227.25,0,14,N/A
ESH20,12/31/2019 1:03,3227.5,3227.5,3227.25,3227.25,0,10,N/A
ESH20,12/31/2019 1:02,3227.5,3227.5,3227.25,3227.25,-0.25,12,N/A
ESH20,12/31/2019 1:01,3227.5,3227.5,3227.5,3227.5,0,2,N/A
ESH20,12/31/2019 1:00,3227.25,3227.5,3227.25,3227.5,0.25,10,N/A
ESH20,12/31/2019 0:59,3227.25,3227.5,3227.25,3227.25,0,47,N/A
ESH20,12/31/2019 0:58,3227.25,3227.25,3227.25,3227.25,0,44,N/A
ESH20,12/31/2019 0:57,3227.25,3227.25,3227.25,3227.25,0,57,N/A
ESH20,12/31/2019 0:56,3227.25,3227.25,3227.25,3227.25,0,3,N/A
ESH20,12/31/2019 0:55,3227.5,3227.5,3227.25,3227.25,0,15,N/A
ESH20,12/31/2019 0:54,3227.25,3227.25,3227.25,3227.25,0,2,N/A
ESH20,12/31/2019 0:53,3227.25,3227.25,3227.25,3227.25,0,2,N/A
ESH20,12/31/2019 0:52,3227.5,3227.5,3227.25,3227.25,0,23,N/A
ESH20,12/31/2019 0:51,3227.25,3227.25,3227.25,3227.25,0,27,N/A
ESH20,12/31/2019 0:50,3227.25,3227.25,3227.25,3227.25,-0.25,13,N/A
ESH20,12/31/2019 0:49,3227.5,3227.5,3227.5,3227.5,0,2,N/A
ESH20,12/31/2019 0:48,3227.5,3227.5,3227.5,3227.5,-0.25,23,N/A
ESH20,12/31/2019 0:47,3227.75,3227.75,3227.75,3227.75,0,1,N/A
ESH20,12/31/2019 0:46,3227.5,3227.75,3227.5,3227.75,0.25,8,N/A
ESH20,12/31/2019 0:45,3227.5,3227.75,3227.5,3227.5,0,41,N/A
ESH20,12/31/2019 0:44,3227.5,3227.5,3227.5,3227.5,0,26,N/A
ESH20,12/31/2019 0:43,3227.25,3227.5,3227.25,3227.5,0.25,33,N/A
ESH20,12/31/2019 0:42,3227.25,3227.25,3227.25,3227.25,0,3,N/A
ESH20,12/31/2019 0:41,3227.25,3227.25,3227.25,3227.25,0,1,N/A
ESH20,12/31/2019 0:40,3227.25,3227.25,3227.25,3227.25,-0.25,4,N/A
ESH20,12/31/2019 0:37,3227.5,3227.5,3227.5,3227.5,0.25,3,N/A
ESH20,12/31/2019 0:36,3227.5,3227.5,3227.25,3227.25,0,4,N/A
ESH20,12/31/2019 0:35,3227.25,3227.5,3227.25,3227.25,0,20,N/A
ESH20,12/31/2019 0:34,3227.25,3227.25,3227.25,3227.25,0,41,N/A
ESH20,12/31/2019 0:33,3227.25,3227.25,3227.25,3227.25,0,7,N/A
ESH20,12/31/2019 0:32,3227.25,3227.25,3227.25,3227.25,0,3,N/A
ESH20,12/31/2019 0:31,3227.25,3227.25,3227.25,3227.25,-0.25,1,N/A
ESH20,12/31/2019 0:30,3227.5,3227.5,3227.5,3227.5,0.25,1,N/A
ESH20,12/31/2019 0:29,3227.5,3227.5,3227.25,3227.25,0,17,N/A
ESH20,12/31/2019 0:28,3227.25,3227.25,3227.25,3227.25,0,8,N/A
ESH20,12/31/2019 0:27,3227.25,3227.5,3227.25,3227.25,0,18,N/A
ESH20,12/31/2019 0:25,3227.25,3227.25,3227.25,3227.25,0,2,N/A
ESH20,12/31/2019 0:24,3227.25,3227.25,3227.25,3227.25,0,1,N/A
ESH20,12/31/2019 0:23,3227.25,3227.25,3227.25,3227.25,-0.25,2,N/A
ESH20,12/31/2019 0:22,3227.5,3227.5,3227.5,3227.5,0.25,6,N/A
ESH20,12/31/2019 0:21,3227.25,3227.25,3227.25,3227.25,0,14,N/A
ESH20,12/31/2019 0:20,3227.25,3227.25,3227.25,3227.25,0,3,N/A
ESH20,12/31/2019 0:19,3227.25,3227.25,3227.25,3227.25,0,6,N/A
ESH20,12/31/2019 0:18,3227.25,3227.25,3227.25,3227.25,0,1,N/A
ESH20,12/31/2019 0:17,3227.25,3227.25,3227.25,3227.25,0,11,N/A
ESH20,12/31/2019 0:16,3227.25,3227.25,3227.25,3227.25,0,5,N/A
ESH20,12/31/2019 0:15,3227.25,3227.5,3227.25,3227.25,0,22,N/A
ESH20,12/31/2019 0:14,3227.25,3227.25,3227.25,3227.25,0,7,N/A
ESH20,12/31/2019 0:13,3227.25,3227.25,3227.25,3227.25,0,13,N/A
ESH20,12/31/2019 0:12,3227.25,3227.25,3227.25,3227.25,0,5,N/A
ESH20,12/31/2019 0:11,3227.5,3227.5,3227.25,3227.25,0,2,N/A
ESH20,12/31/2019 0:10,3227.25,3227.5,3227.25,3227.25,-0.25,39,N/A
ESH20,12/31/2019 0:08,3227.25,3227.5,3227.25,3227.5,0.25,37,N/A
ESH20,12/31/2019 0:07,3227.25,3227.25,3227.25,3227.25,0,12,N/A
ESH20,12/31/2019 0:06,3227.25,3227.25,3227.25,3227.25,-0.25,14,N/A
ESH20,12/31/2019 0:05,3227.25,3227.5,3227.25,3227.5,0,60,N/A
ESH20,12/31/2019 0:04,3227.5,3227.5,3227.5,3227.5,0,13,N/A
ESH20,12/31/2019 0:03,3227.5,3227.75,3227.5,3227.5,0,37,N/A
ESH20,12/31/2019 0:02,3227.5,3227.5,3227.25,3227.5,0,30,N/A
ESH20,12/31/2019 0:01,3227.25,3227.5,3227.25,3227.5,0.25,74,N/A
ESH20,12/31/2019 0:00,3227.25,3227.5,3227.25,3227.25,0.25,33,N/A
ESH20,12/30/2019 23:59,3227.25,3227.25,3227,3227,0,16,N/A
ESH20,12/30/2019 23:57,3227,3227.25,3227,3227,0,38,N/A
ESH20,12/30/2019 23:56,3227,3227,3226.75,3227,0.25,12,N/A
ESH20,12/30/2019 23:55,3227,3227,3226.75,3226.75,-0.25,6,N/A
ESH20,12/30/2019 23:54,3227,3227,3227,3227,0,18,N/A
ESH20,12/30/2019 23:53,3227,3227,3227,3227,-0.25,1,N/A
ESH20,12/30/2019 23:52,3227.25,3227.25,3227.25,3227.25,0.25,4,N/A
ESH20,12/30/2019 23:51,3227.25,3227.25,3227,3227,0,3,N/A
ESH20,12/30/2019 23:50,3227.25,3227.25,3227,3227,0,60,N/A
ESH20,12/30/2019 23:49,3227,3227.25,3227,3227,-0.25,6,N/A
ESH20,12/30/2019 23:48,3227,3227.25,3227,3227.25,0.25,7,N/A
ESH20,12/30/2019 23:47,3227.25,3227.25,3227,3227,0,4,N/A
ESH20,12/30/2019 23:46,3227,3227,3227,3227,0,125,N/A
ESH20,12/30/2019 23:45,3227,3227.25,3227,3227,-0.25,4,N/A
ESH20,12/30/2019 23:44,3227.25,3227.25,3227,3227.25,0,62,N/A
ESH20,12/30/2019 23:43,3227.5,3227.5,3227.25,3227.25,-0.25,12,N/A
ESH20,12/30/2019 23:42,3227.5,3227.5,3227.5,3227.5,0,16,N/A
ESH20,12/30/2019 23:41,3227.5,3227.5,3227.5,3227.5,0,9,N/A
ESH20,12/30/2019 23:40,3227.25,3227.5,3227.25,3227.5,0.5,64,N/A
ESH20,12/30/2019 23:39,3227.25,3227.25,3227,3227,0,10,N/A
ESH20,12/30/2019 23:38,3227.25,3227.25,3227,3227,-0.25,16,N/A
ESH20,12/30/2019 23:37,3227.25,3227.25,3227.25,3227.25,0.25,10,N/A
ESH20,12/30/2019 23:36,3227.25,3227.25,3227,3227,0,19,N/A
ESH20,12/30/2019 23:35,3227,3227.25,3227,3227,0,43,N/A
ESH20,12/30/2019 23:34,3227,3227.25,3227,3227,-0.25,13,N/A
ESH20,12/30/2019 23:33,3227,3227.25,3227,3227.25,0,16,N/A
ESH20,12/30/2019 23:32,3227,3227.25,3227,3227.25,0,17,N/A
ESH20,12/30/2019 23:31,3227.25,3227.25,3227,3227.25,0.25,29,N/A
ESH20,12/30/2019 23:30,3227,3227.25,3227,3227,0,22,N/A
ESH20,12/30/2019 23:29,3227.25,3227.25,3227,3227,0,23,N/A
ESH20,12/30/2019 23:28,3227.25,3227.25,3227,3227,-0.25,12,N/A
ESH20,12/30/2019 23:27,3227.25,3227.25,3227.25,3227.25,0,12,N/A
ESH20,12/30/2019 23:26,3227,3227.25,3227,3227.25,0.25,26,N/A
ESH20,12/30/2019 23:25,3227,3227.25,3227,3227,0,31,N/A
ESH20,12/30/2019 23:24,3227,3227,3227,3227,0.25,10,N/A
ESH20,12/30/2019 23:23,3227.25,3227.25,3226.75,3226.75,-0.5,177,N/A
ESH20,12/30/2019 23:22,3227.25,3227.25,3227,3227.25,0,13,N/A
ESH20,12/30/2019 23:21,3227.25,3227.25,3227.25,3227.25,0,15,N/A
ESH20,12/30/2019 23:20,3227,3227.25,3227,3227.25,0.25,48,N/A
ESH20,12/30/2019 23:19,3227,3227.25,3227,3227,0.25,47,N/A
ESH20,12/30/2019 23:18,3226.75,3227,3226.75,3226.75,-0.25,30,N/A
ESH20,12/30/2019 23:17,3227.25,3227.25,3227,3227,0,28,N/A
ESH20,12/30/2019 23:16,3227.25,3227.25,3227,3227,0,66,N/A
ESH20,12/30/2019 23:15,3227,3227.25,3226.75,3227,0.25,62,N/A
ESH20,12/30/2019 23:14,3226.75,3227,3226.75,3226.75,-0.25,11,N/A
ESH20,12/30/2019 23:13,3227,3227,3226.75,3227,0,14,N/A
ESH20,12/30/2019 23:12,3226.75,3227,3226.75,3227,0,16,N/A
ESH20,12/30/2019 23:11,3226.75,3227,3226.75,3227,0,11,N/A
ESH20,12/30/2019 23:10,3226.5,3227,3226.5,3227,0.5,75,N/A
ESH20,12/30/2019 23:09,3226.5,3226.75,3226.5,3226.5,-0.25,22,N/A
ESH20,12/30/2019 23:08,3226.5,3226.75,3226.5,3226.75,0,13,N/A
ESH20,12/30/2019 23:07,3226.75,3227,3226.5,3226.75,-0.25,160,N/A
ESH20,12/30/2019 23:06,3227,3227,3227,3227,0.25,38,N/A
ESH20,12/30/2019 23:05,3226.75,3227,3226.75,3226.75,-0.25,21,N/A
ESH20,12/30/2019 23:04,3227,3227,3226.75,3227,0,29,N/A
ESH20,12/30/2019 23:03,3227,3227,3226.75,3227,0,47,N/A
ESH20,12/30/2019 23:02,3227,3227,3227,3227,0,36,N/A
ESH20,12/30/2019 23:01,3227,3227.25,3227,3227,0,149,N/A
ESH20,12/30/2019 23:00,3227.25,3227.25,3227,3227,0,37,N/A
ESH20,12/30/2019 22:59,3227,3227.25,3227,3227,-0.25,30,N/A
ESH20,12/30/2019 22:58,3227.25,3227.25,3227,3227.25,0.25,50,N/A
ESH20,12/30/2019 22:57,3227.25,3227.5,3227,3227,-0.25,71,N/A
ESH20,12/30/2019 22:56,3227.5,3227.5,3227.25,3227.25,-0.25,17,N/A
ESH20,12/30/2019 22:55,3227.25,3227.5,3227.25,3227.5,0.25,33,N/A
ESH20,12/30/2019 22:54,3227.25,3227.5,3227.25,3227.25,-0.25,28,N/A
ESH20,12/30/2019 22:53,3227.5,3227.5,3227.25,3227.5,0.25,15,N/A
ESH20,12/30/2019 22:52,3227.5,3227.5,3227.25,3227.25,0,16,N/A
ESH20,12/30/2019 22:51,3227.25,3227.5,3227.25,3227.25,-0.25,58,N/A
ESH20,12/30/2019 22:50,3227.25,3227.5,3227.25,3227.5,0.25,26,N/A
ESH20,12/30/2019 22:49,3227,3227.25,3227,3227.25,0,12,N/A
ESH20,12/30/2019 22:48,3227.25,3227.25,3227,3227.25,0.25,15,N/A
ESH20,12/30/2019 22:47,3227,3227.25,3227,3227,-0.25,15,N/A
ESH20,12/30/2019 22:46,3227.25,3227.25,3227.25,3227.25,0,9,N/A
ESH20,12/30/2019 22:45,3227.25,3227.25,3227.25,3227.25,0,9,N/A
ESH20,12/30/2019 22:44,3227.25,3227.25,3227,3227.25,0,24,N/A
ESH20,12/30/2019 22:43,3227.25,3227.25,3227.25,3227.25,0,10,N/A
ESH20,12/30/2019 22:42,3227.25,3227.5,3227.25,3227.25,0,48,N/A
ESH20,12/30/2019 22:41,3227,3227.5,3227,3227.25,0,44,N/A
ESH20,12/30/2019 22:40,3227.25,3227.25,3227.25,3227.25,-0.25,51,N/A
ESH20,12/30/2019 22:39,3227.5,3227.75,3227.5,3227.5,0,42,N/A
ESH20,12/30/2019 22:38,3227.5,3227.75,3227.25,3227.5,0.25,50,N/A
ESH20,12/30/2019 22:37,3227.5,3227.5,3227.25,3227.25,0,59,N/A
ESH20,12/30/2019 22:36,3227.5,3227.5,3227.25,3227.25,-0.25,80,N/A
ESH20,12/30/2019 22:35,3227.5,3227.5,3227.5,3227.5,0,37,N/A
ESH20,12/30/2019 22:34,3227.5,3227.75,3227.25,3227.5,0,60,N/A
ESH20,12/30/2019 22:33,3227.25,3227.5,3227.25,3227.5,0.25,47,N/A
ESH20,12/30/2019 22:32,3227.5,3227.5,3227.25,3227.25,0,15,N/A
ESH20,12/30/2019 22:31,3227.5,3227.5,3227.25,3227.25,0,10,N/A
ESH20,12/30/2019 22:30,3227.5,3227.5,3227.25,3227.25,-0.25,57,N/A
ESH20,12/30/2019 22:29,3227.5,3227.5,3227.5,3227.5,0.25,43,N/A
ESH20,12/30/2019 22:28,3227.75,3227.75,3227.25,3227.25,-0.5,48,N/A
ESH20,12/30/2019 22:27,3227.5,3227.75,3227.5,3227.75,0.25,15,N/A
ESH20,12/30/2019 22:26,3227.5,3227.5,3227.5,3227.5,0.25,18,N/A
ESH20,12/30/2019 22:25,3227.25,3227.5,3227.25,3227.25,-0.25,20,N/A
ESH20,12/30/2019 22:24,3227.5,3227.5,3227.25,3227.5,0.25,15,N/A
ESH20,12/30/2019 22:23,3227.5,3227.5,3227.25,3227.25,-0.25,22,N/A
ESH20,12/30/2019 22:22,3227.5,3227.5,3227.25,3227.5,0.25,40,N/A
ESH20,12/30/2019 22:21,3227.25,3227.5,3227.25,3227.25,-0.25,17,N/A
ESH20,12/30/2019 22:20,3227.25,3227.5,3227.25,3227.5,0.25,39,N/A
ESH20,12/30/2019 22:19,3227.25,3227.25,3227,3227.25,0,48,N/A
ESH20,12/30/2019 22:18,3227.25,3227.5,3227,3227.25,-0.25,34,N/A
ESH20,12/30/2019 22:17,3227.25,3227.5,3227.25,3227.5,0,62,N/A
ESH20,12/30/2019 22:16,3227.25,3227.5,3227.25,3227.5,0,28,N/A
ESH20,12/30/2019 22:15,3227.5,3227.5,3227.25,3227.5,0,45,N/A
ESH20,12/30/2019 22:14,3227.5,3227.5,3227.5,3227.5,0.25,9,N/A
ESH20,12/30/2019 22:13,3227.25,3227.5,3227.25,3227.25,0,140,N/A
ESH20,12/30/2019 22:12,3227.5,3227.5,3227.25,3227.25,-0.5,59,N/A
ESH20,12/30/2019 22:11,3227.75,3227.75,3227.75,3227.75,0,15,N/A
ESH20,12/30/2019 22:10,3227.75,3227.75,3227.5,3227.75,0,15,N/A
ESH20,12/30/2019 22:09,3227.5,3227.75,3227.5,3227.75,0,13,N/A
ESH20,12/30/2019 22:08,3227.5,3227.75,3227.5,3227.75,0,28,N/A
ESH20,12/30/2019 22:07,3227.75,3227.75,3227.5,3227.75,0,24,N/A
ESH20,12/30/2019 22:06,3228,3228,3227.75,3227.75,0,79,N/A
ESH20,12/30/2019 22:05,3227.75,3228,3227.5,3227.75,0.25,68,N/A
ESH20,12/30/2019 22:04,3227.75,3227.75,3227.5,3227.5,-0.25,56,N/A
ESH20,12/30/2019 22:03,3227.75,3227.75,3227.5,3227.75,0,29,N/A
ESH20,12/30/2019 22:02,3227.5,3227.75,3227.5,3227.75,0.25,60,N/A
ESH20,12/30/2019 22:01,3227.5,3227.5,3227.25,3227.5,0,15,N/A
ESH20,12/30/2019 22:00,3227.25,3227.5,3227.25,3227.5,0,33,N/A
ESH20,12/30/2019 21:59,3227.25,3227.5,3227.25,3227.5,0,11,N/A
ESH20,12/30/2019 21:58,3227.25,3227.5,3227.25,3227.5,0,17,N/A
ESH20,12/30/2019 21:57,3227.5,3227.5,3227.5,3227.5,0,14,N/A
ESH20,12/30/2019 21:56,3227.5,3227.5,3227.25,3227.5,0,19,N/A
ESH20,12/30/2019 21:55,3227.25,3227.5,3227.25,3227.5,0.5,76,N/A
ESH20,12/30/2019 21:54,3227.5,3227.5,3227,3227,-0.25,43,N/A
ESH20,12/30/2019 21:53,3227.5,3227.5,3227.25,3227.25,-0.25,33,N/A
ESH20,12/30/2019 21:52,3227.25,3227.5,3227,3227.5,0.25,35,N/A
ESH20,12/30/2019 21:51,3227.25,3227.25,3227,3227.25,0.25,14,N/A
ESH20,12/30/2019 21:50,3227.25,3227.5,3227,3227,-0.25,29,N/A
ESH20,12/30/2019 21:49,3227.25,3227.5,3227.25,3227.25,0,34,N/A
ESH20,12/30/2019 21:48,3227.25,3227.5,3227,3227.25,0,61,N/A
ESH20,12/30/2019 21:47,3227.25,3227.5,3227.25,3227.25,0,46,N/A
ESH20,12/30/2019 21:46,3227.25,3227.25,3227.25,3227.25,0.25,20,N/A
ESH20,12/30/2019 21:45,3227.25,3227.25,3227,3227,-0.25,40,N/A
ESH20,12/30/2019 21:44,3227,3227.25,3227,3227.25,0.25,60,N/A
ESH20,12/30/2019 21:43,3227,3227,3226.75,3227,0,70,N/A
ESH20,12/30/2019 21:42,3226.75,3227,3226.75,3227,0.25,15,N/A
ESH20,12/30/2019 21:41,3227,3227,3226.75,3226.75,0,35,N/A
ESH20,12/30/2019 21:40,3227,3227,3226.75,3226.75,0,48,N/A
ESH20,12/30/2019 21:39,3226.75,3227,3226.75,3226.75,0,39,N/A
ESH20,12/30/2019 21:38,3226.75,3227,3226.5,3226.75,0,119,N/A
ESH20,12/30/2019 21:37,3226.5,3226.75,3226.5,3226.75,0.25,30,N/A
ESH20,12/30/2019 21:36,3226.5,3226.75,3226.5,3226.5,0,20,N/A
ESH20,12/30/2019 21:35,3226.75,3226.75,3226.5,3226.5,-0.25,109,N/A
ESH20,12/30/2019 21:34,3227,3227,3226.75,3226.75,-0.25,25,N/A
ESH20,12/30/2019 21:33,3227,3227,3226.75,3227,0.25,15,N/A
ESH20,12/30/2019 21:32,3227,3227,3226.75,3226.75,-0.25,50,N/A
ESH20,12/30/2019 21:31,3227,3227.25,3227,3227,0,52,N/A
ESH20,12/30/2019 21:30,3227,3227,3227,3227,0,67,N/A
ESH20,12/30/2019 21:29,3226.75,3227,3226.75,3227,0.25,69,N/A
ESH20,12/30/2019 21:28,3227,3227,3226.75,3226.75,0,53,N/A
ESH20,12/30/2019 21:27,3227.25,3227.25,3226.75,3226.75,-0.25,41,N/A
ESH20,12/30/2019 21:26,3227.25,3227.25,3227,3227,-0.25,15,N/A
ESH20,12/30/2019 21:25,3227.25,3227.25,3227,3227.25,0,22,N/A
ESH20,12/30/2019 21:24,3227.25,3227.25,3227,3227.25,0.25,59,N/A
ESH20,12/30/2019 21:23,3227,3227.25,3227,3227,0,15,N/A
ESH20,12/30/2019 21:22,3227.25,3227.25,3227,3227,-0.25,10,N/A
ESH20,12/30/2019 21:21,3227.25,3227.25,3227,3227.25,0,15,N/A
ESH20,12/30/2019 21:20,3227.25,3227.25,3227,3227.25,0,95,N/A
ESH20,12/30/2019 21:19,3227.25,3227.25,3227.25,3227.25,0,4,N/A
ESH20,12/30/2019 21:18,3227.25,3227.25,3227.25,3227.25,0,23,N/A
ESH20,12/30/2019 21:17,3227,3227.25,3227,3227.25,0.25,64,N/A
ESH20,12/30/2019 21:16,3227.5,3227.5,3227,3227,-0.25,55,N/A
ESH20,12/30/2019 21:15,3226.75,3227.25,3226.75,3227.25,0.5,67,N/A
ESH20,12/30/2019 21:14,3227.25,3227.25,3226.75,3226.75,-0.25,192,N/A
ESH20,12/30/2019 21:13,3227,3227,3227,3227,-0.25,56,N/A
ESH20,12/30/2019 21:12,3227,3227.25,3227,3227.25,0.25,64,N/A
ESH20,12/30/2019 21:11,3227.25,3227.25,3227,3227,0,17,N/A
ESH20,12/30/2019 21:10,3227,3227.25,3227,3227,0,8,N/A
ESH20,12/30/2019 21:09,3227.25,3227.25,3227,3227,0,31,N/A
ESH20,12/30/2019 21:08,3227.25,3227.25,3227,3227,-0.25,3,N/A
ESH20,12/30/2019 21:07,3227.25,3227.25,3227,3227.25,0,8,N/A
ESH20,12/30/2019 21:06,3227,3227.25,3227,3227.25,0.25,603,N/A
ESH20,12/30/2019 21:05,3227,3227.25,3227,3227,0,9,N/A
ESH20,12/30/2019 21:04,3227.25,3227.25,3226.75,3227,-0.25,382,N/A
ESH20,12/30/2019 21:03,3227.25,3227.5,3227.25,3227.25,0,4,N/A
ESH20,12/30/2019 21:02,3227.5,3227.5,3227.25,3227.25,-0.25,72,N/A
ESH20,12/30/2019 21:01,3227.5,3227.5,3227.5,3227.5,0,14,N/A
ESH20,12/30/2019 21:00,3227.75,3228,3227.5,3227.5,-0.25,84,N/A
ESH20,12/30/2019 20:59,3228,3228,3227.75,3227.75,0,19,N/A
ESH20,12/30/2019 20:58,3227.75,3228,3227.75,3227.75,0,9,N/A
ESH20,12/30/2019 20:57,3227.75,3227.75,3227.75,3227.75,0,16,N/A
ESH20,12/30/2019 20:56,3227.75,3227.75,3227.75,3227.75,0,41,N/A
ESH20,12/30/2019 20:55,3227.75,3227.75,3227.75,3227.75,0,4,N/A
ESH20,12/30/2019 20:54,3227.75,3227.75,3227.75,3227.75,0,4,N/A
ESH20,12/30/2019 20:53,3227.75,3227.75,3227.75,3227.75,0,6,N/A
ESH20,12/30/2019 20:52,3228,3228.25,3227.75,3227.75,-0.25,56,N/A
ESH20,12/30/2019 20:51,3228,3228.25,3227.75,3228,0,62,N/A
ESH20,12/30/2019 20:50,3228,3228,3228,3228,0.25,21,N/A
ESH20,12/30/2019 20:49,3227.75,3227.75,3227.75,3227.75,0,42,N/A
ESH20,12/30/2019 20:48,3227.75,3227.75,3227.75,3227.75,0,3,N/A
ESH20,12/30/2019 20:47,3228,3228,3227.75,3227.75,-0.5,81,N/A
ESH20,12/30/2019 20:46,3228,3228.25,3228,3228.25,0.25,40,N/A
ESH20,12/30/2019 20:45,3228,3228,3228,3228,0,38,N/A
ESH20,12/30/2019 20:44,3227.75,3228,3227.75,3228,0.25,9,N/A
ESH20,12/30/2019 20:43,3227.75,3227.75,3227.75,3227.75,0,3,N/A
ESH20,12/30/2019 20:42,3227.75,3227.75,3227.75,3227.75,0,27,N/A
ESH20,12/30/2019 20:41,3228,3228,3227.75,3227.75,-0.25,101,N/A
ESH20,12/30/2019 20:40,3227.75,3228.25,3227.5,3228,0.25,102,N/A
ESH20,12/30/2019 20:39,3227.75,3227.75,3227.75,3227.75,0.25,19,N/A
ESH20,12/30/2019 20:38,3227.5,3227.75,3227.5,3227.5,0,26,N/A
ESH20,12/30/2019 20:37,3227.75,3227.75,3227.5,3227.5,0,3,N/A
ESH20,12/30/2019 20:36,3227.5,3227.75,3227.5,3227.5,0,30,N/A
ESH20,12/30/2019 20:35,3227.5,3227.75,3227.5,3227.5,-0.25,24,N/A
ESH20,12/30/2019 20:34,3227.5,3227.75,3227.5,3227.75,0,23,N/A
ESH20,12/30/2019 20:33,3227.75,3227.75,3227.75,3227.75,0,1,N/A
ESH20,12/30/2019 20:32,3227.5,3227.75,3227.5,3227.75,0.25,4,N/A
ESH20,12/30/2019 20:31,3227.75,3227.75,3227.5,3227.5,-0.25,9,N/A
ESH20,12/30/2019 20:30,3227.5,3227.75,3227.25,3227.75,0.25,33,N/A
ESH20,12/30/2019 20:29,3227.5,3227.5,3227.25,3227.5,0.25,34,N/A
ESH20,12/30/2019 20:28,3227.25,3227.5,3227.25,3227.25,0,41,N/A
ESH20,12/30/2019 20:27,3227.5,3227.5,3227.25,3227.25,-0.25,52,N/A
ESH20,12/30/2019 20:26,3228,3228,3227.5,3227.5,-0.5,79,N/A
ESH20,12/30/2019 20:25,3227.75,3228,3227.75,3228,0.25,72,N/A
ESH20,12/30/2019 20:24,3227.75,3227.75,3227.75,3227.75,0,13,N/A
ESH20,12/30/2019 20:23,3227.75,3227.75,3227.5,3227.75,0,33,N/A
ESH20,12/30/2019 20:22,3227.5,3227.75,3227.5,3227.75,0.25,3,N/A
ESH20,12/30/2019 20:21,3227.5,3227.75,3227.5,3227.5,-0.25,7,N/A
ESH20,12/30/2019 20:20,3227.75,3227.75,3227.5,3227.75,0.25,9,N/A
ESH20,12/30/2019 20:19,3227.5,3227.75,3227.5,3227.5,-0.25,5,N/A
ESH20,12/30/2019 20:18,3227.75,3227.75,3227.5,3227.75,-0.25,39,N/A
ESH20,12/30/2019 20:17,3227.75,3228,3227.75,3228,0.25,24,N/A
ESH20,12/30/2019 20:16,3228,3228,3227.75,3227.75,-0.25,33,N/A
ESH20,12/30/2019 20:15,3227.5,3228,3227.5,3228,0.5,51,N/A
ESH20,12/30/2019 20:14,3227.5,3227.5,3227.5,3227.5,0,7,N/A
ESH20,12/30/2019 20:13,3227.25,3227.5,3227.25,3227.5,0,46,N/A
ESH20,12/30/2019 20:12,3227.5,3227.5,3227.5,3227.5,0,5,N/A
ESH20,12/30/2019 20:11,3227.25,3227.5,3227.25,3227.5,0.25,55,N/A
ESH20,12/30/2019 20:10,3227,3227.25,3227,3227.25,0,39,N/A
ESH20,12/30/2019 20:09,3227.25,3227.25,3227.25,3227.25,0,1,N/A
ESH20,12/30/2019 20:08,3227,3227.25,3227,3227.25,0.25,10,N/A
ESH20,12/30/2019 20:07,3227.25,3227.25,3227,3227,-0.5,50,N/A
ESH20,12/30/2019 20:06,3227.5,3227.5,3227.25,3227.5,0.25,90,N/A
ESH20,12/30/2019 20:05,3227.25,3227.25,3227.25,3227.25,0.25,46,N/A
ESH20,12/30/2019 20:04,3227,3227.25,3227,3227,0,7,N/A
ESH20,12/30/2019 20:03,3227,3227.25,3227,3227,0,24,N/A
ESH20,12/30/2019 20:02,3227.25,3227.25,3227,3227,0,12,N/A
ESH20,12/30/2019 20:01,3227,3227,3226.75,3227,0.25,234,N/A
ESH20,12/30/2019 20:00,3226.75,3227,3226.75,3226.75,0,73,N/A
ESH20,12/30/2019 19:59,3226.5,3227,3226.5,3226.75,0,64,N/A
ESH20,12/30/2019 19:58,3227,3227,3226.75,3226.75,-0.25,96,N/A
ESH20,12/30/2019 19:57,3227,3227.25,3226.75,3227,-0.25,121,N/A
ESH20,12/30/2019 19:56,3227.5,3227.5,3227,3227.25,-0.25,58,N/A
ESH20,12/30/2019 19:55,3227.5,3227.5,3227.25,3227.5,0.25,22,N/A
ESH20,12/30/2019 19:54,3227.25,3227.25,3227,3227.25,0,77,N/A
ESH20,12/30/2019 19:53,3227.5,3227.5,3227.25,3227.25,0,51,N/A
ESH20,12/30/2019 19:52,3227.25,3227.5,3227,3227.25,0,40,N/A
ESH20,12/30/2019 19:51,3227,3227.5,3227,3227.25,0,77,N/A
ESH20,12/30/2019 19:50,3227.25,3227.25,3227,3227.25,0,63,N/A
ESH20,12/30/2019 19:49,3227.5,3227.5,3227,3227.25,-0.25,83,N/A
ESH20,12/30/2019 19:48,3227.25,3227.5,3227.25,3227.5,0.25,35,N/A
ESH20,12/30/2019 19:47,3227.25,3227.5,3227,3227.25,-0.25,76,N/A
ESH20,12/30/2019 19:46,3227,3227.5,3227,3227.5,0.5,55,N/A
ESH20,12/30/2019 19:45,3227.5,3227.5,3227,3227,-0.5,99,N/A
ESH20,12/30/2019 19:44,3227.75,3227.75,3227.5,3227.5,0,97,N/A
ESH20,12/30/2019 19:43,3227.75,3227.75,3227.5,3227.5,-0.25,118,N/A
ESH20,12/30/2019 19:42,3227.5,3227.75,3227.5,3227.75,0.5,160,N/A
ESH20,12/30/2019 19:41,3227.5,3227.75,3227.25,3227.25,-0.25,88,N/A
ESH20,12/30/2019 19:40,3227.25,3227.5,3227.25,3227.5,0.25,115,N/A
ESH20,12/30/2019 19:39,3227.25,3227.5,3227,3227.25,0.25,47,N/A
ESH20,12/30/2019 19:38,3227.75,3227.75,3227,3227,-0.5,150,N/A
ESH20,12/30/2019 19:37,3227.5,3227.75,3227.25,3227.5,0,177,N/A
ESH20,12/30/2019 19:36,3227.25,3227.5,3227,3227.5,0,272,N/A
ESH20,12/30/2019 19:35,3227.5,3227.75,3227.25,3227.5,-0.25,63,N/A
ESH20,12/30/2019 19:34,3228,3228.25,3227.5,3227.75,-0.25,178,N/A
ESH20,12/30/2019 19:33,3227.75,3228,3227.75,3228,0.25,94,N/A
ESH20,12/30/2019 19:32,3227.75,3227.75,3227.25,3227.75,0,81,N/A
ESH20,12/30/2019 19:31,3227.75,3228,3227.5,3227.75,0,230,N/A
ESH20,12/30/2019 19:30,3227.25,3227.75,3227.25,3227.75,0.25,194,N/A
ESH20,12/30/2019 19:29,3227.25,3227.5,3227.25,3227.5,0.25,55,N/A
ESH20,12/30/2019 19:28,3227.5,3227.5,3227.25,3227.25,-0.25,44,N/A
ESH20,12/30/2019 19:27,3227.5,3227.5,3227,3227.5,0,117,N/A
ESH20,12/30/2019 19:26,3227.75,3227.75,3227.25,3227.5,-0.25,54,N/A
ESH20,12/30/2019 19:25,3227.75,3227.75,3227.5,3227.75,0,36,N/A
ESH20,12/30/2019 19:24,3227.25,3227.75,3227.25,3227.75,0.5,390,N/A
ESH20,12/30/2019 19:23,3227,3227.25,3227,3227.25,0.25,18,N/A
ESH20,12/30/2019 19:22,3227,3227.25,3227,3227,0,55,N/A
ESH20,12/30/2019 19:21,3227,3227.25,3227,3227,0,39,N/A
ESH20,12/30/2019 19:20,3226.75,3227.25,3226.75,3227,0,172,N/A
ESH20,12/30/2019 19:19,3227,3227.25,3227,3227,0,391,N/A
ESH20,12/30/2019 19:18,3227,3227,3226.75,3227,0,87,N/A
ESH20,12/30/2019 19:17,3227,3227,3226.75,3227,0,89,N/A
ESH20,12/30/2019 19:16,3226.75,3227,3226.75,3227,0.25,187,N/A
ESH20,12/30/2019 19:15,3226.25,3227,3226.25,3226.75,0.5,342,N/A
ESH20,12/30/2019 19:14,3226,3226.5,3226,3226.25,0.25,156,N/A
ESH20,12/30/2019 19:13,3226,3226,3225.75,3226,0.25,28,N/A
ESH20,12/30/2019 19:12,3226,3226,3225.75,3225.75,0,55,N/A
ESH20,12/30/2019 19:11,3225.5,3226,3225.5,3225.75,0.25,226,N/A
ESH20,12/30/2019 19:10,3225.5,3225.5,3225.5,3225.5,0,41,N/A
ESH20,12/30/2019 19:09,3225.5,3225.5,3225.25,3225.5,0,15,N/A
ESH20,12/30/2019 19:08,3225.5,3225.75,3225.25,3225.5,-0.25,32,N/A
ESH20,12/30/2019 19:07,3225.75,3225.75,3225.75,3225.75,0.25,2,N/A
ESH20,12/30/2019 19:06,3225.25,3225.5,3225.25,3225.5,0.25,47,N/A
ESH20,12/30/2019 19:05,3225.25,3225.5,3225.25,3225.25,0,69,N/A
ESH20,12/30/2019 19:04,3225,3225.25,3225,3225.25,0.25,44,N/A
ESH20,12/30/2019 19:03,3225.25,3225.5,3225,3225,-0.25,77,N/A
ESH20,12/30/2019 19:02,3225.5,3225.75,3225.25,3225.25,-0.25,42,N/A
ESH20,12/30/2019 19:01,3225.25,3225.75,3225.25,3225.5,0.5,139,N/A
ESH20,12/30/2019 19:00,3225,3225.25,3224.75,3225,-0.25,100,N/A
ESH20,12/30/2019 18:59,3225,3225.25,3225,3225.25,0.25,35,N/A
ESH20,12/30/2019 18:58,3225.25,3225.25,3225,3225,-0.25,16,N/A
ESH20,12/30/2019 18:57,3225.25,3225.25,3225.25,3225.25,0,44,N/A
ESH20,12/30/2019 18:56,3225,3225.25,3225,3225.25,0.25,26,N/A
ESH20,12/30/2019 18:55,3225,3225,3225,3225,-0.25,3,N/A
ESH20,12/30/2019 18:53,3225,3225.25,3225,3225.25,0.5,43,N/A
ESH20,12/30/2019 18:52,3225,3225,3224.75,3224.75,-0.25,132,N/A
ESH20,12/30/2019 18:51,3225.25,3225.5,3225,3225,-0.25,66,N/A
ESH20,12/30/2019 18:50,3225.5,3225.5,3225.25,3225.25,-0.5,13,N/A
ESH20,12/30/2019 18:49,3225.5,3225.75,3225.25,3225.75,0.25,90,N/A
ESH20,12/30/2019 18:48,3225.5,3225.5,3225.5,3225.5,0,16,N/A
ESH20,12/30/2019 18:47,3225.5,3225.5,3225.5,3225.5,0,19,N/A
ESH20,12/30/2019 18:46,3225.5,3225.5,3225.5,3225.5,0,22,N/A
ESH20,12/30/2019 18:45,3225.75,3225.75,3225.5,3225.5,0,55,N/A
ESH20,12/30/2019 18:44,3225.5,3225.75,3225.5,3225.5,-0.25,5,N/A
ESH20,12/30/2019 18:43,3225.75,3225.75,3225.5,3225.75,0,7,N/A
ESH20,12/30/2019 18:42,3225.75,3225.75,3225.5,3225.75,0,51,N/A
ESH20,12/30/2019 18:41,3225.75,3225.75,3225.5,3225.75,0,17,N/A
ESH20,12/30/2019 18:40,3225.75,3225.75,3225.5,3225.75,0.25,55,N/A
ESH20,12/30/2019 18:39,3225.5,3225.5,3225.5,3225.5,-0.25,41,N/A
ESH20,12/30/2019 18:38,3225.5,3225.75,3225.5,3225.75,0.25,14,N/A
ESH20,12/30/2019 18:37,3225.75,3225.75,3225.5,3225.5,0,38,N/A
ESH20,12/30/2019 18:36,3225.5,3225.5,3225.5,3225.5,0.25,38,N/A
ESH20,12/30/2019 18:35,3225,3225.5,3225,3225.25,0.25,279,N/A
ESH20,12/30/2019 18:34,3225,3225,3225,3225,0,9,N/A
ESH20,12/30/2019 18:33,3225,3225,3224.75,3225,0,8,N/A
ESH20,12/30/2019 18:32,3225,3225,3225,3225,0,14,N/A
ESH20,12/30/2019 18:31,3224.75,3225,3224.75,3225,0.25,28,N/A
ESH20,12/30/2019 18:30,3224.75,3225,3224.75,3224.75,0,8,N/A
ESH20,12/30/2019 18:29,3224.75,3224.75,3224.75,3224.75,-0.25,2,N/A
ESH20,12/30/2019 18:28,3225,3225,3225,3225,0,2,N/A
ESH20,12/30/2019 18:27,3225.25,3225.25,3224.75,3225,-0.25,38,N/A
ESH20,12/30/2019 18:26,3225.25,3225.25,3225,3225.25,0.25,7,N/A
ESH20,12/30/2019 18:25,3225,3225.25,3224.75,3225,0.25,73,N/A
ESH20,12/30/2019 18:24,3224.75,3225,3224.75,3224.75,0,99,N/A
ESH20,12/30/2019 18:23,3224.5,3224.75,3224.5,3224.75,0,10,N/A
ESH20,12/30/2019 18:22,3224.75,3224.75,3224.5,3224.75,0,45,N/A
ESH20,12/30/2019 18:21,3225,3225,3224.5,3224.75,-0.25,22,N/A
ESH20,12/30/2019 18:20,3225,3225,3224.5,3225,0.25,10,N/A
ESH20,12/30/2019 18:19,3225,3225,3224.75,3224.75,0,17,N/A
ESH20,12/30/2019 18:18,3225,3225,3224.75,3224.75,-0.25,51,N/A
ESH20,12/30/2019 18:17,3225,3225,3224.75,3225,0.25,36,N/A
ESH20,12/30/2019 18:16,3224.75,3225,3224.75,3224.75,0,23,N/A
ESH20,12/30/2019 18:15,3224.75,3224.75,3224.5,3224.75,-0.25,33,N/A
ESH20,12/30/2019 18:14,3225,3225,3225,3225,-0.25,36,N/A
ESH20,12/30/2019 18:13,3225.25,3225.25,3225,3225.25,0,69,N/A
ESH20,12/30/2019 18:12,3225.25,3225.25,3225,3225.25,0.25,103,N/A
ESH20,12/30/2019 18:11,3224.75,3225.25,3224.75,3225,0.25,215,N/A
ESH20,12/30/2019 18:10,3224.75,3224.75,3224.5,3224.75,0,8,N/A
ESH20,12/30/2019 18:09,3224.5,3224.75,3224.5,3224.75,0.25,28,N/A
ESH20,12/30/2019 18:08,3224.5,3224.5,3224.5,3224.5,0,143,N/A
ESH20,12/30/2019 18:07,3224.5,3224.5,3224.5,3224.5,0,20,N/A
ESH20,12/30/2019 18:06,3224.75,3224.75,3224.25,3224.5,-0.25,41,N/A
ESH20,12/30/2019 18:05,3225,3225,3224.75,3224.75,0,14,N/A
ESH20,12/30/2019 18:04,3224.5,3224.75,3224.5,3224.75,0.25,64,N/A
ESH20,12/30/2019 18:03,3224,3224.5,3224,3224.5,0.5,31,N/A
ESH20,12/30/2019 18:02,3224.25,3224.25,3224,3224,-0.5,65,N/A
ESH20,12/30/2019 18:01,3224.75,3224.75,3224,3224.5,-0.25,105,N/A
ESH20,12/30/2019 18:00,3224.75,3225,3224.5,3224.75,0,129,N/A
ESH20,12/30/2019 17:59,3225,3225,3224.5,3224.75,-0.25,57,N/A
ESH20,12/30/2019 17:58,3225,3225,3224.75,3225,0.25,73,N/A
ESH20,12/30/2019 17:57,3224.75,3225,3224.75,3224.75,-0.25,25,N/A
ESH20,12/30/2019 17:56,3224.75,3225,3224.75,3225,0.5,52,N/A
ESH20,12/30/2019 17:55,3224.25,3224.75,3224.25,3224.5,0.5,96,N/A
ESH20,12/30/2019 17:54,3224,3224,3224,3224,0.25,25,N/A
ESH20,12/30/2019 17:53,3223.75,3224,3223.75,3223.75,0.25,77,N/A
ESH20,12/30/2019 17:52,3223.5,3223.5,3223.5,3223.5,-0.25,2,N/A
ESH20,12/30/2019 17:51,3223.75,3223.75,3223.5,3223.75,-0.25,10,N/A
ESH20,12/30/2019 17:50,3223.75,3224,3223.5,3224,0.25,35,N/A
ESH20,12/30/2019 17:49,3223.75,3223.75,3223.75,3223.75,0,42,N/A
ESH20,12/30/2019 17:48,3223.75,3223.75,3223.5,3223.75,0.25,4,N/A
ESH20,12/30/2019 17:47,3223.75,3223.75,3223.5,3223.5,-0.25,67,N/A
ESH20,12/30/2019 17:46,3223.75,3224,3223.75,3223.75,0,27,N/A
ESH20,12/30/2019 17:45,3224,3224.25,3223.75,3223.75,-0.5,40,N/A
ESH20,12/30/2019 17:44,3224,3224.25,3224,3224.25,0.25,11,N/A
ESH20,12/30/2019 17:43,3224,3224,3224,3224,0.25,32,N/A
ESH20,12/30/2019 17:42,3223.5,3223.75,3223.5,3223.75,0.25,28,N/A
ESH20,12/30/2019 17:41,3223.75,3224,3223.5,3223.5,-0.25,104,N/A
ESH20,12/30/2019 17:40,3223.75,3224,3223.75,3223.75,0,24,N/A
ESH20,12/30/2019 17:39,3224,3224,3223.75,3223.75,-0.25,44,N/A
ESH20,12/30/2019 17:38,3224,3224.25,3223.75,3224,0,44,N/A
ESH20,12/30/2019 17:37,3224.25,3224.5,3224,3224,-0.25,46,N/A
ESH20,12/30/2019 17:36,3224.5,3224.5,3224.25,3224.25,-0.25,37,N/A
ESH20,12/30/2019 17:35,3224.25,3224.5,3224.25,3224.5,0,105,N/A
ESH20,12/30/2019 17:34,3224.5,3224.75,3224.5,3224.5,0,58,N/A
ESH20,12/30/2019 17:33,3225,3225,3224.5,3224.5,-0.5,33,N/A
ESH20,12/30/2019 17:32,3225,3225,3224.75,3225,0,39,N/A
ESH20,12/30/2019 17:31,3224.75,3225,3224.75,3225,0.5,51,N/A
ESH20,12/30/2019 17:30,3224.5,3224.75,3224.5,3224.5,0.25,42,N/A
ESH20,12/30/2019 17:29,3224.25,3224.5,3224.25,3224.25,0,11,N/A
ESH20,12/30/2019 17:28,3224.5,3224.5,3224.25,3224.25,0,2,N/A
ESH20,12/30/2019 17:27,3224.25,3224.25,3224,3224.25,0,14,N/A
ESH20,12/30/2019 17:26,3224.5,3224.5,3224.25,3224.25,0,45,N/A
ESH20,12/30/2019 17:25,3224.5,3224.5,3223.75,3224.25,-0.25,179,N/A
ESH20,12/30/2019 17:24,3224.5,3224.75,3224.5,3224.5,0.25,89,N/A
ESH20,12/30/2019 17:23,3224.25,3224.25,3224.25,3224.25,-0.25,5,N/A
ESH20,12/30/2019 17:22,3224.5,3224.5,3224.5,3224.5,0,11,N/A
ESH20,12/30/2019 17:21,3224.5,3224.5,3224.25,3224.5,0.25,5,N/A
ESH20,12/30/2019 17:20,3224.25,3224.25,3224,3224.25,0,25,N/A
ESH20,12/30/2019 17:19,3224,3224.25,3224,3224.25,0.25,140,N/A
ESH20,12/30/2019 17:18,3224,3224,3223.75,3224,0,4,N/A
ESH20,12/30/2019 17:17,3224.25,3224.25,3224,3224,0,27,N/A
ESH20,12/30/2019 17:16,3224.25,3224.25,3224,3224,0,16,N/A
ESH20,12/30/2019 17:15,3224.5,3224.5,3223.75,3224,-0.5,171,N/A
ESH20,12/30/2019 17:14,3224.75,3224.75,3224.25,3224.5,0,105,N/A
ESH20,12/30/2019 17:13,3224.75,3224.75,3224.5,3224.5,-0.25,62,N/A
ESH20,12/30/2019 17:12,3224.5,3225,3224.5,3224.75,0.25,103,N/A
ESH20,12/30/2019 17:11,3224.5,3224.75,3224.5,3224.5,0,35,N/A
ESH20,12/30/2019 17:10,3224.5,3224.75,3224.25,3224.5,0,42,N/A
ESH20,12/30/2019 17:09,3224.75,3224.75,3224.5,3224.5,-0.25,20,N/A
ESH20,12/30/2019 17:08,3224.75,3225,3224.25,3224.75,0,192,N/A
ESH20,12/30/2019 17:07,3224.25,3225,3224,3224.75,0.75,240,N/A
ESH20,12/30/2019 17:06,3224,3224.25,3223.75,3224,0,100,N/A
ESH20,12/30/2019 17:05,3224,3224,3223.5,3224,0.25,62,N/A
ESH20,12/30/2019 17:04,3223.5,3224.5,3223.25,3223.75,0.25,204,N/A
ESH20,12/30/2019 17:03,3223.25,3223.5,3223,3223.5,0.25,76,N/A
ESH20,12/30/2019 17:02,3223.25,3223.25,3223,3223.25,0,34,N/A
ESH20,12/30/2019 17:01,3223,3223.25,3223,3223.25,0.5,171,N/A
ESH20,12/30/2019 17:00,3223.25,3223.5,3221.75,3222.75,-0.5,508,N/A
ESH20,12/30/2019 15:59,3223.25,3223.5,3223.25,3223.25,-0.25,203,N/A
ESH20,12/30/2019 15:58,3223.5,3223.75,3223.25,3223.5,0,114,N/A
ESH20,12/30/2019 15:57,3223.5,3223.75,3223.25,3223.5,0.25,75,N/A
ESH20,12/30/2019 15:56,3223.75,3223.75,3223.25,3223.25,-0.5,274,N/A
ESH20,12/30/2019 15:55,3223.5,3223.75,3223.5,3223.75,0.5,135,N/A
ESH20,12/30/2019 15:54,3223.25,3223.75,3223,3223.25,0.25,188,N/A
ESH20,12/30/2019 15:53,3223.25,3223.25,3223,3223,-0.25,45,N/A
ESH20,12/30/2019 15:52,3223,3223.25,3223,3223.25,0,27,N/A
ESH20,12/30/2019 15:51,3223.5,3223.75,3222.75,3223.25,-0.25,582,N/A
ESH20,12/30/2019 15:50,3223.75,3223.75,3223.5,3223.5,0,32,N/A
ESH20,12/30/2019 15:49,3223.75,3223.75,3223.5,3223.5,0,50,N/A
ESH20,12/30/2019 15:48,3223.5,3223.75,3223.5,3223.5,-0.25,43,N/A
ESH20,12/30/2019 15:47,3223.75,3223.75,3223.5,3223.75,0.25,68,N/A
ESH20,12/30/2019 15:46,3223.5,3223.75,3223.5,3223.5,-0.25,49,N/A
ESH20,12/30/2019 15:45,3223.5,3223.75,3223.25,3223.75,0.5,112,N/A
ESH20,12/30/2019 15:44,3223.5,3223.75,3223.25,3223.25,-0.25,90,N/A
ESH20,12/30/2019 15:43,3223.25,3223.75,3223.25,3223.5,0.25,97,N/A
ESH20,12/30/2019 15:42,3223.25,3223.5,3223.25,3223.25,-0.25,11,N/A
ESH20,12/30/2019 15:41,3223.75,3224,3223.25,3223.5,-0.25,239,N/A
ESH20,12/30/2019 15:40,3223.5,3223.75,3223.5,3223.75,0.25,92,N/A
ESH20,12/30/2019 15:39,3223.75,3223.75,3223.5,3223.5,-0.25,62,N/A
ESH20,12/30/2019 15:38,3223.5,3223.75,3223.5,3223.75,0.25,24,N/A
ESH20,12/30/2019 15:37,3223.75,3223.75,3223.5,3223.5,0,211,N/A
ESH20,12/30/2019 15:36,3223.75,3223.75,3223.5,3223.5,-0.25,393,N/A
ESH20,12/30/2019 15:35,3223.75,3223.75,3223.5,3223.75,0.25,186,N/A
ESH20,12/30/2019 15:34,3223.5,3223.75,3223.25,3223.5,0,179,N/A
ESH20,12/30/2019 15:33,3223.25,3223.75,3223.25,3223.5,0.5,172,N/A
ESH20,12/30/2019 15:32,3223.5,3223.5,3223,3223,-0.75,250,N/A
ESH20,12/30/2019 15:31,3223.75,3223.75,3223.25,3223.75,0,171,N/A
ESH20,12/30/2019 15:30,3223,3223.75,3222.5,3223.75,0.5,1231,N/A
ESH20,12/30/2019 15:14,3224.25,3224.75,3222.75,3223.25,-1,4641,N/A
ESH20,12/30/2019 15:13,3224.25,3224.5,3224.25,3224.25,0.25,1025,N/A
ESH20,12/30/2019 15:12,3223.5,3224.25,3223.25,3224,0.75,1075,N/A
ESH20,12/30/2019 15:11,3224,3224,3223.25,3223.25,-0.5,1056,N/A
ESH20,12/30/2019 15:10,3224,3224.25,3223.75,3223.75,-0.5,822,N/A
ESH20,12/30/2019 15:09,3224.25,3224.25,3224,3224.25,-0.25,338,N/A
ESH20,12/30/2019 15:08,3224.5,3224.75,3224.25,3224.5,0.25,1039,N/A
ESH20,12/30/2019 15:07,3224.25,3224.5,3224.25,3224.25,0,945,N/A
ESH20,12/30/2019 15:06,3224.75,3224.75,3224,3224.25,-0.5,1533,N/A
ESH20,12/30/2019 15:05,3224.25,3224.75,3224,3224.75,0.25,1516,N/A
ESH20,12/30/2019 15:04,3224,3224.75,3223.75,3224.5,0.5,1685,N/A
ESH20,12/30/2019 15:03,3224,3224.75,3223.5,3224,0.25,1906,N/A
ESH20,12/30/2019 15:02,3224.25,3224.25,3223.25,3223.75,-0.5,2419,N/A
ESH20,12/30/2019 15:01,3224.5,3225.25,3224,3224.25,-0.25,5935,N/A
ESH20,12/30/2019 15:00,3222.75,3225,3222.5,3224.5,2,16885,N/A
ESH20,12/30/2019 14:59,3219.25,3223.75,3218.5,3222.5,3.25,58041,N/A
ESH20,12/30/2019 14:58,3220.5,3221.25,3219.25,3219.25,-1.5,10904,N/A
ESH20,12/30/2019 14:57,3221.5,3222,3220.75,3220.75,-0.75,3816,N/A
ESH20,12/30/2019 14:56,3221.25,3222.5,3220.75,3221.5,0.25,5226,N/A
ESH20,12/30/2019 14:55,3221.25,3222,3220.75,3221.25,0,5115,N/A
ESH20,12/30/2019 14:54,3221.25,3222.5,3221.25,3221.25,0,6743,N/A
ESH20,12/30/2019 14:53,3220.5,3221.25,3220.5,3221.25,0.75,3063,N/A
ESH20,12/30/2019 14:52,3221,3221.5,3220.5,3220.5,-0.75,3300,N/A
ESH20,12/30/2019 14:51,3221.25,3221.5,3221,3221.25,0,2830,N/A
ESH20,12/30/2019 14:50,3222.5,3222.5,3220.5,3221.25,-1,8854,N/A
ESH20,12/30/2019 14:49,3221.75,3222.75,3221.75,3222.25,0.5,3041,N/A
ESH20,12/30/2019 14:48,3221.5,3221.75,3221.25,3221.75,0.25,2069,N/A
ESH20,12/30/2019 14:47,3222,3222.25,3221,3221.5,-0.5,2128,N/A
ESH20,12/30/2019 14:46,3222.25,3222.5,3221.5,3222,-0.5,2069,N/A
ESH20,12/30/2019 14:45,3222.25,3223,3222,3222.5,0,1737,N/A
ESH20,12/30/2019 14:44,3221.75,3222.75,3221.5,3222.5,0.75,2490,N/A
ESH20,12/30/2019 14:43,3222,3222.25,3221.75,3221.75,-0.5,1051,N/A
ESH20,12/30/2019 14:42,3222.25,3222.25,3221.75,3222.25,0,737,N/A
ESH20,12/30/2019 14:41,3222.75,3223,3221.75,3222.25,-0.5,2825,N/A
ESH20,12/30/2019 14:40,3223.5,3224,3222.5,3222.75,-0.75,2441,N/A
ESH20,12/30/2019 14:39,3222.5,3223.5,3222.5,3223.5,1,1557,N/A
ESH20,12/30/2019 14:38,3222.75,3223,3222.5,3222.5,0,1461,N/A
ESH20,12/30/2019 14:37,3223,3223.25,3222.5,3222.5,-0.5,1350,N/A
ESH20,12/30/2019 14:36,3223.5,3223.75,3223,3223,-0.25,1273,N/A
ESH20,12/30/2019 14:35,3223.25,3224.5,3223,3223.25,0,3854,N/A
ESH20,12/30/2019 14:34,3223.5,3223.75,3222.25,3223.25,-0.25,4553,N/A
ESH20,12/30/2019 14:33,3224.5,3224.75,3223.5,3223.5,-1,1262,N/A
ESH20,12/30/2019 14:32,3224.75,3225,3224.5,3224.5,-0.25,624,N/A
ESH20,12/30/2019 14:31,3225,3225,3224.5,3224.75,-0.25,967,N/A
ESH20,12/30/2019 14:30,3225,3225.5,3224.75,3225,0,1335,N/A
ESH20,12/30/2019 14:29,3225,3225,3224.5,3225,0,1078,N/A
ESH20,12/30/2019 14:28,3225.25,3225.25,3224.75,3225,-0.25,953,N/A
ESH20,12/30/2019 14:27,3224.25,3225.25,3224.25,3225.25,1,802,N/A
ESH20,12/30/2019 14:26,3225,3225,3224,3224.25,-0.5,1249,N/A
ESH20,12/30/2019 14:25,3225,3225,3224.75,3224.75,-0.25,1045,N/A
ESH20,12/30/2019 14:24,3224.75,3225.25,3224.5,3225,0.25,1306,N/A
ESH20,12/30/2019 14:23,3225.25,3225.5,3224.5,3224.75,-0.75,1003,N/A
ESH20,12/30/2019 14:22,3225.25,3225.5,3225,3225.5,0,755,N/A
ESH20,12/30/2019 14:21,3225.25,3225.5,3225,3225.5,0.25,1318,N/A
ESH20,12/30/2019 14:20,3224.75,3225.5,3224.5,3225.25,0.5,1560,N/A
ESH20,12/30/2019 14:19,3225.25,3225.25,3224.5,3224.75,-0.25,1345,N/A
ESH20,12/30/2019 14:18,3225.5,3225.75,3225,3225,-0.5,777,N/A
ESH20,12/30/2019 14:17,3225,3225.5,3225,3225.5,0.25,799,N/A
ESH20,12/30/2019 14:16,3224.5,3225.25,3224.5,3225.25,0.75,1705,N/A
ESH20,12/30/2019 14:15,3224,3224.5,3223.75,3224.5,0.75,627,N/A
ESH20,12/30/2019 14:14,3224,3224.25,3223.75,3223.75,-0.25,650,N/A
ESH20,12/30/2019 14:13,3224.25,3224.5,3224,3224,-0.25,386,N/A
ESH20,12/30/2019 14:12,3224.75,3224.75,3224.25,3224.25,-0.5,808,N/A
ESH20,12/30/2019 14:11,3224.25,3224.75,3224,3224.75,0.5,1904,N/A
ESH20,12/30/2019 14:10,3224.25,3224.75,3224.25,3224.25,-0.25,1033,N/A
ESH20,12/30/2019 14:09,3224.75,3225,3224.25,3224.5,-0.25,880,N/A
ESH20,12/30/2019 14:08,3225,3225.5,3224.5,3224.75,-0.25,1674,N/A
ESH20,12/30/2019 14:07,3224.75,3225,3224,3225,0.25,2189,N/A
ESH20,12/30/2019 14:06,3225,3225.25,3224.5,3224.75,-0.5,1915,N/A
ESH20,12/30/2019 14:05,3224.25,3225.25,3223.75,3225.25,1,2255,N/A
ESH20,12/30/2019 14:04,3222.25,3224.25,3222.25,3224.25,2,4398,N/A
ESH20,12/30/2019 14:03,3222,3222.75,3222,3222.25,0.25,843,N/A
ESH20,12/30/2019 14:02,3222.75,3222.75,3222,3222,-0.75,1302,N/A
ESH20,12/30/2019 14:01,3223,3223,3222.5,3222.75,-0.25,1155,N/A
ESH20,12/30/2019 14:00,3222.75,3223.25,3222.75,3223,0.25,462,N/A
ESH20,12/30/2019 13:59,3223.25,3223.25,3222.75,3222.75,-0.75,1269,N/A
ESH20,12/30/2019 13:58,3223.5,3223.75,3223,3223.5,0,703,N/A
ESH20,12/30/2019 13:57,3223.75,3224,3223.5,3223.5,-0.25,164,N/A
ESH20,12/30/2019 13:56,3224,3224,3223.5,3223.75,-0.5,948,N/A
ESH20,12/30/2019 13:55,3223.5,3224.25,3223.25,3224.25,0.75,2214,N/A
ESH20,12/30/2019 13:54,3224,3224.25,3223.5,3223.5,-0.5,808,N/A
ESH20,12/30/2019 13:53,3224.25,3224.25,3223.75,3224,-0.25,614,N/A
ESH20,12/30/2019 13:52,3224,3224.25,3224,3224.25,0,858,N/A
ESH20,12/30/2019 13:51,3224,3224.5,3223.75,3224.25,0,962,N/A
ESH20,12/30/2019 13:50,3224,3224.25,3223.75,3224.25,0,800,N/A
ESH20,12/30/2019 13:49,3224,3224.5,3223.75,3224.25,0.5,938,N/A
ESH20,12/30/2019 13:48,3223.25,3224,3223.25,3223.75,0.5,731,N/A
ESH20,12/30/2019 13:47,3222.75,3223.5,3222.75,3223.25,0.25,1062,N/A
ESH20,12/30/2019 13:46,3223.5,3223.5,3222.75,3223,-0.25,793,N/A
ESH20,12/30/2019 13:45,3223.75,3223.75,3223.25,3223.25,-0.5,771,N/A
ESH20,12/30/2019 13:44,3223.75,3224,3223.75,3223.75,0,434,N/A
ESH20,12/30/2019 13:43,3224.25,3224.25,3223.75,3223.75,-0.25,287,N/A
ESH20,12/30/2019 13:42,3224,3224.25,3223.25,3224,0,836,N/A
ESH20,12/30/2019 13:41,3223,3224,3222.75,3224,1.25,2645,N/A
ESH20,12/30/2019 13:40,3223.25,3223.25,3222.5,3222.75,-0.25,1171,N/A
ESH20,12/30/2019 13:39,3223.25,3223.5,3223,3223,-0.25,509,N/A
ESH20,12/30/2019 13:38,3222.75,3223.25,3222.75,3223.25,0.25,1199,N/A
ESH20,12/30/2019 13:37,3223,3223,3222.75,3223,-0.25,656,N/A
ESH20,12/30/2019 13:36,3223.25,3223.5,3223,3223.25,0,576,N/A
ESH20,12/30/2019 13:35,3223,3223.5,3223,3223.25,0,832,N/A
ESH20,12/30/2019 13:34,3223.25,3223.5,3222.75,3223.25,0.25,1213,N/A
ESH20,12/30/2019 13:33,3222.75,3223.25,3222.75,3223,0,681,N/A
ESH20,12/30/2019 13:32,3223.25,3223.25,3222.75,3223,-0.25,929,N/A
ESH20,12/30/2019 13:31,3223.25,3223.5,3223,3223.25,-0.25,635,N/A
ESH20,12/30/2019 13:30,3224,3224,3223.25,3223.5,-0.75,1129,N/A
ESH20,12/30/2019 13:29,3223.5,3224.25,3223,3224.25,0.5,1502,N/A
ESH20,12/30/2019 13:28,3222.75,3223.75,3222.75,3223.75,0.75,1208,N/A
ESH20,12/30/2019 13:27,3223.25,3223.5,3222.75,3223,-0.25,389,N/A
ESH20,12/30/2019 13:26,3223.5,3223.5,3223.25,3223.25,-0.25,572,N/A
ESH20,12/30/2019 13:25,3222.75,3224,3222.75,3223.5,0.75,1423,N/A
ESH20,12/30/2019 13:24,3224.5,3224.5,3222.75,3222.75,-1.75,2406,N/A
ESH20,12/30/2019 13:23,3224,3224.5,3224,3224.5,0.5,1019,N/A
ESH20,12/30/2019 13:22,3224.5,3224.5,3224,3224,-0.25,1019,N/A
ESH20,12/30/2019 13:21,3224.75,3224.75,3224.25,3224.25,-0.25,120,N/A
ESH20,12/30/2019 13:20,3224.5,3224.75,3224.25,3224.5,-0.25,924,N/A
ESH20,12/30/2019 13:19,3224.5,3225,3224.5,3224.75,0,314,N/A
ESH20,12/30/2019 13:18,3224.75,3224.75,3224.25,3224.75,0.25,242,N/A
ESH20,12/30/2019 13:17,3224.5,3224.75,3224.25,3224.5,0,694,N/A
ESH20,12/30/2019 13:16,3224.75,3224.75,3224.5,3224.5,-0.25,594,N/A
ESH20,12/30/2019 13:15,3224.75,3225,3224.5,3224.75,0.25,1458,N/A
ESH20,12/30/2019 13:14,3224.5,3224.75,3224,3224.5,0,1265,N/A
ESH20,12/30/2019 13:13,3224.5,3224.75,3224.25,3224.5,0,974,N/A
ESH20,12/30/2019 13:12,3225,3225,3224.5,3224.5,-0.5,444,N/A
ESH20,12/30/2019 13:11,3224.5,3225,3224.5,3225,0.5,500,N/A
ESH20,12/30/2019 13:10,3224.75,3225,3224.5,3224.5,-0.25,1009,N/A
ESH20,12/30/2019 13:09,3225,3225,3224.75,3224.75,-0.5,700,N/A
ESH20,12/30/2019 13:08,3224.75,3225.25,3224.75,3225.25,0.25,735,N/A
ESH20,12/30/2019 13:07,3224.75,3225.25,3224.75,3225,0,1077,N/A
ESH20,12/30/2019 13:06,3224.75,3225.25,3224.75,3225,0,1165,N/A
ESH20,12/30/2019 13:05,3225.25,3225.5,3224.75,3225,-0.25,1396,N/A
ESH20,12/30/2019 13:04,3225.5,3226.25,3225.25,3225.25,0,1355,N/A
ESH20,12/30/2019 13:03,3225,3225.75,3225,3225.25,0.25,1740,N/A
ESH20,12/30/2019 13:02,3226.25,3226.5,3225,3225,-1.25,2917,N/A
ESH20,12/30/2019 13:01,3227.5,3227.5,3226.25,3226.25,-1.5,3680,N/A
ESH20,12/30/2019 13:00,3228.75,3229,3227.5,3227.75,-1,1870,N/A
ESH20,12/30/2019 12:59,3228.75,3229,3228.5,3228.75,-0.25,788,N/A
ESH20,12/30/2019 12:58,3228.75,3229.5,3228.75,3229,0.25,978,N/A
ESH20,12/30/2019 12:57,3228.5,3229.25,3228.5,3228.75,0.5,1358,N/A
ESH20,12/30/2019 12:56,3228.25,3228.25,3228,3228.25,0,224,N/A
ESH20,12/30/2019 12:55,3227.5,3228.25,3227.5,3228.25,0.75,859,N/A
ESH20,12/30/2019 12:54,3227.75,3227.75,3227.5,3227.5,0,358,N/A
ESH20,12/30/2019 12:53,3227.75,3228,3227.5,3227.5,-0.25,968,N/A
ESH20,12/30/2019 12:52,3227.75,3228.25,3227.75,3227.75,-0.25,1103,N/A
ESH20,12/30/2019 12:51,3227.25,3228,3227.25,3228,0.5,1227,N/A
ESH20,12/30/2019 12:50,3227,3227.75,3226.75,3227.5,0.75,1449,N/A
ESH20,12/30/2019 12:49,3226.5,3227.5,3226.5,3226.75,0.25,1234,N/A
ESH20,12/30/2019 12:48,3227.25,3227.25,3226.5,3226.5,-0.75,1323,N/A
ESH20,12/30/2019 12:47,3228.25,3228.25,3227.25,3227.25,-1,1819,N/A
ESH20,12/30/2019 12:46,3228.25,3228.25,3228,3228.25,0,205,N/A
ESH20,12/30/2019 12:45,3227.5,3228.25,3227.5,3228.25,0.5,479,N/A
ESH20,12/30/2019 12:44,3227.75,3228,3227.5,3227.75,-0.25,351,N/A
ESH20,12/30/2019 12:43,3227.5,3228,3227.5,3228,0.5,741,N/A
ESH20,12/30/2019 12:42,3227.75,3227.75,3227.5,3227.5,0,896,N/A
ESH20,12/30/2019 12:41,3227.75,3228,3227.5,3227.5,-0.25,738,N/A
ESH20,12/30/2019 12:40,3227.75,3228.25,3227.75,3227.75,-0.25,630,N/A
ESH20,12/30/2019 12:39,3227.5,3228,3227.25,3228,0.5,686,N/A
ESH20,12/30/2019 12:38,3227.5,3227.75,3227.25,3227.5,-0.25,812,N/A
ESH20,12/30/2019 12:37,3227.75,3228,3227.5,3227.75,-0.25,1004,N/A
ESH20,12/30/2019 12:36,3228,3228.25,3227.75,3228,0.25,921,N/A
ESH20,12/30/2019 12:35,3227,3227.75,3227,3227.75,0.75,788,N/A
ESH20,12/30/2019 12:34,3227.25,3227.25,3227,3227,-0.25,176,N/A
ESH20,12/30/2019 12:33,3227.25,3227.5,3227,3227.25,-0.25,403,N/A
ESH20,12/30/2019 12:32,3227.5,3227.75,3227,3227.5,-0.25,948,N/A
ESH20,12/30/2019 12:31,3227.75,3228,3227.5,3227.75,0.25,562,N/A
ESH20,12/30/2019 12:30,3227.25,3227.75,3227,3227.5,0.25,1082,N/A
ESH20,12/30/2019 12:29,3228,3228,3227,3227.25,-0.75,2280,N/A
ESH20,12/30/2019 12:28,3228.25,3228.5,3228,3228,-0.5,695,N/A
ESH20,12/30/2019 12:27,3228.5,3228.75,3228.25,3228.5,0,487,N/A
ESH20,12/30/2019 12:26,3228,3228.5,3228,3228.5,0.25,371,N/A
ESH20,12/30/2019 12:25,3228.5,3228.5,3228,3228.25,-0.25,799,N/A
ESH20,12/30/2019 12:24,3228.75,3228.75,3228.25,3228.5,0,385,N/A
ESH20,12/30/2019 12:23,3228.75,3229,3228.5,3228.5,-0.25,1032,N/A
ESH20,12/30/2019 12:22,3228,3229,3228,3228.75,0.75,1305,N/A
ESH20,12/30/2019 12:21,3227.75,3228.5,3227.75,3228,0,373,N/A
ESH20,12/30/2019 12:20,3228.5,3228.5,3227.75,3228,-0.5,1399,N/A
ESH20,12/30/2019 12:19,3228.25,3228.75,3228.25,3228.5,0,525,N/A
ESH20,12/30/2019 12:18,3229,3229,3228,3228.5,-0.5,2015,N/A
ESH20,12/30/2019 12:17,3229.75,3229.75,3228.75,3229,-0.5,2300,N/A
ESH20,12/30/2019 12:16,3229.5,3229.75,3229.25,3229.5,0,1831,N/A
ESH20,12/30/2019 12:15,3229,3229.5,3228.75,3229.5,0.75,1184,N/A
ESH20,12/30/2019 12:14,3229,3229,3228.75,3228.75,-0.25,674,N/A
ESH20,12/30/2019 12:13,3228.75,3229,3228.5,3229,0.5,1564,N/A
ESH20,12/30/2019 12:12,3229,3229,3228.5,3228.5,-0.75,1745,N/A
ESH20,12/30/2019 12:11,3228.75,3229.25,3228.5,3229.25,0.75,1219,N/A
ESH20,12/30/2019 12:10,3228.5,3228.5,3228,3228.5,0.25,1367,N/A
ESH20,12/30/2019 12:09,3228.5,3228.75,3228.25,3228.25,-0.25,1130,N/A
ESH20,12/30/2019 12:08,3228.5,3228.75,3228.25,3228.5,0,807,N/A
ESH20,12/30/2019 12:07,3228.75,3229,3228.5,3228.5,-0.5,901,N/A
ESH20,12/30/2019 12:06,3229.25,3229.5,3228.75,3229,-0.25,1618,N/A
ESH20,12/30/2019 12:05,3228.25,3229.25,3228.25,3229.25,1,2070,N/A
ESH20,12/30/2019 12:04,3229.75,3229.75,3228,3228.25,-1.25,5031,N/A
ESH20,12/30/2019 12:03,3230.25,3230.25,3229.5,3229.5,-1,978,N/A
ESH20,12/30/2019 12:02,3230.5,3230.75,3230.25,3230.5,0.25,862,N/A
ESH20,12/30/2019 12:01,3230,3230.5,3229.75,3230.25,0.25,1225,N/A
ESH20,12/30/2019 12:00,3229.75,3230.25,3229.75,3230,0,1590,N/A
ESH20,12/30/2019 11:59,3230.25,3230.5,3230,3230,-0.25,1614,N/A
ESH20,12/30/2019 11:58,3231,3231.25,3230.25,3230.25,-0.75,1470,N/A
ESH20,12/30/2019 11:57,3231,3231.25,3230.75,3231,0,946,N/A
ESH20,12/30/2019 11:56,3231.5,3231.75,3231,3231,-0.75,933,N/A
ESH20,12/30/2019 11:55,3231,3232,3230.75,3231.75,0.75,1145,N/A
ESH20,12/30/2019 11:54,3231,3231.5,3231,3231,0,987,N/A
ESH20,12/30/2019 11:53,3232,3232,3231,3231,-0.75,1533,N/A
ESH20,12/30/2019 11:52,3231.75,3232,3231.75,3231.75,0,1207,N/A
ESH20,12/30/2019 11:51,3231.75,3231.75,3231.5,3231.75,0,782,N/A
ESH20,12/30/2019 11:50,3231,3231.75,3231,3231.75,0.5,508,N/A
ESH20,12/30/2019 11:49,3230.75,3231.25,3230.75,3231.25,0.25,496,N/A
ESH20,12/30/2019 11:48,3231.5,3231.5,3231,3231,-0.5,869,N/A
ESH20,12/30/2019 11:47,3231.25,3231.5,3231,3231.5,0.25,1131,N/A
ESH20,12/30/2019 11:46,3231.25,3231.5,3230.5,3231.25,0,1312,N/A
ESH20,12/30/2019 11:45,3230.75,3231.25,3230.5,3231.25,0.5,944,N/A
ESH20,12/30/2019 11:44,3230.75,3230.75,3230.25,3230.75,-0.25,1093,N/A
ESH20,12/30/2019 11:43,3230.75,3231.5,3230.75,3231,0.25,1458,N/A
ESH20,12/30/2019 11:42,3230.75,3231,3230.5,3230.75,0.25,1054,N/A
ESH20,12/30/2019 11:41,3230.75,3231,3230.25,3230.5,-0.5,962,N/A
ESH20,12/30/2019 11:40,3231.25,3231.5,3230.5,3231,-0.25,1862,N/A
ESH20,12/30/2019 11:39,3231.25,3231.5,3231,3231.25,0.25,902,N/A
ESH20,12/30/2019 11:38,3230.75,3231,3230.5,3231,0,1958,N/A
ESH20,12/30/2019 11:37,3231,3231.25,3230.75,3231,0,397,N/A
ESH20,12/30/2019 11:36,3230.75,3231,3230.5,3231,0.5,957,N/A
ESH20,12/30/2019 11:35,3231,3231.25,3230.5,3230.5,-0.25,1239,N/A
ESH20,12/30/2019 11:34,3230.25,3231,3230,3230.75,0.5,2271,N/A
ESH20,12/30/2019 11:33,3231,3231.25,3230.25,3230.25,-0.75,2495,N/A
ESH20,12/30/2019 11:32,3230.75,3231,3230.5,3231,0.5,1446,N/A
ESH20,12/30/2019 11:31,3230.75,3230.75,3230.25,3230.5,-0.25,1725,N/A
ESH20,12/30/2019 11:30,3230.25,3230.75,3230.25,3230.75,0.5,732,N/A
ESH20,12/30/2019 11:29,3230.5,3230.5,3230,3230.25,0,1583,N/A
ESH20,12/30/2019 11:28,3229.75,3230.5,3229.75,3230.25,0.25,1371,N/A
ESH20,12/30/2019 11:27,3230.25,3230.5,3229.75,3230,-0.5,1968,N/A
ESH20,12/30/2019 11:26,3229,3230.5,3229,3230.5,1.25,2453,N/A
ESH20,12/30/2019 11:25,3228,3229.25,3228,3229.25,1.25,1805,N/A
ESH20,12/30/2019 11:24,3228,3228.25,3228,3228,0,1025,N/A
ESH20,12/30/2019 11:23,3227.75,3228.25,3227.75,3228,0,1060,N/A
ESH20,12/30/2019 11:22,3228.5,3228.5,3227.75,3228,-0.5,1819,N/A
ESH20,12/30/2019 11:21,3228.5,3228.75,3228.25,3228.5,0,442,N/A
ESH20,12/30/2019 11:20,3228.5,3229,3228.5,3228.5,0,1325,N/A
ESH20,12/30/2019 11:19,3228.5,3229,3228.5,3228.5,-0.25,750,N/A
ESH20,12/30/2019 11:18,3229,3229,3228.5,3228.75,-0.25,673,N/A
ESH20,12/30/2019 11:17,3228.75,3229,3228.25,3229,0.25,1259,N/A
ESH20,12/30/2019 11:16,3229,3229,3228.5,3228.75,-0.25,1566,N/A
ESH20,12/30/2019 11:15,3228,3229.25,3228,3229,1,3838,N/A
ESH20,12/30/2019 11:14,3228,3228.25,3228,3228,0,1139,N/A
ESH20,12/30/2019 11:13,3228.25,3228.5,3228,3228,-0.5,1534,N/A
ESH20,12/30/2019 11:12,3228,3228.5,3228,3228.5,0.5,968,N/A
ESH20,12/30/2019 11:11,3227.75,3228.25,3227.75,3228,0.25,1844,N/A
ESH20,12/30/2019 11:10,3228,3228,3227.75,3227.75,-0.25,1081,N/A
ESH20,12/30/2019 11:09,3228,3228,3227.75,3228,0,2041,N/A
ESH20,12/30/2019 11:08,3227.25,3228,3227.25,3228,0.5,870,N/A
ESH20,12/30/2019 11:07,3227.25,3227.75,3227,3227.5,0.25,1560,N/A
ESH20,12/30/2019 11:06,3227,3227.5,3226.5,3227.25,0.25,1799,N/A
ESH20,12/30/2019 11:05,3227,3227.25,3226.75,3227,0.25,759,N/A
ESH20,12/30/2019 11:04,3227.25,3227.25,3226.75,3226.75,-0.5,1937,N/A
ESH20,12/30/2019 11:03,3227,3227.25,3226.5,3227.25,0.5,771,N/A
ESH20,12/30/2019 11:02,3226.5,3227.5,3226.5,3226.75,0,1735,N/A
ESH20,12/30/2019 11:01,3226.75,3226.75,3226.25,3226.75,0,616,N/A
ESH20,12/30/2019 11:00,3226,3226.75,3225.75,3226.75,0.75,1263,N/A
ESH20,12/30/2019 10:59,3225.75,3226.25,3225.75,3226,0.25,801,N/A
ESH20,12/30/2019 10:58,3226,3226.5,3225.75,3225.75,-0.25,1324,N/A
ESH20,12/30/2019 10:57,3226.75,3227,3226,3226,-0.5,1498,N/A
ESH20,12/30/2019 10:56,3226,3226.5,3225.75,3226.5,0.75,1337,N/A
ESH20,12/30/2019 10:55,3226.75,3227,3225.75,3225.75,-0.75,1657,N/A
ESH20,12/30/2019 10:54,3227,3227,3226.5,3226.5,-0.5,1273,N/A
ESH20,12/30/2019 10:53,3227,3227,3226.75,3227,0,1223,N/A
ESH20,12/30/2019 10:52,3226.75,3227,3226.5,3227,0.25,1152,N/A
ESH20,12/30/2019 10:51,3226.5,3227.25,3226.5,3226.75,0.25,1737,N/A
ESH20,12/30/2019 10:50,3227,3227.25,3226.25,3226.5,-0.5,2349,N/A
ESH20,12/30/2019 10:49,3227.5,3227.5,3227,3227,-0.25,1836,N/A
ESH20,12/30/2019 10:48,3227,3227.5,3226.75,3227.25,0.25,814,N/A
ESH20,12/30/2019 10:47,3226.5,3227.25,3226.25,3227,0.5,1437,N/A
ESH20,12/30/2019 10:46,3227.25,3227.25,3226.25,3226.5,-0.5,1803,N/A
ESH20,12/30/2019 10:45,3226.25,3227,3225.5,3227,0.75,2947,N/A
ESH20,12/30/2019 10:44,3224.75,3226.5,3224.75,3226.25,1.5,3394,N/A
ESH20,12/30/2019 10:43,3224.25,3225,3224.25,3224.75,0.75,1214,N/A
ESH20,12/30/2019 10:42,3224.25,3224.5,3224,3224,0,622,N/A
ESH20,12/30/2019 10:41,3224.5,3225,3224,3224,-0.5,2088,N/A
ESH20,12/30/2019 10:40,3225,3225,3224.25,3224.5,-0.5,1965,N/A
ESH20,12/30/2019 10:39,3224.5,3225,3224.5,3225,0.5,690,N/A
ESH20,12/30/2019 10:38,3224.5,3224.75,3224.25,3224.5,-0.25,841,N/A
ESH20,12/30/2019 10:37,3225.25,3225.25,3224.25,3224.75,-0.5,1002,N/A
ESH20,12/30/2019 10:36,3224.5,3225.25,3224.5,3225.25,0.75,992,N/A
ESH20,12/30/2019 10:35,3223.5,3224.5,3223.5,3224.5,1.25,1656,N/A
ESH20,12/30/2019 10:34,3224.25,3224.25,3223.25,3223.25,-1,1826,N/A
ESH20,12/30/2019 10:33,3223.75,3224.5,3223.75,3224.25,0.25,1865,N/A
ESH20,12/30/2019 10:32,3224.25,3224.75,3223.75,3224,-0.25,2081,N/A
ESH20,12/30/2019 10:31,3225,3225.25,3224,3224.25,-1,2678,N/A
ESH20,12/30/2019 10:30,3225.75,3226,3224.75,3225.25,-0.5,3190,N/A
ESH20,12/30/2019 10:29,3225.25,3226,3225.25,3225.75,0.75,1990,N/A
ESH20,12/30/2019 10:28,3225.25,3225.5,3225,3225,-0.25,1650,N/A
ESH20,12/30/2019 10:27,3226,3226.25,3225,3225.25,-0.5,2762,N/A
ESH20,12/30/2019 10:26,3225.5,3225.75,3225.25,3225.75,0.25,1835,N/A
ESH20,12/30/2019 10:25,3226.25,3226.25,3225.25,3225.5,-0.75,1706,N/A
ESH20,12/30/2019 10:24,3226,3226.25,3225.75,3226.25,0.5,1095,N/A
ESH20,12/30/2019 10:23,3226,3226,3225.5,3225.75,0,1990,N/A
ESH20,12/30/2019 10:22,3225.5,3226.25,3225.25,3225.75,0,3389,N/A
ESH20,12/30/2019 10:21,3224.25,3225.75,3224.25,3225.75,1.25,2420,N/A
ESH20,12/30/2019 10:20,3224.75,3225.5,3224.5,3224.5,-0.25,2177,N/A
ESH20,12/30/2019 10:19,3224.25,3225,3224.25,3224.75,0.5,2313,N/A
ESH20,12/30/2019 10:18,3224.5,3225.25,3224.25,3224.25,-0.25,3159,N/A
ESH20,12/30/2019 10:17,3224.25,3224.75,3224,3224.5,0.25,1586,N/A
ESH20,12/30/2019 10:16,3223.75,3224.5,3223.5,3224.25,0.75,1913,N/A
ESH20,12/30/2019 10:15,3223.5,3224,3223.25,3223.5,-0.25,2084,N/A
ESH20,12/30/2019 10:14,3223.25,3223.75,3223,3223.75,0.5,1225,N/A
ESH20,12/30/2019 10:13,3223,3223.75,3222.75,3223.25,0,3558,N/A
ESH20,12/30/2019 10:12,3221.75,3223.25,3221.5,3223.25,1.75,2744,N/A
ESH20,12/30/2019 10:11,3220.75,3221.75,3220.5,3221.5,0.75,1361,N/A
ESH20,12/30/2019 10:10,3220.5,3221.25,3220.5,3220.75,0.25,1938,N/A
ESH20,12/30/2019 10:09,3220.75,3221,3220.5,3220.5,-0.25,1288,N/A
ESH20,12/30/2019 10:08,3221,3221.5,3220.25,3220.75,-0.25,2290,N/A
ESH20,12/30/2019 10:07,3220.75,3221.25,3220,3221,0.25,5028,N/A
ESH20,12/30/2019 10:06,3221.5,3221.75,3220.75,3220.75,-1,2311,N/A
ESH20,12/30/2019 10:05,3221.25,3222,3221.25,3221.75,0.5,1944,N/A
ESH20,12/30/2019 10:04,3220.75,3221.5,3220.5,3221.25,0.25,1710,N/A
ESH20,12/30/2019 10:03,3221.75,3222.25,3220.75,3221,-0.75,2237,N/A
ESH20,12/30/2019 10:02,3222.5,3223,3221.75,3221.75,-1,2353,N/A
ESH20,12/30/2019 10:01,3223,3223.25,3222.25,3222.75,-0.5,2157,N/A
ESH20,12/30/2019 10:00,3224,3224.25,3223.25,3223.25,-0.75,1897,N/A
ESH20,12/30/2019 9:59,3223.25,3224,3222.75,3224,0.5,1500,N/A
ESH20,12/30/2019 9:58,3222.25,3223.75,3222.25,3223.5,1,2414,N/A
ESH20,12/30/2019 9:57,3222.75,3223,3222,3222.5,-0.25,2751,N/A
ESH20,12/30/2019 9:56,3224,3224.25,3222.75,3222.75,-1.5,2311,N/A
ESH20,12/30/2019 9:55,3223.5,3224.25,3223,3224.25,0.5,2921,N/A
ESH20,12/30/2019 9:54,3222.75,3223.75,3222.75,3223.75,0.75,2691,N/A
ESH20,12/30/2019 9:53,3222,3223,3222,3223,0.75,1500,N/A
ESH20,12/30/2019 9:52,3221.25,3222.5,3221.25,3222.25,1,2313,N/A
ESH20,12/30/2019 9:51,3221.25,3221.5,3220.5,3221.25,-0.25,2447,N/A
ESH20,12/30/2019 9:50,3221.5,3222,3221.25,3221.5,-0.25,1740,N/A
ESH20,12/30/2019 9:49,3221.75,3222.5,3221.5,3221.75,0,1586,N/A
ESH20,12/30/2019 9:48,3222.5,3223,3221.75,3221.75,-0.75,1722,N/A
ESH20,12/30/2019 9:47,3223.25,3223.5,3222.5,3222.5,-1,1668,N/A
ESH20,12/30/2019 9:46,3222.5,3223.5,3222.5,3223.5,0.75,1576,N/A
ESH20,12/30/2019 9:45,3222.25,3223,3222,3222.75,0.25,2422,N/A
ESH20,12/30/2019 9:44,3223,3223.25,3222,3222.5,-0.5,2606,N/A
ESH20,12/30/2019 9:43,3223.5,3223.75,3222.75,3223,-0.5,2802,N/A
ESH20,12/30/2019 9:42,3222.25,3223.75,3222.25,3223.5,1,3927,N/A
ESH20,12/30/2019 9:41,3221.25,3222.5,3221.25,3222.5,1.25,2190,N/A
ESH20,12/30/2019 9:40,3222,3222.25,3221.25,3221.25,-1,2619,N/A
ESH20,12/30/2019 9:39,3220.5,3222.5,3220.25,3222.25,1.75,4401,N/A
ESH20,12/30/2019 9:38,3220,3220.75,3219.75,3220.5,0.5,2096,N/A
ESH20,12/30/2019 9:37,3220.25,3220.5,3219.25,3220,-0.25,2511,N/A
ESH20,12/30/2019 9:36,3219.25,3221,3219.25,3220.25,1,2563,N/A
ESH20,12/30/2019 9:35,3218.75,3219.75,3218.5,3219.25,0.25,2776,N/A
ESH20,12/30/2019 9:34,3219.5,3219.75,3218.5,3219,-0.75,1717,N/A
ESH20,12/30/2019 9:33,3219.25,3219.75,3218.75,3219.75,0.5,1810,N/A
ESH20,12/30/2019 9:32,3220,3220.25,3218.75,3219.25,-1,3263,N/A
ESH20,12/30/2019 9:31,3220,3220.75,3219.75,3220.25,0,2654,N/A
ESH20,12/30/2019 9:30,3220.75,3221,3219,3220.25,-0.5,4314,N/A
ESH20,12/30/2019 9:29,3220,3220.75,3218.75,3220.75,1,4826,N/A
ESH20,12/30/2019 9:28,3218.25,3220,3218,3219.75,1.5,3999,N/A
ESH20,12/30/2019 9:27,3218.75,3219.25,3218,3218.25,-0.5,3759,N/A
ESH20,12/30/2019 9:26,3219.5,3219.75,3218.5,3218.75,-0.75,3145,N/A
ESH20,12/30/2019 9:25,3219.25,3220,3218.75,3219.5,0,3059,N/A
ESH20,12/30/2019 9:24,3220,3220.25,3219.25,3219.5,-0.75,2921,N/A
ESH20,12/30/2019 9:23,3220,3220.5,3219.25,3220.25,0.25,3676,N/A
ESH20,12/30/2019 9:22,3221.75,3221.75,3219.75,3220,-1.75,3926,N/A
ESH20,12/30/2019 9:21,3221.25,3222.5,3221,3221.75,0.5,4918,N/A
ESH20,12/30/2019 9:20,3220.25,3221.25,3219.25,3221.25,1,4967,N/A
ESH20,12/30/2019 9:19,3219.5,3220.25,3219.25,3220.25,0.75,2777,N/A
ESH20,12/30/2019 9:18,3221.25,3221.5,3219.25,3219.5,-1.75,5359,N/A
ESH20,12/30/2019 9:17,3220,3221.5,3220,3221.25,1,8192,N/A
ESH20,12/30/2019 9:16,3218.5,3220.25,3217.75,3220.25,1.75,7581,N/A
ESH20,12/30/2019 9:15,3219.5,3220,3217.25,3218.5,-1,12141,N/A
ESH20,12/30/2019 9:14,3222,3222.5,3219.5,3219.5,-2.5,6845,N/A
ESH20,12/30/2019 9:13,3223.25,3224,3219.75,3222,-1.25,18057,N/A
ESH20,12/30/2019 9:12,3225.5,3225.75,3223,3223.25,-2.25,7523,N/A
ESH20,12/30/2019 9:11,3225.75,3226.75,3224.75,3225.5,-0.5,5996,N/A
ESH20,12/30/2019 9:10,3226.75,3227.5,3225.5,3226,-1,3356,N/A
ESH20,12/30/2019 9:09,3227.5,3227.5,3226.75,3227,-0.5,2906,N/A
ESH20,12/30/2019 9:08,3226.25,3228,3226.25,3227.5,1.25,2927,N/A
ESH20,12/30/2019 9:07,3227.5,3227.5,3226.25,3226.25,-1.25,1962,N/A
ESH20,12/30/2019 9:06,3226.75,3227.75,3226.75,3227.5,0.5,3607,N/A
ESH20,12/30/2019 9:05,3225.75,3227.5,3225.5,3227,1.25,3474,N/A
ESH20,12/30/2019 9:04,3226.5,3227,3225.75,3225.75,-0.75,3758,N/A
ESH20,12/30/2019 9:03,3227.25,3228,3226.25,3226.5,-1,2554,N/A
ESH20,12/30/2019 9:02,3226.75,3227.75,3226.75,3227.5,1,3287,N/A
ESH20,12/30/2019 9:01,3227.5,3227.75,3226.5,3226.5,-1,3330,N/A
ESH20,12/30/2019 9:00,3226.75,3228.25,3226.5,3227.5,1,4264,N/A
ESH20,12/30/2019 8:59,3226.5,3226.75,3225.25,3226.5,0,4368,N/A
ESH20,12/30/2019 8:58,3226.75,3227.25,3226.25,3226.5,-0.5,2209,N/A
ESH20,12/30/2019 8:57,3227.25,3227.75,3226.25,3227,-0.25,3306,N/A
ESH20,12/30/2019 8:56,3229.25,3229.25,3227.25,3227.25,-2,4414,N/A
ESH20,12/30/2019 8:55,3228.5,3229.5,3228.25,3229.25,0.5,4842,N/A
ESH20,12/30/2019 8:54,3227.5,3228.75,3227.25,3228.75,1.25,4646,N/A
ESH20,12/30/2019 8:53,3226,3227.75,3226,3227.5,1.5,4586,N/A
ESH20,12/30/2019 8:52,3227.25,3227.5,3225.75,3226,-1.25,5173,N/A
ESH20,12/30/2019 8:51,3226.75,3227.5,3226.75,3227.25,0.25,5617,N/A
ESH20,12/30/2019 8:50,3225.75,3227.25,3224.75,3227,1,9643,N/A
ESH20,12/30/2019 8:49,3227.5,3227.5,3225.75,3226,-1.5,5441,N/A
ESH20,12/30/2019 8:48,3228.25,3228.25,3226.75,3227.5,-1,4951,N/A
ESH20,12/30/2019 8:47,3228.5,3229,3228,3228.5,0,3326,N/A
ESH20,12/30/2019 8:46,3228.75,3229,3227.5,3228.5,-0.25,6567,N/A
ESH20,12/30/2019 8:45,3227.25,3228.75,3226.75,3228.75,1.25,7846,N/A
ESH20,12/30/2019 8:44,3228.25,3228.75,3227.5,3227.5,-0.75,5676,N/A
ESH20,12/30/2019 8:43,3230.5,3230.75,3228.25,3228.25,-2.5,5789,N/A
ESH20,12/30/2019 8:42,3230.5,3231,3230,3230.75,0.5,3156,N/A
ESH20,12/30/2019 8:41,3231,3231.25,3230.25,3230.25,-1,2574,N/A
ESH20,12/30/2019 8:40,3230.5,3231.25,3229.5,3231.25,0.75,4591,N/A
ESH20,12/30/2019 8:39,3230,3230.75,3229.25,3230.5,0.25,6601,N/A
ESH20,12/30/2019 8:38,3231,3231.5,3229.75,3230.25,-0.75,7519,N/A
ESH20,12/30/2019 8:37,3232.75,3233,3230.5,3231,-2,9540,N/A
ESH20,12/30/2019 8:36,3233.75,3233.75,3232.5,3233,-1,8912,N/A
ESH20,12/30/2019 8:35,3236.25,3236.25,3233.75,3234,-2.5,10754,N/A
ESH20,12/30/2019 8:34,3238.25,3238.25,3236.25,3236.5,-1.75,9058,N/A
ESH20,12/30/2019 8:33,3239.75,3240.25,3238,3238.25,-1.5,8208,N/A
ESH20,12/30/2019 8:32,3241.5,3242.5,3239.75,3239.75,-1.5,5178,N/A
ESH20,12/30/2019 8:31,3241,3241.5,3240.25,3241.25,0.25,5017,N/A
ESH20,12/30/2019 8:30,3241.5,3243,3240.25,3241,-0.5,10420,N/A
ESH20,12/30/2019 8:29,3241.75,3242,3241.5,3241.5,-0.5,1103,N/A
ESH20,12/30/2019 8:28,3242.25,3242.5,3241.75,3242,0,604,N/A
ESH20,12/30/2019 8:27,3242.25,3242.5,3242,3242,-0.25,250,N/A
ESH20,12/30/2019 8:26,3242.5,3242.5,3242.25,3242.25,-0.25,273,N/A
ESH20,12/30/2019 8:25,3242.75,3242.75,3242.5,3242.5,0,243,N/A
ESH20,12/30/2019 8:24,3242.75,3243,3242.5,3242.5,-0.25,670,N/A
ESH20,12/30/2019 8:23,3242.75,3243.25,3242.75,3242.75,-0.25,223,N/A
ESH20,12/30/2019 8:22,3243,3243,3242.5,3243,0,295,N/A
ESH20,12/30/2019 8:21,3242.75,3243,3242.75,3243,0.25,30,N/A
ESH20,12/30/2019 8:20,3243,3243.25,3242.75,3242.75,-0.25,118,N/A
ESH20,12/30/2019 8:19,3243.25,3243.5,3243,3243,0,364,N/A
ESH20,12/30/2019 8:18,3243,3243.25,3243,3243,0,209,N/A
ESH20,12/30/2019 8:17,3243,3243,3242.75,3243,0,189,N/A
ESH20,12/30/2019 8:16,3243.25,3243.5,3242.75,3243,-0.5,660,N/A
ESH20,12/30/2019 8:15,3243.25,3243.5,3243.25,3243.5,0.25,27,N/A
ESH20,12/30/2019 8:14,3243.25,3243.5,3243,3243.25,0.25,474,N/A
ESH20,12/30/2019 8:13,3243,3243.25,3243,3243,0,39,N/A
ESH20,12/30/2019 8:12,3243,3243.5,3243,3243,-0.25,592,N/A
ESH20,12/30/2019 8:11,3243.5,3243.5,3243.25,3243.25,0,195,N/A
ESH20,12/30/2019 8:10,3243.25,3243.5,3243.25,3243.25,0.25,217,N/A
ESH20,12/30/2019 8:09,3242.75,3243.25,3242.75,3243,0.5,461,N/A
ESH20,12/30/2019 8:08,3242.75,3242.75,3242.5,3242.5,-0.25,165,N/A
ESH20,12/30/2019 8:07,3243.25,3243.25,3242.5,3242.75,-0.75,1279,N/A
ESH20,12/30/2019 8:06,3242.5,3243.5,3242.5,3243.5,0.75,1502,N/A
ESH20,12/30/2019 8:05,3242.25,3243,3242,3242.75,0.5,423,N/A
ESH20,12/30/2019 8:04,3241.75,3242.25,3241.75,3242.25,0.5,373,N/A
ESH20,12/30/2019 8:03,3241.75,3242,3241.75,3241.75,-0.25,223,N/A
ESH20,12/30/2019 8:02,3241.75,3242,3241.5,3242,0.25,94,N/A
ESH20,12/30/2019 8:01,3241.5,3242,3241.5,3241.75,0.5,323,N/A
ESH20,12/30/2019 8:00,3242.25,3242.25,3241.25,3241.25,-0.75,697,N/A
ESH20,12/30/2019 7:59,3242.25,3242.5,3242,3242,-0.25,214,N/A
ESH20,12/30/2019 7:58,3242.5,3242.5,3242.25,3242.25,-0.25,16,N/A
ESH20,12/30/2019 7:57,3242.25,3242.5,3242.25,3242.5,0.25,33,N/A
ESH20,12/30/2019 7:56,3242,3242.25,3241.75,3242.25,0,320,N/A
ESH20,12/30/2019 7:55,3242.25,3242.25,3242,3242.25,0,32,N/A
ESH20,12/30/2019 7:54,3242,3242.25,3241.75,3242.25,0,382,N/A
ESH20,12/30/2019 7:53,3242.25,3242.25,3242,3242.25,0,18,N/A
ESH20,12/30/2019 7:52,3242.25,3242.5,3242,3242.25,0,526,N/A
ESH20,12/30/2019 7:51,3242.25,3242.25,3242,3242.25,0.25,66,N/A
ESH20,12/30/2019 7:50,3242,3242,3241.75,3242,0,371,N/A
ESH20,12/30/2019 7:49,3241.5,3242,3241.5,3242,0.5,294,N/A
ESH20,12/30/2019 7:48,3241.5,3241.5,3241.25,3241.5,0,34,N/A
ESH20,12/30/2019 7:47,3241.25,3241.5,3241.25,3241.5,0.25,214,N/A
ESH20,12/30/2019 7:46,3241,3241.5,3241,3241.25,0.25,126,N/A
ESH20,12/30/2019 7:45,3241.5,3241.5,3241,3241,-0.5,396,N/A
ESH20,12/30/2019 7:44,3241.25,3241.5,3241,3241.5,0.25,536,N/A
ESH20,12/30/2019 7:43,3241,3241.25,3241,3241.25,0.25,85,N/A
ESH20,12/30/2019 7:42,3240.75,3241,3240.75,3241,0,46,N/A
ESH20,12/30/2019 7:41,3241.25,3241.25,3241,3241,-0.25,254,N/A
ESH20,12/30/2019 7:40,3241.25,3241.25,3241.25,3241.25,0.25,13,N/A
ESH20,12/30/2019 7:39,3241.25,3241.25,3241,3241,-0.25,67,N/A
ESH20,12/30/2019 7:38,3241.25,3241.5,3241,3241.25,0,1055,N/A
ESH20,12/30/2019 7:37,3240.75,3241.25,3240.75,3241.25,0.5,624,N/A
ESH20,12/30/2019 7:36,3240.75,3241,3240.5,3240.75,0,368,N/A
ESH20,12/30/2019 7:35,3240.75,3240.75,3240.75,3240.75,0.25,12,N/A
ESH20,12/30/2019 7:34,3240.75,3241,3240.5,3240.5,-0.25,378,N/A
ESH20,12/30/2019 7:33,3240.75,3241,3240.75,3240.75,-0.25,32,N/A
ESH20,12/30/2019 7:32,3241,3241,3240.5,3241,0,305,N/A
ESH20,12/30/2019 7:31,3240.5,3241,3240.5,3241,0.75,290,N/A
ESH20,12/30/2019 7:30,3240.5,3240.5,3240,3240.25,-0.25,482,N/A
ESH20,12/30/2019 7:29,3240.5,3241,3240.5,3240.5,-0.25,532,N/A
ESH20,12/30/2019 7:28,3241,3241.25,3240.75,3240.75,-0.5,348,N/A
ESH20,12/30/2019 7:27,3240.75,3241.25,3240.75,3241.25,0.5,735,N/A
ESH20,12/30/2019 7:26,3240.75,3241,3240.75,3240.75,0,274,N/A
ESH20,12/30/2019 7:25,3241,3241,3240.75,3240.75,0,170,N/A
ESH20,12/30/2019 7:24,3240.5,3241,3240.5,3240.75,0,628,N/A
ESH20,12/30/2019 7:23,3240.75,3240.75,3240.5,3240.75,0,119,N/A
ESH20,12/30/2019 7:22,3240.75,3241,3240.75,3240.75,-0.25,13,N/A
ESH20,12/30/2019 7:21,3240.75,3241.25,3240.75,3241,0.25,214,N/A
ESH20,12/30/2019 7:20,3241,3241,3240.75,3240.75,-0.25,186,N/A
ESH20,12/30/2019 7:19,3240.5,3241,3240.5,3241,0.5,173,N/A
ESH20,12/30/2019 7:18,3240.5,3240.5,3240.25,3240.5,0,100,N/A
ESH20,12/30/2019 7:17,3240.5,3240.5,3240.25,3240.5,0,104,N/A
ESH20,12/30/2019 7:16,3240.75,3241,3240.25,3240.5,-0.5,227,N/A
ESH20,12/30/2019 7:15,3241,3241,3240.5,3241,0,327,N/A
ESH20,12/30/2019 7:14,3241,3241,3240.75,3241,0.25,188,N/A
ESH20,12/30/2019 7:13,3241,3241,3240.75,3240.75,-0.25,351,N/A
ESH20,12/30/2019 7:12,3240.5,3241,3240.5,3241,0.5,323,N/A
ESH20,12/30/2019 7:11,3240,3240.5,3240,3240.5,0.5,282,N/A
ESH20,12/30/2019 7:10,3240,3240.25,3240,3240,0,183,N/A
ESH20,12/30/2019 7:09,3239.75,3240,3239.75,3240,0.5,217,N/A
ESH20,12/30/2019 7:08,3239.5,3239.5,3239.25,3239.5,0.25,98,N/A
ESH20,12/30/2019 7:07,3239.25,3239.25,3238.75,3239.25,0,324,N/A
ESH20,12/30/2019 7:06,3239.5,3239.5,3239,3239.25,0,244,N/A
ESH20,12/30/2019 7:05,3239.5,3239.5,3239,3239.25,0,131,N/A
ESH20,12/30/2019 7:04,3239.5,3239.5,3239,3239.25,-0.25,247,N/A
ESH20,12/30/2019 7:03,3239.5,3239.75,3239.25,3239.5,0,179,N/A
ESH20,12/30/2019 7:02,3239.75,3240,3239.5,3239.5,0,189,N/A
ESH20,12/30/2019 7:01,3239.75,3239.75,3239.25,3239.5,-0.25,368,N/A
ESH20,12/30/2019 7:00,3239.5,3239.75,3239.25,3239.75,0.5,774,N/A
ESH20,12/30/2019 6:59,3239.75,3240,3239.25,3239.25,-0.5,137,N/A
ESH20,12/30/2019 6:58,3240,3240.25,3239.75,3239.75,-0.25,167,N/A
ESH20,12/30/2019 6:57,3240,3240.25,3240,3240,0,12,N/A
ESH20,12/30/2019 6:56,3240,3240,3240,3240,0,69,N/A
ESH20,12/30/2019 6:55,3240.25,3240.25,3240,3240,-0.5,230,N/A
ESH20,12/30/2019 6:54,3240.25,3240.5,3240.25,3240.5,0.25,10,N/A
ESH20,12/30/2019 6:53,3240.25,3240.25,3240,3240.25,0.25,185,N/A
ESH20,12/30/2019 6:52,3240.25,3240.25,3240,3240,0,14,N/A
ESH20,12/30/2019 6:51,3240,3240,3240,3240,0,83,N/A
ESH20,12/30/2019 6:50,3240,3240,3240,3240,0,30,N/A
ESH20,12/30/2019 6:49,3240.25,3240.25,3240,3240,-0.25,84,N/A
ESH20,12/30/2019 6:48,3240.25,3240.25,3240,3240.25,0.25,68,N/A
ESH20,12/30/2019 6:47,3240.25,3240.25,3240,3240,-0.25,65,N/A
ESH20,12/30/2019 6:46,3240.5,3240.5,3240.25,3240.25,-0.25,105,N/A
ESH20,12/30/2019 6:45,3240.75,3240.75,3240.5,3240.5,-0.25,51,N/A
ESH20,12/30/2019 6:44,3240.75,3241,3240.75,3240.75,0.25,53,N/A
ESH20,12/30/2019 6:43,3241,3241,3240.5,3240.5,-0.5,58,N/A
ESH20,12/30/2019 6:42,3241,3241,3240.75,3241,0.25,97,N/A
ESH20,12/30/2019 6:41,3240.75,3241,3240.75,3240.75,0.25,138,N/A
ESH20,12/30/2019 6:40,3240.5,3240.75,3240.5,3240.5,0,126,N/A
ESH20,12/30/2019 6:39,3240.75,3240.75,3240.5,3240.5,-0.25,90,N/A
ESH20,12/30/2019 6:38,3241,3241,3240.75,3240.75,0,68,N/A
ESH20,12/30/2019 6:37,3240.75,3241,3240.75,3240.75,0,331,N/A
ESH20,12/30/2019 6:36,3240.75,3240.75,3240.5,3240.75,0,36,N/A
ESH20,12/30/2019 6:35,3240.25,3240.75,3240.25,3240.75,0.25,108,N/A
ESH20,12/30/2019 6:34,3240.25,3240.5,3240.25,3240.5,0.25,14,N/A
ESH20,12/30/2019 6:33,3240.25,3240.5,3240,3240.25,0,148,N/A
ESH20,12/30/2019 6:32,3240.25,3240.5,3240.25,3240.25,0,127,N/A
ESH20,12/30/2019 6:31,3240.25,3240.25,3240.25,3240.25,0.25,37,N/A
ESH20,12/30/2019 6:30,3240,3240.25,3240,3240,-0.25,103,N/A
ESH20,12/30/2019 6:29,3240.25,3240.5,3240,3240.25,0,198,N/A
ESH20,12/30/2019 6:28,3240.5,3240.5,3240.25,3240.25,-0.25,32,N/A
ESH20,12/30/2019 6:27,3240.25,3240.5,3240.25,3240.5,0.25,387,N/A
ESH20,12/30/2019 6:26,3240,3240.25,3240,3240.25,0.25,311,N/A
ESH20,12/30/2019 6:25,3240,3240,3239.75,3240,0,129,N/A
ESH20,12/30/2019 6:24,3240.25,3240.25,3240,3240,-0.25,264,N/A
ESH20,12/30/2019 6:23,3240.25,3240.5,3240,3240.25,0,199,N/A
ESH20,12/30/2019 6:22,3240.25,3240.25,3240.25,3240.25,0,3,N/A
ESH20,12/30/2019 6:21,3240,3240.25,3240,3240.25,0.25,205,N/A
ESH20,12/30/2019 6:20,3240.25,3240.25,3240,3240,0,54,N/A
ESH20,12/30/2019 6:19,3239.75,3240,3239.75,3240,0,16,N/A
ESH20,12/30/2019 6:18,3240.25,3240.25,3240,3240,0,159,N/A
ESH20,12/30/2019 6:17,3240.25,3240.25,3240,3240,-0.25,165,N/A
ESH20,12/30/2019 6:16,3239.75,3240.25,3239.75,3240.25,0.5,263,N/A
ESH20,12/30/2019 6:15,3239.75,3240,3239.75,3239.75,0,59,N/A
ESH20,12/30/2019 6:14,3239.75,3240,3239.75,3239.75,-0.25,63,N/A
ESH20,12/30/2019 6:13,3240,3240,3239.75,3240,0,110,N/A
ESH20,12/30/2019 6:12,3240,3240.25,3240,3240,0.25,215,N/A
ESH20,12/30/2019 6:11,3240,3240,3239.75,3239.75,0,134,N/A
ESH20,12/30/2019 6:10,3239.75,3240,3239.75,3239.75,-0.25,119,N/A
ESH20,12/30/2019 6:09,3240,3240.25,3239.75,3240,0,132,N/A
ESH20,12/30/2019 6:08,3240,3240,3239.75,3240,0.25,268,N/A
ESH20,12/30/2019 6:07,3240,3240,3239.75,3239.75,0,191,N/A
ESH20,12/30/2019 6:06,3239.5,3239.75,3239.25,3239.75,0.5,260,N/A
ESH20,12/30/2019 6:05,3239.75,3239.75,3239.25,3239.25,-0.5,71,N/A
ESH20,12/30/2019 6:04,3239.5,3239.75,3239.5,3239.75,0,10,N/A
ESH20,12/30/2019 6:03,3239.5,3239.75,3239.5,3239.75,0.25,42,N/A
ESH20,12/30/2019 6:02,3239.75,3239.75,3239.5,3239.5,-0.25,193,N/A
ESH20,12/30/2019 6:01,3239.75,3239.75,3239.25,3239.75,0,263,N/A
ESH20,12/30/2019 6:00,3239,3239.75,3239,3239.75,0.5,280,N/A
ESH20,12/30/2019 5:59,3239,3239.25,3239,3239.25,0.25,76,N/A
ESH20,12/30/2019 5:58,3238.75,3239,3238.75,3239,0,6,N/A
ESH20,12/30/2019 5:57,3239,3239.25,3238.75,3239,0.25,215,N/A
ESH20,12/30/2019 5:56,3238.5,3238.75,3238.5,3238.75,0.25,186,N/A
ESH20,12/30/2019 5:55,3238.5,3239,3238.5,3238.5,0,525,N/A
ESH20,12/30/2019 5:54,3238.5,3238.75,3238.25,3238.5,-0.25,156,N/A
ESH20,12/30/2019 5:53,3238.75,3238.75,3238.5,3238.75,0,135,N/A
ESH20,12/30/2019 5:52,3238.5,3238.75,3238.25,3238.75,0.5,250,N/A
ESH20,12/30/2019 5:51,3238.5,3238.5,3238.25,3238.25,-0.25,183,N/A
ESH20,12/30/2019 5:50,3238.75,3239,3238.5,3238.5,-0.25,162,N/A
ESH20,12/30/2019 5:49,3238.25,3238.75,3238.25,3238.75,0.5,179,N/A
ESH20,12/30/2019 5:48,3238.25,3238.5,3238.25,3238.25,0,5,N/A
ESH20,12/30/2019 5:47,3238.75,3238.75,3238.25,3238.25,-0.25,77,N/A
ESH20,12/30/2019 5:46,3238.5,3238.5,3238.5,3238.5,-0.25,6,N/A
ESH20,12/30/2019 5:45,3238.5,3239,3238.5,3238.75,0.25,140,N/A
ESH20,12/30/2019 5:44,3238.5,3238.75,3238.5,3238.5,-0.25,31,N/A
ESH20,12/30/2019 5:43,3238.75,3238.75,3238.5,3238.75,-0.25,232,N/A
ESH20,12/30/2019 5:42,3238.75,3239,3238.75,3239,0,64,N/A
ESH20,12/30/2019 5:41,3238.75,3239,3238.75,3239,0,87,N/A
ESH20,12/30/2019 5:40,3238.25,3239,3238.25,3239,0.5,317,N/A
ESH20,12/30/2019 5:39,3238.25,3238.75,3238.25,3238.5,0.5,195,N/A
ESH20,12/30/2019 5:38,3238.25,3238.25,3238,3238,0,89,N/A
ESH20,12/30/2019 5:37,3238,3238.25,3238,3238,0,69,N/A
ESH20,12/30/2019 5:36,3238.25,3238.5,3238,3238,-0.25,112,N/A
ESH20,12/30/2019 5:35,3238.25,3238.5,3238.25,3238.25,0.25,337,N/A
ESH20,12/30/2019 5:34,3238,3238.25,3238,3238,0,46,N/A
ESH20,12/30/2019 5:33,3238,3238.25,3237.75,3238,0.25,98,N/A
ESH20,12/30/2019 5:32,3237.75,3237.75,3237.5,3237.75,0.25,84,N/A
ESH20,12/30/2019 5:31,3237.5,3237.75,3237.5,3237.5,0,99,N/A
ESH20,12/30/2019 5:30,3237.25,3237.75,3237.25,3237.5,0,164,N/A
ESH20,12/30/2019 5:29,3237.5,3237.5,3237.25,3237.5,0,73,N/A
ESH20,12/30/2019 5:28,3237.5,3237.5,3237.5,3237.5,0.25,69,N/A
ESH20,12/30/2019 5:27,3237.75,3238,3237.25,3237.25,-0.25,150,N/A
ESH20,12/30/2019 5:26,3237.75,3237.75,3237.25,3237.5,-0.25,209,N/A
ESH20,12/30/2019 5:25,3237.25,3237.75,3237.25,3237.75,0.5,53,N/A
ESH20,12/30/2019 5:24,3237,3237.25,3237,3237.25,0,198,N/A
ESH20,12/30/2019 5:23,3237.25,3237.25,3237,3237.25,0,67,N/A
ESH20,12/30/2019 5:22,3237.25,3237.5,3237,3237.25,0,126,N/A
ESH20,12/30/2019 5:21,3237.5,3237.5,3237.25,3237.25,0,96,N/A
ESH20,12/30/2019 5:20,3237.25,3237.5,3237.25,3237.25,-0.25,108,N/A
ESH20,12/30/2019 5:19,3237.25,3237.5,3237,3237.5,0.5,93,N/A
ESH20,12/30/2019 5:18,3237,3237.25,3236.75,3237,0,297,N/A
ESH20,12/30/2019 5:17,3237.25,3237.25,3236.5,3237,-0.5,665,N/A
ESH20,12/30/2019 5:16,3238,3238,3237.5,3237.5,-0.5,205,N/A
ESH20,12/30/2019 5:15,3237.75,3238.25,3237.75,3238,0,155,N/A
ESH20,12/30/2019 5:14,3238,3238.25,3238,3238,-0.25,64,N/A
ESH20,12/30/2019 5:13,3238.5,3238.5,3238.25,3238.25,-0.25,140,N/A
ESH20,12/30/2019 5:12,3238.25,3238.5,3237.75,3238.5,0.25,126,N/A
ESH20,12/30/2019 5:11,3238.5,3238.5,3238.25,3238.25,0,24,N/A
ESH20,12/30/2019 5:10,3238.25,3238.25,3238.25,3238.25,0.25,110,N/A
ESH20,12/30/2019 5:09,3238.25,3238.5,3238,3238,-0.25,95,N/A
ESH20,12/30/2019 5:08,3238.25,3238.25,3238,3238.25,0,164,N/A
ESH20,12/30/2019 5:07,3237.75,3238.25,3237.75,3238.25,0.25,223,N/A
ESH20,12/30/2019 5:06,3237.75,3238,3237.75,3238,0,70,N/A
ESH20,12/30/2019 5:05,3237.5,3238,3237.5,3238,0.5,220,N/A
ESH20,12/30/2019 5:04,3237.5,3237.75,3237.25,3237.5,0.25,181,N/A
ESH20,12/30/2019 5:03,3238,3238,3237,3237.25,-0.75,947,N/A
ESH20,12/30/2019 5:02,3238.5,3238.5,3238,3238,-0.25,532,N/A
ESH20,12/30/2019 5:01,3239,3239,3238.25,3238.25,-0.75,668,N/A
ESH20,12/30/2019 5:00,3239.25,3239.25,3238.75,3239,-0.25,265,N/A
ESH20,12/30/2019 4:59,3239.75,3239.75,3239.25,3239.25,-0.5,404,N/A
ESH20,12/30/2019 4:58,3239.75,3240,3239.75,3239.75,0,8,N/A
ESH20,12/30/2019 4:57,3239.75,3239.75,3239.75,3239.75,0,62,N/A
ESH20,12/30/2019 4:56,3239.5,3240,3239.5,3239.75,0.25,76,N/A
ESH20,12/30/2019 4:55,3239.75,3240,3239.5,3239.5,0,234,N/A
ESH20,12/30/2019 4:54,3239.75,3240,3239.5,3239.5,-0.5,196,N/A
ESH20,12/30/2019 4:53,3240,3240.25,3239.75,3240,-0.25,147,N/A
ESH20,12/30/2019 4:52,3240.5,3240.75,3240,3240.25,-0.25,385,N/A
ESH20,12/30/2019 4:51,3240.25,3240.5,3240.25,3240.5,0,19,N/A
ESH20,12/30/2019 4:50,3239.75,3240.5,3239.75,3240.5,0.75,147,N/A
ESH20,12/30/2019 4:49,3240,3240.25,3239.75,3239.75,-0.5,63,N/A
ESH20,12/30/2019 4:48,3240,3240.25,3239.75,3240.25,0.25,129,N/A
ESH20,12/30/2019 4:47,3239.75,3240,3239.75,3240,0.25,106,N/A
ESH20,12/30/2019 4:46,3239.75,3239.75,3239.75,3239.75,0.25,86,N/A
ESH20,12/30/2019 4:45,3239.75,3239.75,3239.5,3239.5,-0.25,152,N/A
ESH20,12/30/2019 4:44,3239.5,3239.75,3239.5,3239.75,0,10,N/A
ESH20,12/30/2019 4:43,3239.75,3239.75,3239.5,3239.75,0.25,231,N/A
ESH20,12/30/2019 4:42,3239.5,3239.75,3239.25,3239.5,0.25,109,N/A
ESH20,12/30/2019 4:41,3239.25,3239.5,3239.25,3239.25,-0.25,42,N/A
ESH20,12/30/2019 4:40,3239.5,3239.75,3239.25,3239.5,0,216,N/A
ESH20,12/30/2019 4:39,3239.25,3239.5,3239.25,3239.5,0.25,127,N/A
ESH20,12/30/2019 4:38,3239,3239.25,3239,3239.25,0.25,136,N/A
ESH20,12/30/2019 4:37,3238.75,3239.25,3238.5,3239,0.5,363,N/A
ESH20,12/30/2019 4:36,3240,3240.25,3238.25,3238.5,-1.5,1117,N/A
ESH20,12/30/2019 4:35,3240.25,3240.5,3240,3240,-0.25,51,N/A
ESH20,12/30/2019 4:34,3240.5,3240.5,3240.25,3240.25,0,76,N/A
ESH20,12/30/2019 4:33,3240.25,3240.25,3240.25,3240.25,0,8,N/A
ESH20,12/30/2019 4:32,3240.25,3240.5,3240.25,3240.25,0,40,N/A
ESH20,12/30/2019 4:31,3240.25,3240.5,3240.25,3240.25,-0.25,31,N/A
ESH20,12/30/2019 4:30,3240.75,3240.75,3240.5,3240.5,-0.5,219,N/A
ESH20,12/30/2019 4:29,3241,3241,3240.75,3241,0,12,N/A
ESH20,12/30/2019 4:28,3240.75,3241,3240.75,3241,0.25,62,N/A
ESH20,12/30/2019 4:27,3240.75,3240.75,3240.5,3240.75,0,19,N/A
ESH20,12/30/2019 4:26,3240.75,3240.75,3240.5,3240.75,0,20,N/A
ESH20,12/30/2019 4:25,3240.75,3240.75,3240.5,3240.75,0,114,N/A
ESH20,12/30/2019 4:24,3240.5,3240.75,3240.5,3240.75,0.25,185,N/A
ESH20,12/30/2019 4:23,3240.5,3240.75,3240.5,3240.5,0.25,192,N/A
ESH20,12/30/2019 4:22,3240.5,3240.5,3240.25,3240.25,-0.5,246,N/A
ESH20,12/30/2019 4:21,3240.75,3240.75,3240.75,3240.75,0,2,N/A
ESH20,12/30/2019 4:20,3240.75,3240.75,3240.5,3240.75,0,61,N/A
ESH20,12/30/2019 4:19,3240.5,3240.75,3240.5,3240.75,0.25,2,N/A
ESH20,12/30/2019 4:18,3240.5,3240.5,3240.5,3240.5,-0.25,68,N/A
ESH20,12/30/2019 4:17,3240.5,3240.75,3240.5,3240.75,0,18,N/A
ESH20,12/30/2019 4:16,3240.5,3240.75,3240.5,3240.75,0.5,75,N/A
ESH20,12/30/2019 4:15,3240.5,3240.5,3240,3240.25,-0.25,388,N/A
ESH20,12/30/2019 4:14,3240.75,3241,3240.5,3240.5,-0.25,148,N/A
ESH20,12/30/2019 4:13,3241,3241,3240.75,3240.75,-0.5,107,N/A
ESH20,12/30/2019 4:12,3241.25,3241.25,3241.25,3241.25,0.25,10,N/A
ESH20,12/30/2019 4:10,3241.25,3241.25,3241,3241,0,117,N/A
ESH20,12/30/2019 4:09,3241,3241.25,3240.75,3241,0,158,N/A
ESH20,12/30/2019 4:08,3241,3241,3240.75,3241,-0.25,81,N/A
ESH20,12/30/2019 4:07,3241.25,3241.25,3241.25,3241.25,-0.25,46,N/A
ESH20,12/30/2019 4:06,3241.5,3241.5,3241.25,3241.5,0.25,162,N/A
ESH20,12/30/2019 4:05,3241.5,3241.5,3241,3241.25,0,149,N/A
ESH20,12/30/2019 4:04,3241.25,3241.5,3241.25,3241.25,0,490,N/A
ESH20,12/30/2019 4:03,3241.5,3241.5,3241.25,3241.25,-0.25,34,N/A
ESH20,12/30/2019 4:02,3241.5,3241.75,3241.5,3241.5,0.25,274,N/A
ESH20,12/30/2019 4:01,3241.5,3241.5,3241.25,3241.25,-0.5,46,N/A
ESH20,12/30/2019 4:00,3241.5,3241.75,3241.25,3241.75,0.5,156,N/A
ESH20,12/30/2019 3:59,3241.5,3241.5,3241.25,3241.25,0,57,N/A
ESH20,12/30/2019 3:58,3241.5,3241.5,3241.25,3241.25,-0.25,57,N/A
ESH20,12/30/2019 3:57,3241.25,3242,3241.25,3241.5,0.25,338,N/A
ESH20,12/30/2019 3:56,3241,3241.25,3241,3241.25,0.25,86,N/A
ESH20,12/30/2019 3:55,3241.5,3241.5,3241,3241,-0.25,171,N/A
ESH20,12/30/2019 3:54,3241.5,3241.5,3241.25,3241.25,-0.25,9,N/A
ESH20,12/30/2019 3:53,3241.25,3241.5,3241.25,3241.5,0.25,6,N/A
ESH20,12/30/2019 3:52,3241.25,3241.5,3241.25,3241.25,0,28,N/A
ESH20,12/30/2019 3:51,3241.25,3241.5,3241,3241.25,0,212,N/A
ESH20,12/30/2019 3:50,3242,3242,3241.25,3241.25,-0.75,146,N/A
ESH20,12/30/2019 3:49,3241.75,3242,3241.75,3242,0.25,69,N/A
ESH20,12/30/2019 3:48,3241.75,3241.75,3241.5,3241.75,0,105,N/A
ESH20,12/30/2019 3:47,3241.75,3242,3241.5,3241.75,0,291,N/A
ESH20,12/30/2019 3:46,3242,3242,3241.5,3241.75,0,20,N/A
ESH20,12/30/2019 3:45,3242,3242,3241.5,3241.75,0,81,N/A
ESH20,12/30/2019 3:44,3241.5,3241.75,3241.5,3241.75,0.25,91,N/A
ESH20,12/30/2019 3:43,3241.75,3242,3241.5,3241.5,-0.25,147,N/A
ESH20,12/30/2019 3:42,3241.75,3242,3241.75,3241.75,0,82,N/A
ESH20,12/30/2019 3:41,3242,3242,3241.5,3241.75,-0.25,91,N/A
ESH20,12/30/2019 3:40,3242,3242.25,3242,3242,0.25,88,N/A
ESH20,12/30/2019 3:39,3241.75,3242,3241.5,3241.75,0,163,N/A
ESH20,12/30/2019 3:38,3241.75,3242,3241.75,3241.75,0,109,N/A
ESH20,12/30/2019 3:37,3242.25,3242.25,3241.75,3241.75,-0.25,120,N/A
ESH20,12/30/2019 3:36,3242.5,3242.5,3242,3242,-0.5,62,N/A
ESH20,12/30/2019 3:35,3242.25,3242.5,3242.25,3242.5,0.25,163,N/A
ESH20,12/30/2019 3:34,3242.5,3242.5,3242.25,3242.25,-0.25,209,N/A
ESH20,12/30/2019 3:33,3242.5,3242.5,3242.25,3242.5,0,107,N/A
ESH20,12/30/2019 3:32,3242.75,3242.75,3242.25,3242.5,-0.25,147,N/A
ESH20,12/30/2019 3:31,3242.5,3243,3242.5,3242.75,0.25,212,N/A
ESH20,12/30/2019 3:30,3242.5,3242.75,3242.25,3242.5,0,216,N/A
ESH20,12/30/2019 3:29,3242.5,3242.75,3242.5,3242.5,0,19,N/A
ESH20,12/30/2019 3:28,3242.5,3242.5,3242.5,3242.5,0,44,N/A
ESH20,12/30/2019 3:27,3242.25,3242.5,3242.25,3242.5,0.25,292,N/A
ESH20,12/30/2019 3:26,3242.25,3242.25,3242.25,3242.25,-0.25,127,N/A
ESH20,12/30/2019 3:25,3242.5,3242.75,3242.5,3242.5,0,361,N/A
ESH20,12/30/2019 3:24,3242.5,3242.5,3242.5,3242.5,-0.25,8,N/A
ESH20,12/30/2019 3:23,3242.75,3243,3242.75,3242.75,0,139,N/A
ESH20,12/30/2019 3:22,3242.5,3243,3242.5,3242.75,0.5,240,N/A
ESH20,12/30/2019 3:21,3242.25,3242.5,3242.25,3242.25,0,168,N/A
ESH20,12/30/2019 3:20,3242.25,3242.25,3242,3242.25,0,139,N/A
ESH20,12/30/2019 3:19,3242.25,3242.25,3242.25,3242.25,-0.25,32,N/A
ESH20,12/30/2019 3:18,3242.25,3242.5,3242.25,3242.5,0,65,N/A
ESH20,12/30/2019 3:17,3242.5,3242.5,3242.25,3242.5,0.25,320,N/A
ESH20,12/30/2019 3:16,3242,3242.5,3242,3242.25,0.5,338,N/A
ESH20,12/30/2019 3:15,3241.75,3241.75,3241.25,3241.75,0,458,N/A
ESH20,12/30/2019 3:14,3242,3242,3241.25,3241.75,-0.5,755,N/A
ESH20,12/30/2019 3:13,3242.25,3242.25,3242.25,3242.25,-0.25,202,N/A
ESH20,12/30/2019 3:12,3242.75,3242.75,3242.5,3242.5,-0.25,162,N/A
ESH20,12/30/2019 3:11,3242.75,3243,3242.75,3242.75,0,147,N/A
ESH20,12/30/2019 3:10,3242.75,3242.75,3242.75,3242.75,0,13,N/A
ESH20,12/30/2019 3:09,3243,3243,3242.75,3242.75,-0.25,63,N/A
ESH20,12/30/2019 3:08,3243,3243,3243,3243,0,38,N/A
ESH20,12/30/2019 3:07,3243,3243.25,3243,3243,0,113,N/A
ESH20,12/30/2019 3:06,3243.25,3243.25,3242.75,3243,-0.25,232,N/A
ESH20,12/30/2019 3:05,3242.75,3243.25,3242.5,3243.25,0.5,172,N/A
ESH20,12/30/2019 3:04,3243,3243,3242.75,3242.75,-0.25,148,N/A
ESH20,12/30/2019 3:03,3243.5,3243.5,3242.75,3243,-0.5,348,N/A
ESH20,12/30/2019 3:02,3243.5,3243.5,3243.25,3243.5,0,153,N/A
ESH20,12/30/2019 3:01,3243.25,3243.5,3243,3243.5,0.25,169,N/A
ESH20,12/30/2019 3:00,3243.5,3243.75,3243,3243.25,-0.25,144,N/A
ESH20,12/30/2019 2:59,3243.5,3243.5,3243.25,3243.5,-0.25,92,N/A
ESH20,12/30/2019 2:58,3243.5,3243.75,3243.25,3243.75,0.25,273,N/A
ESH20,12/30/2019 2:57,3244,3244.25,3243.5,3243.5,-0.5,285,N/A
ESH20,12/30/2019 2:56,3243.75,3244.25,3243.75,3244,0.25,369,N/A
ESH20,12/30/2019 2:55,3243.5,3244,3243.5,3243.75,0.25,168,N/A
ESH20,12/30/2019 2:54,3243.5,3243.5,3243.25,3243.5,0,167,N/A
ESH20,12/30/2019 2:53,3243.25,3243.5,3243.25,3243.5,0,152,N/A
ESH20,12/30/2019 2:52,3243.5,3243.75,3243.5,3243.5,0,49,N/A
ESH20,12/30/2019 2:51,3243.75,3244,3243.5,3243.5,-0.25,210,N/A
ESH20,12/30/2019 2:50,3243.75,3244,3243.75,3243.75,0,49,N/A
ESH20,12/30/2019 2:49,3243.5,3243.75,3243.5,3243.75,0.25,138,N/A
ESH20,12/30/2019 2:48,3243.75,3243.75,3243.5,3243.5,0,70,N/A
ESH20,12/30/2019 2:47,3243.5,3243.5,3243.25,3243.5,-0.25,77,N/A
ESH20,12/30/2019 2:46,3243.75,3244,3243.5,3243.75,0,119,N/A
ESH20,12/30/2019 2:45,3243.5,3243.75,3243.25,3243.75,0,310,N/A
ESH20,12/30/2019 2:44,3243.5,3243.75,3243.5,3243.75,0.25,98,N/A
ESH20,12/30/2019 2:43,3243.5,3243.75,3243.5,3243.5,0,219,N/A
ESH20,12/30/2019 2:42,3243.5,3243.75,3243.25,3243.5,0,319,N/A
ESH20,12/30/2019 2:41,3243.25,3243.5,3243.25,3243.5,0,120,N/A
ESH20,12/30/2019 2:40,3243.25,3243.5,3242.75,3243.5,0.25,326,N/A
ESH20,12/30/2019 2:39,3243.75,3243.75,3243,3243.25,-0.5,220,N/A
ESH20,12/30/2019 2:38,3243.75,3244,3243.75,3243.75,0,186,N/A
ESH20,12/30/2019 2:37,3244.25,3244.25,3243.5,3243.75,-0.5,391,N/A
ESH20,12/30/2019 2:36,3244,3244.25,3244,3244.25,0.25,96,N/A
ESH20,12/30/2019 2:35,3244,3244.25,3243.75,3244,0,343,N/A
ESH20,12/30/2019 2:34,3244,3244.25,3244,3244,0,277,N/A
ESH20,12/30/2019 2:33,3244,3244.25,3244,3244,0,74,N/A
ESH20,12/30/2019 2:32,3244,3244.25,3244,3244,0.25,230,N/A
ESH20,12/30/2019 2:31,3243.75,3244.25,3243.5,3243.75,-0.25,321,N/A
ESH20,12/30/2019 2:30,3243.75,3244,3243.75,3244,0.5,301,N/A
ESH20,12/30/2019 2:29,3243.5,3244,3243.5,3243.5,-0.25,255,N/A
ESH20,12/30/2019 2:28,3243.5,3243.75,3243.25,3243.75,0.25,298,N/A
ESH20,12/30/2019 2:27,3243,3243.75,3243,3243.5,0.5,429,N/A
ESH20,12/30/2019 2:26,3243,3243.25,3243,3243,-0.25,328,N/A
ESH20,12/30/2019 2:25,3243.25,3243.25,3243,3243.25,0,211,N/A
ESH20,12/30/2019 2:24,3243.25,3243.5,3243,3243.25,0,197,N/A
ESH20,12/30/2019 2:23,3243,3243.25,3243,3243.25,0,146,N/A
ESH20,12/30/2019 2:22,3242.75,3243.25,3242.75,3243.25,0.5,409,N/A
ESH20,12/30/2019 2:21,3242.25,3242.75,3242.25,3242.75,0.25,484,N/A
ESH20,12/30/2019 2:20,3242.5,3242.75,3242.5,3242.5,-0.25,250,N/A
ESH20,12/30/2019 2:19,3242,3242.75,3242,3242.75,0.5,393,N/A
ESH20,12/30/2019 2:18,3241.75,3242.25,3241.75,3242.25,0.5,187,N/A
ESH20,12/30/2019 2:17,3242,3242,3241.75,3241.75,-0.25,230,N/A
ESH20,12/30/2019 2:16,3241.5,3242,3241.5,3242,0.25,221,N/A
ESH20,12/30/2019 2:15,3241.75,3242.25,3241.5,3241.75,-0.25,157,N/A
ESH20,12/30/2019 2:14,3241.75,3242,3241.25,3242,0.25,366,N/A
ESH20,12/30/2019 2:13,3242,3242,3241.75,3241.75,-0.5,410,N/A
ESH20,12/30/2019 2:12,3242,3242.25,3242,3242.25,0.25,168,N/A
ESH20,12/30/2019 2:11,3241.75,3242,3241.5,3242,0.25,301,N/A
ESH20,12/30/2019 2:10,3242,3242,3240.75,3241.75,-0.25,938,N/A
ESH20,12/30/2019 2:09,3242.25,3242.25,3241.75,3242,-0.25,103,N/A
ESH20,12/30/2019 2:08,3242.25,3242.25,3242.25,3242.25,0,282,N/A
ESH20,12/30/2019 2:07,3242.5,3242.5,3242.25,3242.25,0,136,N/A
ESH20,12/30/2019 2:06,3242.5,3242.75,3242.25,3242.25,-0.25,239,N/A
ESH20,12/30/2019 2:05,3242.5,3242.75,3242.25,3242.5,-0.25,342,N/A
ESH20,12/30/2019 2:04,3242.5,3242.75,3242.5,3242.75,0.25,229,N/A
ESH20,12/30/2019 2:03,3242.5,3243,3242.5,3242.5,0,251,N/A
ESH20,12/30/2019 2:02,3242.5,3242.75,3242.5,3242.5,0,489,N/A
ESH20,12/30/2019 2:01,3242,3242.5,3242,3242.5,0.5,215,N/A
ESH20,12/30/2019 2:00,3241.5,3242.25,3241.25,3242,0.75,1057,N/A
ESH20,12/30/2019 1:59,3241.25,3241.25,3241,3241.25,0,81,N/A
ESH20,12/30/2019 1:58,3241.5,3241.5,3241.25,3241.25,-0.25,54,N/A
ESH20,12/30/2019 1:57,3241.5,3241.5,3241.25,3241.5,0,53,N/A
ESH20,12/30/2019 1:56,3241.25,3241.5,3241.25,3241.5,0.25,63,N/A
ESH20,12/30/2019 1:55,3241.25,3241.25,3241,3241.25,0,38,N/A
ESH20,12/30/2019 1:54,3241.25,3241.25,3241,3241.25,-0.25,78,N/A
ESH20,12/30/2019 1:53,3241,3241.5,3241,3241.5,0.5,48,N/A
ESH20,12/30/2019 1:52,3241,3241,3241,3241,0,17,N/A
ESH20,12/30/2019 1:51,3241,3241.25,3241,3241,-0.25,37,N/A
ESH20,12/30/2019 1:50,3241.25,3241.25,3241,3241.25,0.25,153,N/A
ESH20,12/30/2019 1:49,3241.25,3241.25,3241,3241,-0.25,30,N/A
ESH20,12/30/2019 1:48,3241.25,3241.25,3241.25,3241.25,-0.25,46,N/A
ESH20,12/30/2019 1:47,3241.25,3241.5,3241.25,3241.5,0.25,68,N/A
ESH20,12/30/2019 1:46,3241.5,3241.5,3241.25,3241.25,-0.25,29,N/A
ESH20,12/30/2019 1:45,3241.5,3241.75,3241.25,3241.5,0,86,N/A
ESH20,12/30/2019 1:44,3241.75,3241.75,3241.5,3241.5,0,107,N/A
ESH20,12/30/2019 1:43,3241.5,3241.5,3241.25,3241.5,0.25,52,N/A
ESH20,12/30/2019 1:42,3241.25,3241.5,3241,3241.25,0,204,N/A
ESH20,12/30/2019 1:41,3241.75,3242,3241.25,3241.25,-0.5,253,N/A
ESH20,12/30/2019 1:40,3242,3242,3241.75,3241.75,0,50,N/A
ESH20,12/30/2019 1:39,3242,3242,3241.75,3241.75,-0.25,13,N/A
ESH20,12/30/2019 1:38,3242,3242,3242,3242,0.25,64,N/A
ESH20,12/30/2019 1:37,3241.75,3241.75,3241.75,3241.75,-0.25,2,N/A
ESH20,12/30/2019 1:36,3242,3242,3242,3242,0,52,N/A
ESH20,12/30/2019 1:35,3242.25,3242.25,3242,3242,-0.25,121,N/A
ESH20,12/30/2019 1:34,3242.25,3242.25,3242.25,3242.25,0.25,62,N/A
ESH20,12/30/2019 1:33,3241.75,3242,3241.75,3242,0.25,57,N/A
ESH20,12/30/2019 1:32,3241.75,3242,3241.75,3241.75,-0.25,327,N/A
ESH20,12/30/2019 1:31,3242.25,3242.25,3241.75,3242,-0.25,329,N/A
ESH20,12/30/2019 1:30,3242.25,3242.5,3242,3242.25,-0.25,154,N/A
ESH20,12/30/2019 1:29,3242.5,3242.5,3242.5,3242.5,-0.25,16,N/A
ESH20,12/30/2019 1:28,3242.75,3242.75,3242.75,3242.75,0,20,N/A
ESH20,12/30/2019 1:27,3242.75,3242.75,3242.75,3242.75,0,47,N/A
ESH20,12/30/2019 1:26,3242.75,3243,3242.75,3242.75,0,21,N/A
ESH20,12/30/2019 1:25,3242.75,3242.75,3242.75,3242.75,0.25,101,N/A
ESH20,12/30/2019 1:24,3243,3243,3242.5,3242.5,-0.5,20,N/A
ESH20,12/30/2019 1:23,3243,3243,3242.75,3243,0,54,N/A
ESH20,12/30/2019 1:22,3243,3243,3243,3243,0.25,64,N/A
ESH20,12/30/2019 1:21,3243,3243,3242.75,3242.75,-0.25,25,N/A
ESH20,12/30/2019 1:20,3243,3243.25,3242.75,3243,0,107,N/A
ESH20,12/30/2019 1:19,3242.75,3243,3242.75,3243,0.25,122,N/A
ESH20,12/30/2019 1:18,3242.25,3242.75,3242.25,3242.75,0.5,34,N/A
ESH20,12/30/2019 1:17,3242.5,3242.75,3242.25,3242.25,0,118,N/A
ESH20,12/30/2019 1:16,3242.5,3242.5,3242.25,3242.25,0,15,N/A
ESH20,12/30/2019 1:15,3242.75,3242.75,3242.25,3242.25,-0.5,84,N/A
ESH20,12/30/2019 1:14,3243,3243,3242.75,3242.75,-0.25,72,N/A
ESH20,12/30/2019 1:13,3242.75,3243,3242.75,3243,0,113,N/A
ESH20,12/30/2019 1:12,3243,3243,3243,3243,0,2,N/A
ESH20,12/30/2019 1:11,3243,3243,3242.75,3243,0,30,N/A
ESH20,12/30/2019 1:10,3242.75,3243,3242.75,3243,0.25,62,N/A
ESH20,12/30/2019 1:09,3243,3243,3242.5,3242.75,0,108,N/A
ESH20,12/30/2019 1:08,3242.75,3243,3242.75,3242.75,0,111,N/A
ESH20,12/30/2019 1:07,3242.75,3243,3242.75,3242.75,0.25,157,N/A
ESH20,12/30/2019 1:06,3242.5,3242.5,3242.5,3242.5,0,31,N/A
ESH20,12/30/2019 1:05,3242.75,3242.75,3242.5,3242.5,-0.25,49,N/A
ESH20,12/30/2019 1:04,3242.5,3242.75,3242.5,3242.75,0.25,36,N/A
ESH20,12/30/2019 1:03,3242.5,3242.5,3242.5,3242.5,0,160,N/A
ESH20,12/30/2019 1:02,3242.5,3242.75,3242.5,3242.5,0.25,166,N/A
ESH20,12/30/2019 1:01,3241.75,3242.25,3241.75,3242.25,0.25,210,N/A
ESH20,12/30/2019 1:00,3242,3242.25,3242,3242,0,62,N/A
ESH20,12/30/2019 0:59,3241.75,3242,3241.75,3242,0,31,N/A
ESH20,12/30/2019 0:58,3241.75,3242,3241.75,3242,0,14,N/A
ESH20,12/30/2019 0:57,3241.75,3242,3241.75,3242,0,93,N/A
ESH20,12/30/2019 0:56,3242.25,3242.25,3242,3242,-0.25,61,N/A
ESH20,12/30/2019 0:55,3242.25,3242.25,3242.25,3242.25,0,1,N/A
ESH20,12/30/2019 0:54,3242,3242.25,3242,3242.25,0.25,61,N/A
ESH20,12/30/2019 0:53,3241.75,3242,3241.75,3242,0,13,N/A
ESH20,12/30/2019 0:52,3241.75,3242,3241.75,3242,0.25,11,N/A
ESH20,12/30/2019 0:51,3241.75,3242,3241.75,3241.75,0,24,N/A
ESH20,12/30/2019 0:50,3242,3242,3241.75,3241.75,0,36,N/A
ESH20,12/30/2019 0:49,3241.75,3242,3241.75,3241.75,0,12,N/A
ESH20,12/30/2019 0:48,3242,3242,3241.75,3241.75,0,12,N/A
ESH20,12/30/2019 0:47,3241.75,3241.75,3241.75,3241.75,-0.25,21,N/A
ESH20,12/30/2019 0:46,3242,3242,3242,3242,0,50,N/A
ESH20,12/30/2019 0:45,3242,3242,3242,3242,-0.25,37,N/A
ESH20,12/30/2019 0:44,3242.25,3242.25,3242,3242.25,0.25,67,N/A
ESH20,12/30/2019 0:43,3242,3242.25,3242,3242,0,24,N/A
ESH20,12/30/2019 0:42,3242.25,3242.25,3242,3242,0,26,N/A
ESH20,12/30/2019 0:41,3242,3242,3242,3242,0,8,N/A
ESH20,12/30/2019 0:40,3242.25,3242.25,3242,3242,0,13,N/A
ESH20,12/30/2019 0:39,3242.25,3242.25,3242,3242,-0.25,24,N/A
ESH20,12/30/2019 0:38,3242.25,3242.25,3242,3242.25,0.25,70,N/A
ESH20,12/30/2019 0:37,3242.25,3242.25,3242,3242,-0.25,24,N/A
ESH20,12/30/2019 0:36,3242.25,3242.5,3242.25,3242.25,0,64,N/A
ESH20,12/30/2019 0:35,3242.25,3242.25,3242.25,3242.25,-0.25,6,N/A
ESH20,12/30/2019 0:34,3242.25,3242.5,3242.25,3242.5,0.25,49,N/A
ESH20,12/30/2019 0:33,3242.25,3242.25,3242,3242.25,0,55,N/A
ESH20,12/30/2019 0:32,3242.5,3242.5,3242.25,3242.25,0,23,N/A
ESH20,12/30/2019 0:31,3242.25,3242.5,3242.25,3242.25,0,22,N/A
ESH20,12/30/2019 0:30,3242.5,3242.5,3242.25,3242.25,-0.25,36,N/A
ESH20,12/30/2019 0:29,3242.5,3242.75,3242.5,3242.5,0.25,60,N/A
ESH20,12/30/2019 0:28,3242.25,3242.25,3242.25,3242.25,0,14,N/A
ESH20,12/30/2019 0:27,3242.25,3242.5,3242.25,3242.25,0,22,N/A
ESH20,12/30/2019 0:26,3242.25,3242.5,3242.25,3242.25,-0.25,40,N/A
ESH20,12/30/2019 0:25,3242.5,3242.5,3242.25,3242.5,0.25,83,N/A
ESH20,12/30/2019 0:24,3242.25,3242.25,3242.25,3242.25,-0.25,10,N/A
ESH20,12/30/2019 0:23,3242.5,3242.5,3242.5,3242.5,0.25,31,N/A
ESH20,12/30/2019 0:22,3242.5,3242.5,3242.25,3242.25,0,30,N/A
ESH20,12/30/2019 0:21,3242.5,3242.5,3242.25,3242.25,-0.25,23,N/A
ESH20,12/30/2019 0:20,3242.5,3242.5,3242.5,3242.5,0,54,N/A
ESH20,12/30/2019 0:19,3242.25,3242.5,3242.25,3242.5,0.25,46,N/A
ESH20,12/30/2019 0:18,3242.5,3242.5,3242.25,3242.25,-0.25,12,N/A
ESH20,12/30/2019 0:17,3242.5,3242.5,3242.5,3242.5,0.25,23,N/A
ESH20,12/30/2019 0:16,3242.5,3242.75,3242.25,3242.25,-0.25,32,N/A
ESH20,12/30/2019 0:15,3242.5,3242.5,3242.5,3242.5,0,45,N/A
ESH20,12/30/2019 0:14,3242.25,3242.5,3242,3242.5,0.25,60,N/A
ESH20,12/30/2019 0:13,3242,3242.25,3242,3242.25,0,10,N/A
ESH20,12/30/2019 0:12,3242,3242.25,3242,3242.25,0.25,71,N/A
ESH20,12/30/2019 0:11,3241.75,3242.25,3241.75,3242,0,86,N/A
ESH20,12/30/2019 0:10,3242,3242.25,3242,3242,0.25,59,N/A
ESH20,12/30/2019 0:09,3242,3242,3241.75,3241.75,0,58,N/A
ESH20,12/30/2019 0:08,3241.75,3241.75,3241.75,3241.75,0,34,N/A
ESH20,12/30/2019 0:07,3241.75,3241.75,3241.75,3241.75,-0.25,90,N/A
ESH20,12/30/2019 0:06,3242,3242,3241.75,3242,0.25,128,N/A
ESH20,12/30/2019 0:05,3241.75,3242,3241.5,3241.75,0,137,N/A
ESH20,12/30/2019 0:04,3242,3242,3241.75,3241.75,0,140,N/A
ESH20,12/30/2019 0:03,3241.75,3241.75,3241.75,3241.75,-0.25,110,N/A
ESH20,12/30/2019 0:02,3242.75,3242.75,3242,3242,-0.75,153,N/A
ESH20,12/30/2019 0:01,3242.5,3242.75,3242.5,3242.75,0.5,115,N/A
ESH20,12/30/2019 0:00,3242.5,3242.75,3242,3242.25,-0.25,430,N/A
ESH20,12/29/2019 23:59,3243,3243,3242.5,3242.5,-0.25,153,N/A
ESH20,12/29/2019 23:58,3242.75,3243,3242.75,3242.75,0.25,84,N/A
ESH20,12/29/2019 23:57,3242.5,3242.75,3242.5,3242.5,-0.25,11,N/A
ESH20,12/29/2019 23:56,3242.75,3242.75,3242.75,3242.75,0,47,N/A
ESH20,12/29/2019 23:55,3242.75,3243,3242.75,3242.75,0.25,96,N/A
ESH20,12/29/2019 23:54,3242.5,3242.75,3242.5,3242.5,0,145,N/A
ESH20,12/29/2019 23:53,3242.75,3242.75,3242.5,3242.5,-0.25,12,N/A
ESH20,12/29/2019 23:52,3242.75,3242.75,3242.75,3242.75,0,90,N/A
ESH20,12/29/2019 23:51,3242.5,3242.75,3242.5,3242.75,0.5,56,N/A
ESH20,12/29/2019 23:50,3242.25,3242.25,3242.25,3242.25,0,18,N/A
ESH20,12/29/2019 23:49,3242.25,3242.25,3242.25,3242.25,0,103,N/A
ESH20,12/29/2019 23:48,3242,3242.25,3242,3242.25,0.25,21,N/A
ESH20,12/29/2019 23:47,3242.25,3242.25,3242,3242,0,27,N/A
ESH20,12/29/2019 23:46,3242,3242,3242,3242,0,6,N/A
ESH20,12/29/2019 23:45,3242.25,3242.25,3242,3242,-0.25,42,N/A
ESH20,12/29/2019 23:44,3242.25,3242.25,3242,3242.25,0,12,N/A
ESH20,12/29/2019 23:43,3242,3242.25,3242,3242.25,0,35,N/A
ESH20,12/29/2019 23:42,3242,3242.25,3242,3242.25,0,44,N/A
ESH20,12/29/2019 23:41,3242,3242.25,3242,3242.25,0,100,N/A
ESH20,12/29/2019 23:40,3242.25,3242.25,3242,3242.25,0,60,N/A
ESH20,12/29/2019 23:39,3242.5,3242.5,3242,3242.25,-0.25,361,N/A
ESH20,12/29/2019 23:38,3242.75,3242.75,3242.5,3242.5,-0.5,74,N/A
ESH20,12/29/2019 23:37,3242.75,3243,3242.75,3243,0,11,N/A
ESH20,12/29/2019 23:36,3243,3243,3242.75,3243,0,35,N/A
ESH20,12/29/2019 23:35,3243,3243,3242.75,3243,0.25,53,N/A
ESH20,12/29/2019 23:34,3243,3243,3242.75,3242.75,0,24,N/A
ESH20,12/29/2019 23:33,3242.75,3243,3242.75,3242.75,0,35,N/A
ESH20,12/29/2019 23:32,3242.75,3242.75,3242.5,3242.75,0,100,N/A
ESH20,12/29/2019 23:31,3242.75,3242.75,3242.5,3242.75,-0.25,101,N/A
ESH20,12/29/2019 23:30,3243,3243,3242.75,3243,0.25,29,N/A
ESH20,12/29/2019 23:29,3243,3243,3242.75,3242.75,0,65,N/A
ESH20,12/29/2019 23:28,3243,3243,3242.75,3242.75,-0.25,78,N/A
ESH20,12/29/2019 23:27,3243.25,3243.25,3243,3243,0,26,N/A
ESH20,12/29/2019 23:26,3243,3243.25,3243,3243,0,17,N/A
ESH20,12/29/2019 23:25,3243.25,3243.5,3243,3243,-0.25,100,N/A
ESH20,12/29/2019 23:24,3243.5,3243.5,3243.25,3243.25,-0.25,143,N/A
ESH20,12/29/2019 23:23,3243.5,3243.5,3243.25,3243.5,0.25,86,N/A
ESH20,12/29/2019 23:22,3243.25,3243.25,3243.25,3243.25,0,1,N/A
ESH20,12/29/2019 23:21,3243.25,3243.5,3243,3243.25,0,20,N/A
ESH20,12/29/2019 23:20,3243.25,3243.25,3243,3243.25,0.25,71,N/A
ESH20,12/29/2019 23:19,3243.5,3243.5,3243,3243,-0.5,138,N/A
ESH20,12/29/2019 23:18,3243.25,3243.5,3243.25,3243.5,0,3,N/A
ESH20,12/29/2019 23:17,3243.5,3243.5,3243.5,3243.5,0,2,N/A
ESH20,12/29/2019 23:16,3243.5,3243.5,3243.5,3243.5,0,1,N/A
ESH20,12/29/2019 23:15,3243.5,3243.5,3243.25,3243.5,0,39,N/A
ESH20,12/29/2019 23:14,3243.5,3243.5,3243.5,3243.5,0,52,N/A
ESH20,12/29/2019 23:13,3243.5,3243.5,3243.5,3243.5,0,134,N/A
ESH20,12/29/2019 23:12,3243.75,3243.75,3243.5,3243.5,-0.25,7,N/A
ESH20,12/29/2019 23:11,3243.75,3243.75,3243.75,3243.75,0,21,N/A
ESH20,12/29/2019 23:10,3243.75,3243.75,3243.5,3243.75,0.25,37,N/A
ESH20,12/29/2019 23:09,3243.5,3243.75,3243.5,3243.5,-0.25,4,N/A
ESH20,12/29/2019 23:08,3243.75,3244,3243.75,3243.75,0,172,N/A
ESH20,12/29/2019 23:07,3243.75,3243.75,3243.75,3243.75,0,3,N/A
ESH20,12/29/2019 23:06,3243.5,3243.75,3243.5,3243.75,0,2,N/A
ESH20,12/29/2019 23:04,3243.75,3243.75,3243.5,3243.75,0,37,N/A
ESH20,12/29/2019 23:03,3243.75,3243.75,3243.5,3243.75,0,222,N/A
ESH20,12/29/2019 23:02,3243.5,3243.75,3243.5,3243.75,0.25,10,N/A
ESH20,12/29/2019 23:01,3243.5,3243.5,3243.5,3243.5,-0.25,1,N/A
ESH20,12/29/2019 23:00,3243.75,3243.75,3243.5,3243.75,0,21,N/A
ESH20,12/29/2019 22:59,3243.75,3243.75,3243.75,3243.75,0,6,N/A
ESH20,12/29/2019 22:57,3243.5,3243.75,3243.5,3243.75,0.25,7,N/A
ESH20,12/29/2019 22:56,3243.75,3243.75,3243.5,3243.5,0,10,N/A
ESH20,12/29/2019 22:55,3243.75,3243.75,3243.5,3243.5,-0.25,2,N/A
ESH20,12/29/2019 22:54,3243.75,3243.75,3243.5,3243.75,0,5,N/A
ESH20,12/29/2019 22:53,3243.5,3243.75,3243.5,3243.75,0,255,N/A
ESH20,12/29/2019 22:52,3243.75,3243.75,3243.75,3243.75,0,1,N/A
ESH20,12/29/2019 22:51,3243.75,3243.75,3243.75,3243.75,0,24,N/A
ESH20,12/29/2019 22:50,3243.75,3243.75,3243.75,3243.75,0,1,N/A
ESH20,12/29/2019 22:49,3243.75,3243.75,3243.75,3243.75,-0.25,3,N/A
ESH20,12/29/2019 22:48,3244,3244,3244,3244,0.25,1,N/A
ESH20,12/29/2019 22:47,3243.75,3243.75,3243.75,3243.75,0,47,N/A
ESH20,12/29/2019 22:46,3243.75,3243.75,3243.5,3243.75,0,118,N/A
ESH20,12/29/2019 22:45,3244,3244,3243.75,3243.75,0,40,N/A
ESH20,12/29/2019 22:44,3243.75,3243.75,3243.75,3243.75,-0.25,2,N/A
ESH20,12/29/2019 22:43,3243.75,3244,3243.75,3244,0.25,12,N/A
ESH20,12/29/2019 22:42,3243.75,3243.75,3243.75,3243.75,0,4,N/A
ESH20,12/29/2019 22:41,3243.75,3243.75,3243.75,3243.75,0,48,N/A
ESH20,12/29/2019 22:40,3243.75,3243.75,3243.75,3243.75,0,75,N/A
ESH20,12/29/2019 22:39,3243.75,3244,3243.75,3243.75,0.25,87,N/A
ESH20,12/29/2019 22:38,3243.75,3243.75,3243.5,3243.5,-0.25,7,N/A
ESH20,12/29/2019 22:37,3243.75,3243.75,3243.5,3243.75,0,85,N/A
ESH20,12/29/2019 22:36,3243.75,3243.75,3243.75,3243.75,-0.25,19,N/A
ESH20,12/29/2019 22:35,3243.75,3244,3243.5,3244,0.25,93,N/A
ESH20,12/29/2019 22:34,3243.75,3243.75,3243.5,3243.75,0,11,N/A
ESH20,12/29/2019 22:33,3243.5,3243.75,3243.5,3243.75,0.25,4,N/A
ESH20,12/29/2019 22:32,3243.75,3243.75,3243.5,3243.5,0,2,N/A
ESH20,12/29/2019 22:31,3243.5,3243.75,3243.5,3243.5,0,59,N/A
ESH20,12/29/2019 22:30,3243.5,3243.5,3243.5,3243.5,0,2,N/A
ESH20,12/29/2019 22:29,3243.5,3243.5,3243.5,3243.5,0.25,2,N/A
ESH20,12/29/2019 22:28,3243.75,3243.75,3243.25,3243.25,-0.25,68,N/A
ESH20,12/29/2019 22:27,3243.5,3243.5,3243.5,3243.5,0,54,N/A
ESH20,12/29/2019 22:26,3243.5,3243.75,3243.25,3243.5,0,154,N/A
ESH20,12/29/2019 22:25,3243.25,3243.5,3243.25,3243.5,0.25,24,N/A
ESH20,12/29/2019 22:24,3243.25,3243.25,3243.25,3243.25,0,4,N/A
ESH20,12/29/2019 22:23,3243.5,3243.5,3243.25,3243.25,0,5,N/A
ESH20,12/29/2019 22:22,3243.25,3243.25,3243.25,3243.25,-0.25,8,N/A
ESH20,12/29/2019 22:21,3243.5,3243.5,3243.5,3243.5,0,5,N/A
ESH20,12/29/2019 22:20,3243.25,3243.5,3243.25,3243.5,0,22,N/A
ESH20,12/29/2019 22:19,3243.5,3243.5,3243.25,3243.5,0,12,N/A
ESH20,12/29/2019 22:18,3243.5,3243.5,3243.5,3243.5,0.25,2,N/A
ESH20,12/29/2019 22:17,3243.25,3243.25,3243.25,3243.25,0,1,N/A
ESH20,12/29/2019 22:16,3243.5,3243.5,3243.25,3243.25,0,7,N/A
ESH20,12/29/2019 22:15,3243.25,3243.25,3243.25,3243.25,-0.25,57,N/A
ESH20,12/29/2019 22:14,3243.25,3243.5,3243.25,3243.5,0,102,N/A
ESH20,12/29/2019 22:13,3243.25,3243.5,3243.25,3243.5,0.25,99,N/A
ESH20,12/29/2019 22:12,3243,3243.25,3243,3243.25,0,5,N/A
ESH20,12/29/2019 22:11,3243,3243.25,3243,3243.25,0.25,3,N/A
ESH20,12/29/2019 22:10,3243,3243.25,3243,3243,0,160,N/A
ESH20,12/29/2019 22:09,3243,3243,3243,3243,0,45,N/A
ESH20,12/29/2019 22:08,3243,3243.25,3243,3243,-0.25,164,N/A
ESH20,12/29/2019 22:07,3243.25,3243.25,3243.25,3243.25,0,11,N/A
ESH20,12/29/2019 22:06,3243.25,3243.5,3243.25,3243.25,0,58,N/A
ESH20,12/29/2019 22:05,3243.25,3243.5,3243.25,3243.25,-0.25,67,N/A
ESH20,12/29/2019 22:04,3243.25,3243.5,3243.25,3243.5,0.25,37,N/A
ESH20,12/29/2019 22:03,3243.75,3243.75,3243,3243.25,-0.5,189,N/A
ESH20,12/29/2019 22:02,3243.75,3243.75,3243.75,3243.75,0,6,N/A
ESH20,12/29/2019 22:01,3243.5,3243.75,3243.5,3243.75,0.25,5,N/A
ESH20,12/29/2019 22:00,3243.5,3243.75,3243.5,3243.5,-0.25,23,N/A
ESH20,12/29/2019 21:59,3243.75,3244,3243.75,3243.75,0,78,N/A
ESH20,12/29/2019 21:58,3243.75,3243.75,3243.75,3243.75,0,2,N/A
ESH20,12/29/2019 21:57,3243.75,3243.75,3243.75,3243.75,0,50,N/A
ESH20,12/29/2019 21:56,3243.75,3243.75,3243.75,3243.75,0.25,48,N/A
ESH20,12/29/2019 21:55,3243.75,3243.75,3243.5,3243.5,-0.5,19,N/A
ESH20,12/29/2019 21:54,3244,3244,3244,3244,0.25,5,N/A
ESH20,12/29/2019 21:53,3243.75,3243.75,3243.75,3243.75,0,40,N/A
ESH20,12/29/2019 21:52,3243.75,3244,3243.75,3243.75,0.25,85,N/A
ESH20,12/29/2019 21:51,3244,3244,3243.5,3243.5,-0.5,45,N/A
ESH20,12/29/2019 21:50,3244,3244,3243.75,3244,0.25,14,N/A
ESH20,12/29/2019 21:49,3243.75,3243.75,3243.75,3243.75,0,89,N/A
ESH20,12/29/2019 21:48,3243.75,3243.75,3243.75,3243.75,0,50,N/A
ESH20,12/29/2019 21:47,3243.5,3243.75,3243.5,3243.75,0.25,20,N/A
ESH20,12/29/2019 21:46,3243.75,3243.75,3243.5,3243.5,0,28,N/A
ESH20,12/29/2019 21:45,3243.75,3244,3243.5,3243.5,-0.25,37,N/A
ESH20,12/29/2019 21:44,3244,3244,3243.75,3243.75,-0.25,81,N/A
ESH20,12/29/2019 21:43,3243.75,3244,3243.75,3244,0.25,5,N/A
ESH20,12/29/2019 21:42,3243.75,3244,3243.75,3243.75,-0.25,27,N/A
ESH20,12/29/2019 21:41,3243.75,3244,3243.5,3244,0.25,113,N/A
ESH20,12/29/2019 21:40,3243.5,3243.75,3243.5,3243.75,0.25,6,N/A
ESH20,12/29/2019 21:39,3243.75,3243.75,3243.5,3243.5,0,24,N/A
ESH20,12/29/2019 21:38,3243.75,3244,3243.5,3243.5,-0.5,73,N/A
ESH20,12/29/2019 21:37,3243.75,3244,3243.75,3244,0,59,N/A
ESH20,12/29/2019 21:36,3244,3244,3243.75,3244,0,8,N/A
ESH20,12/29/2019 21:35,3244,3244,3243.75,3244,0.25,12,N/A
ESH20,12/29/2019 21:34,3243.75,3244,3243.75,3243.75,-0.25,42,N/A
ESH20,12/29/2019 21:33,3243.75,3244,3243.75,3244,0.25,5,N/A
ESH20,12/29/2019 21:32,3244,3244,3243.75,3243.75,-0.25,239,N/A
ESH20,12/29/2019 21:31,3243.75,3244,3243.75,3244,0.25,85,N/A
ESH20,12/29/2019 21:30,3244.25,3244.25,3243.75,3243.75,-0.25,130,N/A
ESH20,12/29/2019 21:29,3244,3244,3243.75,3244,0,61,N/A
ESH20,12/29/2019 21:28,3243.75,3244,3243.75,3244,0,14,N/A
ESH20,12/29/2019 21:27,3244,3244.25,3243.75,3244,0,219,N/A
ESH20,12/29/2019 21:26,3244,3244,3243.75,3244,0,38,N/A
ESH20,12/29/2019 21:25,3244,3244,3243.75,3244,0,62,N/A
ESH20,12/29/2019 21:24,3243.75,3244,3243.75,3244,0.25,107,N/A
ESH20,12/29/2019 21:23,3243.75,3243.75,3243.5,3243.75,0.25,10,N/A
ESH20,12/29/2019 21:22,3243.75,3243.75,3243.5,3243.5,-0.25,6,N/A
ESH20,12/29/2019 21:21,3243.75,3243.75,3243.75,3243.75,0,32,N/A
ESH20,12/29/2019 21:20,3244,3244,3243.75,3243.75,-0.25,71,N/A
ESH20,12/29/2019 21:19,3243.75,3244,3243.75,3244,0.5,36,N/A
ESH20,12/29/2019 21:18,3243.75,3243.75,3243.5,3243.5,-0.25,10,N/A
ESH20,12/29/2019 21:17,3243.75,3243.75,3243.5,3243.75,0,21,N/A
ESH20,12/29/2019 21:16,3243.5,3243.75,3243.5,3243.75,0,16,N/A
ESH20,12/29/2019 21:15,3243.75,3243.75,3243.75,3243.75,0,129,N/A
ESH20,12/29/2019 21:14,3243.5,3243.75,3243.5,3243.75,0,61,N/A
ESH20,12/29/2019 21:13,3243.75,3244,3243.5,3243.75,0,176,N/A
ESH20,12/29/2019 21:12,3243.75,3243.75,3243.5,3243.75,0,29,N/A
ESH20,12/29/2019 21:11,3243.75,3243.75,3243.5,3243.75,0,51,N/A
ESH20,12/29/2019 21:10,3243.5,3243.75,3243.25,3243.75,0.25,54,N/A
ESH20,12/29/2019 21:09,3243.5,3243.5,3243.5,3243.5,0,47,N/A
ESH20,12/29/2019 21:08,3243.5,3243.5,3243.5,3243.5,0,101,N/A
ESH20,12/29/2019 21:07,3243.5,3243.5,3243.5,3243.5,0.25,42,N/A
ESH20,12/29/2019 21:06,3243.25,3243.25,3243.25,3243.25,0,12,N/A
ESH20,12/29/2019 21:05,3243.5,3243.5,3243.25,3243.25,-0.25,75,N/A
ESH20,12/29/2019 21:04,3243.5,3243.5,3243.25,3243.5,0,13,N/A
ESH20,12/29/2019 21:03,3243.5,3243.75,3243.5,3243.5,0,115,N/A
ESH20,12/29/2019 21:02,3243.5,3243.5,3243.25,3243.5,0.25,20,N/A
ESH20,12/29/2019 21:01,3243.25,3243.25,3243,3243.25,0,54,N/A
ESH20,12/29/2019 21:00,3243.25,3243.25,3243.25,3243.25,0.25,141,N/A
ESH20,12/29/2019 20:59,3243.25,3243.25,3243,3243,-0.25,24,N/A
ESH20,12/29/2019 20:58,3243.25,3243.25,3243.25,3243.25,0.25,6,N/A
ESH20,12/29/2019 20:57,3243,3243,3243,3243,0.25,22,N/A
ESH20,12/29/2019 20:56,3243,3243.25,3242.75,3242.75,-0.25,36,N/A
ESH20,12/29/2019 20:55,3243,3243,3242.75,3243,0,122,N/A
ESH20,12/29/2019 20:54,3243,3243.25,3243,3243,0,133,N/A
ESH20,12/29/2019 20:53,3243,3243.25,3243,3243,0,89,N/A
ESH20,12/29/2019 20:52,3243,3243,3243,3243,0,72,N/A
ESH20,12/29/2019 20:51,3243,3243,3243,3243,0,109,N/A
ESH20,12/29/2019 20:50,3242.75,3243,3242.75,3243,0.25,104,N/A
ESH20,12/29/2019 20:49,3242.5,3242.75,3242.5,3242.75,0,80,N/A
ESH20,12/29/2019 20:48,3242.75,3242.75,3242.75,3242.75,0,185,N/A
ESH20,12/29/2019 20:47,3243,3243.25,3242.75,3242.75,-0.25,53,N/A
ESH20,12/29/2019 20:46,3243.25,3243.25,3242.75,3243,-0.25,35,N/A
ESH20,12/29/2019 20:45,3243.25,3243.25,3243,3243.25,0.25,7,N/A
ESH20,12/29/2019 20:44,3243,3243,3243,3243,0,2,N/A
ESH20,12/29/2019 20:43,3243.25,3243.25,3243,3243,-0.25,124,N/A
ESH20,12/29/2019 20:42,3243,3243.25,3243,3243.25,0.25,8,N/A
ESH20,12/29/2019 20:41,3243,3243,3243,3243,0,20,N/A
ESH20,12/29/2019 20:40,3243,3243.25,3243,3243,0,33,N/A
ESH20,12/29/2019 20:39,3243.25,3243.25,3243,3243,0,7,N/A
ESH20,12/29/2019 20:38,3243.25,3243.25,3243,3243,0,77,N/A
ESH20,12/29/2019 20:37,3243.25,3243.25,3243,3243,-0.25,40,N/A
ESH20,12/29/2019 20:36,3243,3243.25,3242.75,3243.25,0.5,103,N/A
ESH20,12/29/2019 20:35,3243,3243,3242.75,3242.75,-0.25,122,N/A
ESH20,12/29/2019 20:34,3243,3243,3243,3243,0,32,N/A
ESH20,12/29/2019 20:33,3242.75,3243.25,3242.75,3243,0.25,65,N/A
ESH20,12/29/2019 20:32,3243.25,3243.25,3242.75,3242.75,-0.5,70,N/A
ESH20,12/29/2019 20:31,3243.25,3243.25,3243.25,3243.25,0,14,N/A
ESH20,12/29/2019 20:30,3243.25,3243.25,3243,3243.25,0,73,N/A
ESH20,12/29/2019 20:29,3243,3243.25,3243,3243.25,0,105,N/A
ESH20,12/29/2019 20:28,3243,3243.25,3243,3243.25,0,58,N/A
ESH20,12/29/2019 20:27,3243,3243.25,3243,3243.25,0.5,55,N/A
ESH20,12/29/2019 20:26,3242.5,3242.75,3242.5,3242.75,0.25,46,N/A
ESH20,12/29/2019 20:25,3243,3243,3242.5,3242.5,-0.25,52,N/A
ESH20,12/29/2019 20:24,3243,3243,3242.75,3242.75,-0.25,66,N/A
ESH20,12/29/2019 20:23,3243,3243,3243,3243,0,24,N/A
ESH20,12/29/2019 20:22,3243.25,3243.25,3243,3243,-0.25,71,N/A
ESH20,12/29/2019 20:21,3243.25,3243.25,3243,3243.25,0.25,11,N/A
ESH20,12/29/2019 20:20,3243,3243,3242.75,3243,0.25,51,N/A
ESH20,12/29/2019 20:19,3243,3243,3242.75,3242.75,-0.25,67,N/A
ESH20,12/29/2019 20:18,3243.25,3243.25,3242.75,3243,0,55,N/A
ESH20,12/29/2019 20:17,3243,3243,3243,3243,0,63,N/A
ESH20,12/29/2019 20:16,3243,3243,3243,3243,0,80,N/A
ESH20,12/29/2019 20:15,3243,3243,3243,3243,-0.25,52,N/A
ESH20,12/29/2019 20:14,3243.25,3243.5,3243.25,3243.25,0,77,N/A
ESH20,12/29/2019 20:13,3243.25,3243.5,3243.25,3243.25,0,160,N/A
ESH20,12/29/2019 20:12,3243,3243.5,3243,3243.25,0.25,82,N/A
ESH20,12/29/2019 20:11,3243,3243,3242.75,3243,0,36,N/A
ESH20,12/29/2019 20:10,3243,3243,3242.75,3243,0,128,N/A
ESH20,12/29/2019 20:09,3242.75,3243,3242.75,3243,0.25,10,N/A
ESH20,12/29/2019 20:07,3243,3243,3242.75,3242.75,0,3,N/A
ESH20,12/29/2019 20:06,3243,3243,3242.75,3242.75,-0.25,33,N/A
ESH20,12/29/2019 20:05,3243,3243.25,3242.75,3243,0.25,55,N/A
ESH20,12/29/2019 20:04,3242.75,3243,3242.75,3242.75,-0.25,56,N/A
ESH20,12/29/2019 20:03,3243,3243,3242.75,3243,-0.25,54,N/A
ESH20,12/29/2019 20:02,3243,3243.25,3242.75,3243.25,0.25,66,N/A
ESH20,12/29/2019 20:01,3243,3243.25,3242.75,3243,0,51,N/A
ESH20,12/29/2019 20:00,3243.25,3243.5,3242.75,3243,-0.25,271,N/A
ESH20,12/29/2019 19:59,3243.25,3243.5,3243.25,3243.25,0.25,211,N/A
ESH20,12/29/2019 19:58,3243,3243,3243,3243,0.25,98,N/A
ESH20,12/29/2019 19:57,3242.75,3242.75,3242.75,3242.75,0,4,N/A
ESH20,12/29/2019 19:56,3243,3243,3242.75,3242.75,0,4,N/A
ESH20,12/29/2019 19:55,3242.75,3242.75,3242.75,3242.75,-0.25,66,N/A
ESH20,12/29/2019 19:54,3242.75,3243,3242.75,3243,0,37,N/A
ESH20,12/29/2019 19:53,3243,3243,3243,3243,0,38,N/A
ESH20,12/29/2019 19:52,3243.25,3243.25,3242.75,3243,0,111,N/A
ESH20,12/29/2019 19:51,3243.25,3243.25,3242.75,3243,0,72,N/A
ESH20,12/29/2019 19:50,3243,3243.25,3242.75,3243,0.25,199,N/A
ESH20,12/29/2019 19:49,3243,3243,3242.5,3242.75,0,54,N/A
ESH20,12/29/2019 19:48,3242.75,3242.75,3242.5,3242.75,0,107,N/A
ESH20,12/29/2019 19:47,3242.75,3242.75,3242.5,3242.75,0.25,66,N/A
ESH20,12/29/2019 19:46,3242.75,3243,3242.5,3242.5,-0.25,101,N/A
ESH20,12/29/2019 19:45,3242.5,3242.75,3242.25,3242.75,0.25,145,N/A
ESH20,12/29/2019 19:44,3242.5,3242.75,3242.5,3242.5,0,133,N/A
ESH20,12/29/2019 19:43,3242.5,3242.75,3242.5,3242.5,0,313,N/A
ESH20,12/29/2019 19:42,3242.25,3242.5,3242,3242.5,0.5,129,N/A
ESH20,12/29/2019 19:41,3241.75,3242,3241.5,3242,0.5,109,N/A
ESH20,12/29/2019 19:40,3241.75,3241.75,3241.5,3241.5,-0.25,57,N/A
ESH20,12/29/2019 19:39,3242,3242,3241.75,3241.75,-0.25,20,N/A
ESH20,12/29/2019 19:38,3242.25,3242.25,3242,3242,0,47,N/A
ESH20,12/29/2019 19:37,3242.25,3242.25,3241.75,3242,-0.25,94,N/A
ESH20,12/29/2019 19:36,3242,3242.25,3242,3242.25,0.25,119,N/A
ESH20,12/29/2019 19:35,3241.75,3242,3241.75,3242,0,127,N/A
ESH20,12/29/2019 19:34,3242.25,3242.25,3242,3242,0,50,N/A
ESH20,12/29/2019 19:33,3241.75,3242.25,3241.75,3242,0.25,119,N/A
ESH20,12/29/2019 19:32,3241.75,3242,3241.75,3241.75,0,56,N/A
ESH20,12/29/2019 19:31,3241.5,3242,3241.5,3241.75,0.25,114,N/A
ESH20,12/29/2019 19:30,3241.75,3241.75,3241.5,3241.5,-0.25,49,N/A
ESH20,12/29/2019 19:29,3241.5,3241.75,3241.5,3241.75,0.25,42,N/A
ESH20,12/29/2019 19:28,3241.5,3241.5,3241.5,3241.5,0,52,N/A
ESH20,12/29/2019 19:27,3241.5,3241.75,3241.5,3241.5,0,85,N/A
ESH20,12/29/2019 19:26,3241.75,3241.75,3241.5,3241.5,-0.25,25,N/A
ESH20,12/29/2019 19:25,3241.5,3241.75,3241.5,3241.75,0.25,77,N/A
ESH20,12/29/2019 19:24,3241.75,3242,3241.5,3241.5,-0.5,121,N/A
ESH20,12/29/2019 19:23,3241.75,3242,3241.75,3242,0.25,6,N/A
ESH20,12/29/2019 19:22,3242.25,3242.25,3241.75,3241.75,-0.5,77,N/A
ESH20,12/29/2019 19:21,3241.75,3242.25,3241.75,3242.25,0.5,94,N/A
ESH20,12/29/2019 19:20,3241.75,3241.75,3241.5,3241.75,0,82,N/A
ESH20,12/29/2019 19:19,3241.75,3241.75,3241.75,3241.75,0.25,83,N/A
ESH20,12/29/2019 19:18,3241.5,3241.5,3241.25,3241.5,0,110,N/A
ESH20,12/29/2019 19:17,3241.75,3241.75,3241.5,3241.5,-0.25,153,N/A
ESH20,12/29/2019 19:16,3241.5,3242,3241.25,3241.75,0.25,86,N/A
ESH20,12/29/2019 19:15,3241.75,3241.75,3241.5,3241.5,0,117,N/A
ESH20,12/29/2019 19:14,3241.75,3241.75,3241.5,3241.5,-0.5,110,N/A
ESH20,12/29/2019 19:13,3242,3242,3241.75,3242,0.25,28,N/A
ESH20,12/29/2019 19:12,3242,3242,3241.75,3241.75,0,12,N/A
ESH20,12/29/2019 19:11,3241.75,3241.75,3241.5,3241.75,0,46,N/A
ESH20,12/29/2019 19:10,3241.75,3242,3241.75,3241.75,0,61,N/A
ESH20,12/29/2019 19:09,3242,3242,3241.75,3241.75,0,35,N/A
ESH20,12/29/2019 19:08,3241.75,3241.75,3241.75,3241.75,0,29,N/A
ESH20,12/29/2019 19:07,3241.75,3241.75,3241.75,3241.75,0.25,77,N/A
ESH20,12/29/2019 19:06,3241.5,3241.75,3241.5,3241.5,0,28,N/A
ESH20,12/29/2019 19:05,3241.5,3241.5,3241.25,3241.5,0,71,N/A
ESH20,12/29/2019 19:04,3241.25,3241.5,3241.25,3241.5,0.25,116,N/A
ESH20,12/29/2019 19:03,3241.25,3241.5,3241,3241.25,0.25,176,N/A
ESH20,12/29/2019 19:02,3240.75,3241,3240.75,3241,0.25,97,N/A
ESH20,12/29/2019 19:01,3241,3241,3240.75,3240.75,-0.25,74,N/A
ESH20,12/29/2019 19:00,3241.25,3241.25,3241,3241,-0.25,57,N/A
ESH20,12/29/2019 18:59,3241.25,3241.25,3241.25,3241.25,0,77,N/A
ESH20,12/29/2019 18:58,3241.25,3241.25,3241,3241.25,0.25,9,N/A
ESH20,12/29/2019 18:57,3240.75,3241,3240.75,3241,0.25,40,N/A
ESH20,12/29/2019 18:56,3240.5,3240.75,3240.5,3240.75,0.25,99,N/A
ESH20,12/29/2019 18:55,3241,3241,3240.5,3240.5,-0.25,165,N/A
ESH20,12/29/2019 18:54,3240.75,3241,3240.75,3240.75,0,199,N/A
ESH20,12/29/2019 18:53,3241,3241,3240.75,3240.75,-0.5,236,N/A
ESH20,12/29/2019 18:52,3241,3241.25,3241,3241.25,0,85,N/A
ESH20,12/29/2019 18:51,3241.25,3241.25,3241.25,3241.25,0.25,31,N/A
ESH20,12/29/2019 18:50,3241,3241.25,3240.75,3241,0,259,N/A
ESH20,12/29/2019 18:49,3240.75,3241,3240.75,3241,0.25,339,N/A
ESH20,12/29/2019 18:48,3240.75,3241,3240.5,3240.75,-0.25,601,N/A
ESH20,12/29/2019 18:47,3241.25,3241.25,3241,3241,0,32,N/A
ESH20,12/29/2019 18:46,3241.25,3241.25,3241,3241,0,89,N/A
ESH20,12/29/2019 18:45,3241.75,3241.75,3241,3241,-0.75,249,N/A
ESH20,12/29/2019 18:44,3241.5,3241.75,3241.5,3241.75,0.25,25,N/A
ESH20,12/29/2019 18:43,3241.5,3241.75,3241.5,3241.5,0,94,N/A
ESH20,12/29/2019 18:42,3241,3241.5,3240.75,3241.5,0.5,338,N/A
ESH20,12/29/2019 18:41,3240.75,3241,3240.75,3241,0.25,24,N/A
ESH20,12/29/2019 18:40,3240.75,3240.75,3240.5,3240.75,0,37,N/A
ESH20,12/29/2019 18:39,3240.25,3241,3240.25,3240.75,0.5,125,N/A
ESH20,12/29/2019 18:38,3240.5,3240.75,3240,3240.25,-0.25,241,N/A
ESH20,12/29/2019 18:37,3240.5,3240.75,3240.25,3240.5,-0.25,135,N/A
ESH20,12/29/2019 18:36,3241,3241,3240.25,3240.75,-0.25,343,N/A
ESH20,12/29/2019 18:35,3241.25,3241.25,3241,3241,-0.25,32,N/A
ESH20,12/29/2019 18:34,3241.25,3241.5,3241,3241.25,0,62,N/A
ESH20,12/29/2019 18:33,3241.5,3241.5,3240.75,3241.25,-0.25,209,N/A
ESH20,12/29/2019 18:32,3241.75,3241.75,3241.25,3241.5,-0.25,72,N/A
ESH20,12/29/2019 18:31,3242,3242,3241.5,3241.75,-0.25,51,N/A
ESH20,12/29/2019 18:30,3242,3242.25,3242,3242,0,129,N/A
ESH20,12/29/2019 18:29,3242,3242.25,3241.75,3242,0,133,N/A
ESH20,12/29/2019 18:28,3242,3242.25,3242,3242,0,165,N/A
ESH20,12/29/2019 18:27,3242,3242,3241.75,3242,0,73,N/A
ESH20,12/29/2019 18:26,3241.5,3242,3241.5,3242,0.5,140,N/A
ESH20,12/29/2019 18:25,3241.75,3241.75,3241.25,3241.5,-0.25,251,N/A
ESH20,12/29/2019 18:24,3242,3242.25,3241.75,3241.75,-0.5,283,N/A
ESH20,12/29/2019 18:23,3241.75,3242.25,3241.5,3242.25,0.75,366,N/A
ESH20,12/29/2019 18:22,3241.25,3241.5,3241.25,3241.5,0,281,N/A
ESH20,12/29/2019 18:21,3241.5,3241.5,3241.25,3241.5,0,12,N/A
ESH20,12/29/2019 18:20,3241.25,3241.5,3241.25,3241.5,0.25,108,N/A
ESH20,12/29/2019 18:19,3241,3241.25,3241,3241.25,0,89,N/A
ESH20,12/29/2019 18:18,3241.5,3241.5,3241,3241.25,0,101,N/A
ESH20,12/29/2019 18:17,3241.25,3241.5,3241.25,3241.25,0,30,N/A
ESH20,12/29/2019 18:16,3241.25,3241.5,3241,3241.25,0.25,203,N/A
ESH20,12/29/2019 18:15,3241.5,3241.5,3240.75,3241,-0.25,172,N/A
ESH20,12/29/2019 18:14,3240.5,3241.25,3240.5,3241.25,0.75,114,N/A
ESH20,12/29/2019 18:13,3240.5,3240.75,3240.5,3240.5,0.25,287,N/A
ESH20,12/29/2019 18:12,3240.25,3240.5,3240.25,3240.25,0,75,N/A
ESH20,12/29/2019 18:11,3239.75,3240.25,3239.75,3240.25,0.5,167,N/A
ESH20,12/29/2019 18:10,3240.25,3240.5,3239.5,3239.75,-0.25,247,N/A
ESH20,12/29/2019 18:09,3239.75,3240.5,3239.75,3240,0,461,N/A
ESH20,12/29/2019 18:08,3240.75,3240.75,3239.75,3240,-0.75,603,N/A
ESH20,12/29/2019 18:07,3241,3241,3240.5,3240.75,-0.5,242,N/A
ESH20,12/29/2019 18:06,3241.25,3241.5,3241.25,3241.25,0,190,N/A
ESH20,12/29/2019 18:05,3242,3242,3241.25,3241.25,-0.75,264,N/A
ESH20,12/29/2019 18:04,3241.25,3242,3241.25,3242,0.75,386,N/A
ESH20,12/29/2019 18:03,3241.25,3241.5,3241.25,3241.25,0,119,N/A
ESH20,12/29/2019 18:02,3240.5,3241.25,3240.25,3241.25,0.75,567,N/A
ESH20,12/29/2019 18:01,3241,3241.25,3240.25,3240.5,-0.5,418,N/A
ESH20,12/29/2019 18:00,3241,3241.5,3241,3241,0.25,338,N/A
ESH20,12/29/2019 17:59,3241,3241.25,3240.75,3240.75,-0.25,145,N/A
ESH20,12/29/2019 17:58,3241,3241,3240.75,3241,0,75,N/A
ESH20,12/29/2019 17:57,3241,3241,3241,3241,0,57,N/A
ESH20,12/29/2019 17:56,3241.5,3241.5,3241,3241,-0.5,58,N/A
ESH20,12/29/2019 17:55,3241.5,3241.5,3241.25,3241.5,0,25,N/A
ESH20,12/29/2019 17:54,3241.25,3241.5,3241.25,3241.5,0.25,34,N/A
ESH20,12/29/2019 17:53,3241.25,3241.25,3241,3241.25,0,63,N/A
ESH20,12/29/2019 17:52,3241.25,3241.25,3241,3241.25,0.25,34,N/A
ESH20,12/29/2019 17:51,3241.25,3241.25,3241,3241,-0.25,113,N/A
ESH20,12/29/2019 17:50,3241,3241.25,3241,3241.25,0.25,39,N/A
ESH20,12/29/2019 17:49,3241,3241,3240.75,3241,0,78,N/A
ESH20,12/29/2019 17:48,3241,3241.25,3241,3241,0,116,N/A
ESH20,12/29/2019 17:47,3240.75,3241.25,3240.75,3241,0.25,76,N/A
ESH20,12/29/2019 17:46,3240.75,3240.75,3240.75,3240.75,0.25,30,N/A
ESH20,12/29/2019 17:45,3241,3241,3240.5,3240.5,-0.25,92,N/A
ESH20,12/29/2019 17:44,3240.75,3240.75,3240.75,3240.75,0,73,N/A
ESH20,12/29/2019 17:43,3240.75,3240.75,3240.5,3240.75,0.25,24,N/A
ESH20,12/29/2019 17:42,3240.75,3240.75,3240.5,3240.5,-0.25,67,N/A
ESH20,12/29/2019 17:41,3240.75,3240.75,3240.5,3240.75,0.25,66,N/A
ESH20,12/29/2019 17:40,3240.75,3240.75,3240.5,3240.5,-0.25,82,N/A
ESH20,12/29/2019 17:39,3241,3241,3240.75,3240.75,-0.25,31,N/A
ESH20,12/29/2019 17:38,3240.5,3241,3240.25,3241,0.5,146,N/A
ESH20,12/29/2019 17:37,3240.5,3240.5,3240.25,3240.5,0,10,N/A
ESH20,12/29/2019 17:36,3240.5,3240.5,3240.25,3240.5,0,34,N/A
ESH20,12/29/2019 17:35,3240.5,3240.5,3240.5,3240.5,-0.25,61,N/A
ESH20,12/29/2019 17:34,3240.5,3240.75,3240.5,3240.75,0.5,76,N/A
ESH20,12/29/2019 17:33,3240.5,3240.75,3240.25,3240.25,0,105,N/A
ESH20,12/29/2019 17:32,3240.25,3240.5,3240.25,3240.25,0,106,N/A
ESH20,12/29/2019 17:31,3240.25,3240.5,3240.25,3240.25,-0.25,42,N/A
ESH20,12/29/2019 17:30,3240.75,3240.75,3240.25,3240.5,0,204,N/A
ESH20,12/29/2019 17:29,3241,3241,3240.5,3240.5,-0.25,77,N/A
ESH20,12/29/2019 17:28,3241,3241,3240.75,3240.75,0,36,N/A
ESH20,12/29/2019 17:27,3240.75,3241,3240.75,3240.75,-0.25,174,N/A
ESH20,12/29/2019 17:26,3240.75,3241,3240.75,3241,0.25,23,N/A
ESH20,12/29/2019 17:25,3241,3241,3240.75,3240.75,-0.25,77,N/A
ESH20,12/29/2019 17:24,3240.75,3241.25,3240.75,3241,0.25,288,N/A
ESH20,12/29/2019 17:23,3240.5,3240.75,3240.25,3240.75,0.25,76,N/A
ESH20,12/29/2019 17:22,3240.5,3240.75,3240.25,3240.5,0.25,198,N/A
ESH20,12/29/2019 17:21,3240.25,3240.5,3240.25,3240.25,-0.25,18,N/A
ESH20,12/29/2019 17:20,3240.25,3240.5,3240.25,3240.5,0.25,31,N/A
ESH20,12/29/2019 17:19,3240.25,3240.5,3240,3240.25,0,122,N/A
ESH20,12/29/2019 17:18,3240,3240.25,3240,3240.25,0,48,N/A
ESH20,12/29/2019 17:17,3239.75,3240.25,3239.5,3240.25,0.75,162,N/A
ESH20,12/29/2019 17:16,3239.75,3239.75,3239.5,3239.5,-0.25,32,N/A
ESH20,12/29/2019 17:15,3239.75,3239.75,3239.5,3239.75,0.25,145,N/A
ESH20,12/29/2019 17:14,3239.25,3239.5,3239.25,3239.5,0.25,97,N/A
ESH20,12/29/2019 17:13,3239.75,3239.75,3239.25,3239.25,-0.25,77,N/A
ESH20,12/29/2019 17:12,3239.5,3239.75,3239.25,3239.5,0,282,N/A
ESH20,12/29/2019 17:11,3239.5,3239.75,3239.5,3239.5,0,170,N/A
ESH20,12/29/2019 17:10,3239.75,3239.75,3239.5,3239.5,0,165,N/A
ESH20,12/29/2019 17:09,3239.75,3240,3239.25,3239.5,0,376,N/A
ESH20,12/29/2019 17:08,3239.5,3239.75,3239.25,3239.5,0,79,N/A
ESH20,12/29/2019 17:07,3239.5,3239.5,3239.25,3239.5,0.25,151,N/A
ESH20,12/29/2019 17:06,3239.5,3239.5,3239.25,3239.25,0,73,N/A
ESH20,12/29/2019 17:05,3239.5,3239.5,3239,3239.25,0,68,N/A
ESH20,12/29/2019 17:04,3239.5,3239.5,3238.75,3239.25,-0.25,317,N/A
ESH20,12/29/2019 17:03,3239,3240,3239,3239.5,0.5,308,N/A
ESH20,12/29/2019 17:02,3239.25,3239.5,3239,3239,-0.25,102,N/A
ESH20,12/29/2019 17:01,3239.25,3239.5,3238.75,3239.25,-0.25,285,N/A
ESH20,12/29/2019 17:00,3238.25,3239.75,3238,3239.5,3,2195,N/A
,,,,,,,,
,,,,,,,,
,,,,,,,,
,,,,,,,,
,,,,,,,,
,,,,,,,,
,,,,,,,,
,,,,,,,,
,,,,,,,,
,,,,,,,,
,,,,,,,,
,,,,,,,,
,,,,,,,,
,,,,,,,,
,,,,,,,,
,,,,,,,,
,,,,,,,,
,,,,,,,,
,,,,,,,,
,,,,,,,,
,,,,,,,,
,,,,,,,,
,,,,,,,,
,,,,,,,,
,,,,,,,,
,,,,,,,,
,,,,,,,,
,,,,,,,,
,,,,,,,,
,,,,,,,,
,,,,,,,,
,,,,,,,,
,,,,,,,,
,,,,,,,,
,,,,,,,,
,,,,,,,,
,,,,,,,,
,,,,,,,,
,,,,,,,,
,,,,,,,,
,,,,,,,,
,,,,,,,,
,,,,,,,,
,,,,,,,,
,,,,,,,,
,,,,,,,,
,,,,,,,,
,,,,,,,,
,,,,,,,,
,,,,,,,,
,,,,,,,,
,,,,,,,,
,,,,,,,,
,,,,,,,,
,,,,,,,,
,,,,,,,,
,,,,,,,,
,,,,,,,,
,,,,,,,,
,,,,,,,,
,,,,,,,,
,,,,,,,,
,,,,,,,,
,,,,,,,,
,,,,,,,,
,,,,,,,,
,,,,,,,,
,,,,,,,,
,,,,,,,,
,,,,,,,,
,,,,,,,,
,,,,,,,,
,,,,,,,,
,,,,,,,,
,,,,,,,,
,,,,,,,,
,,,,,,,,
,,,,,,,,
,,,,,,,,
,,,,,,,,
,,,,,,,,
,,,,,,,,
,,,,,,,,
,,,,,,,,
,,,,,,,,
,,,,,,,,
,,,,,,,,
,,,,,,,,
,,,,,,,,
,,,,,,,,
,,,,,,,,
,,,,,,,,
,,,,,,,,
,,,,,,,,
,,,,,,,,
,,,,,,,,
,,,,,,,,
,,,,,,,,
,,,,,,,,
,,,,,,,,
,,,,,,,,
,,,,,,,,
,,,,,,,,
,,,,,,,,
,,,,,,,,
,,,,,,,,
,,,,,,,,
,,,,,,,,
,,,,,,,,
,,,,,,,,
,,,,,,,,
,,,,,,,,
,,,,,,,,
,,,,,,,,
,,,,,,,,
,,,,,,,,
,,,,,,,,
,,,,,,,,
,,,,,,,,
,,,,,,,,
,,,,,,,,
,,,,,,,,
,,,,,,,,
,,,,,,,,
,,,,,,,,
,,,,,,,,
,,,,,,,,
,,,,,,,,
,,,,,,,,
,,,,,,,,
,,,,,,,,
,,,,,,,,
,,,,,,,,
,,,,,,,,
,,,,,,,,
,,,,,,,,
,,,,,,,,
,,,,,,,,
,,,,,,,,
,,,,,,,,
,,,,,,,,
,,,,,,,,
,,,,,,,,
,,,,,,,,
,,,,,,,,
,,,,,,,,
,,,,,,,,
,,,,,,,,
,,,,,,,,
,,,,,,,,
,,,,,,,,
,,,,,,,,
,,,,,,,,
,,,,,,,,
,,,,,,,,
,,,,,,,,
,,,,,,,,
,,,,,,,,
,,,,,,,,
,,,,,,,,
,,,,,,,,
,,,,,,,,
,,,,,,,,
,,,,,,,,
,,,,,,,,
,,,,,,,,
,,,,,,,,
,,,,,,,,
,,,,,,,,
,,,,,,,,
,,,,,,,,
,,,,,,,,
,,,,,,,,
,,,,,,,,
,,,,,,,,
,,,,,,,,
,,,,,,,,
,,,,,,,,
,,,,,,,,
,,,,,,,,
,,,,,,,,
,,,,,,,,
,,,,,,,,
,,,,,,,,
,,,,,,,,
,,,,,,,,
,,,,,,,,
,,,,,,,,
,,,,,,,,
,,,,,,,,
,,,,,,,,
,,,,,,,,
,,,,,,,,
,,,,,,,,
,,,,,,,,
,,,,,,,,
,,,,,,,,
,,,,,,,,
,,,,,,,,
,,,,,,,,
,,,,,,,,
,,,,,,,,
,,,,,,,,
,,,,,,,,
,,,,,,,,
,,,,,,,,
,,,,,,,,
,,,,,,,,
,,,,,,,,
,,,,,,,,
,,,,,,,,
,,,,,,,,
,,,,,,,,
,,,,,,,,
,,,,,,,,
,,,,,,,,
,,,,,,,,
,,,,,,,,
,,,,,,,,
,,,,,,,,
,,,,,,,,
,,,,,,,,
,,,,,,,,
,,,,,,,,
,,,,,,,,
,,,,,,,,
,,,,,,,,
,,,,,,,,
,,,,,,,,
,,,,,,,,
,,,,,,,,
,,,,,,,,
,,,,,,,,
,,,,,,,,
,,,,,,,,
,,,,,,,,
,,,,,,,,
,,,,,,,,
,,,,,,,,
,,,,,,,,
,,,,,,,,
,,,,,,,,
,,,,,,,,
,,,,,,,,
,,,,,,,,
,,,,,,,,
,,,,,,,,
,,,,,,,,
,,,,,,,,
,,,,,,,,
,,,,,,,,
,,,,,,,,
,,,,,,,,
,,,,,,,,
,,,,,,,,
,,,,,,,,
,,,,,,,,
,,,,,,,,
,,,,,,,,
,,,,,,,,
,,,,,,,,
,,,,,,,,
,,,,,,,,
,,,,,,,,
,,,,,,,,
,,,,,,,,
,,,,,,,,
,,,,,,,,
,,,,,,,,
,,,,,,,,
,,,,,,,,
,,,,,,,,
,,,,,,,,
,,,,,,,,
,,,,,,,,
,,,,,,,,
,,,,,,,,
,,,,,,,,
,,,,,,,,
,,,,,,,,
,,,,,,,,
,,,,,,,,
,,,,,,,,
,,,,,,,,
,,,,,,,,
,,,,,,,,
,,,,,,,,
,,,,,,,,
,,,,,,,,
,,,,,,,,
,,,,,,,,
,,,,,,,,
,,,,,,,,
,,,,,,,,
,,,,,,,,
,,,,,,,,
,,,,,,,,
,,,,,,,,
,,,,,,,,
,,,,,,,,
,,,,,,,,
,,,,,,,,
,,,,,,,,
,,,,,,,,
,,,,,,,,
,,,,,,,,
,,,,,,,,
,,,,,,,,
,,,,,,,,
,,,,,,,,
,,,,,,,,
,,,,,,,,
,,,,,,,,
,,,,,,,,
,,,,,,,,
,,,,,,,,
,,,,,,,,
,,,,,,,,
,,,,,,,,
,,,,,,,,
,,,,,,,,
,,,,,,,,
,,,,,,,,
,,,,,,,,
,,,,,,,,
,,,,,,,,
,,,,,,,,
,,,,,,,,
,,,,,,,,
,,,,,,,,
,,,,,,,,
,,,,,,,,
,,,,,,,,
,,,,,,,,
,,,,,,,,
,,,,,,,,
,,,,,,,,
,,,,,,,,
,,,,,,,,
,,,,,,,,
,,,,,,,,
,,,,,,,,
,,,,,,,,
,,,,,,,,
,,,,,,,,
,,,,,,,,
,,,,,,,,
,,,,,,,,
,,,,,,,,
,,,,,,,,
,,,,,,,,
,,,,,,,,
,,,,,,,,
,,,,,,,,
,,,,,,,,
,,,,,,,,
,,,,,,,,
,,,,,,,,
,,,,,,,,
,,,,,,,,
,,,,,,,,
,,,,,,,,
,,,,,,,,
,,,,,,,,
,,,,,,,,
,,,,,,,,
,,,,,,,,
,,,,,,,,
,,,,,,,,
,,,,,,,,
,,,,,,,,
,,,,,,,,
,,,,,,,,
,,,,,,,,
,,,,,,,,
,,,,,,,,
,,,,,,,,
,,,,,,,,
,,,,,,,,
,,,,,,,,
,,,,,,,,
,,,,,,,,
,,,,,,,,
,,,,,,,,
,,,,,,,,
,,,,,,,,
,,,,,,,,
,,,,,,,,
,,,,,,,,
,,,,,,,,
,,,,,,,,
,,,,,,,,
,,,,,,,,
,,,,,,,,
,,,,,,,,
,,,,,,,,
,,,,,,,,
,,,,,,,,
,,,,,,,,
,,,,,,,,
,,,,,,,,
,,,,,,,,
,,,,,,,,
,,,,,,,,
,,,,,,,,
,,,,,,,,
,,,,,,,,
,,,,,,,,
,,,,,,,,
,,,,,,,,
,,,,,,,,
,,,,,,,,
,,,,,,,,
,,,,,,,,
,,,,,,,,
,,,,,,,,
,,,,,,,,
,,,,,,,,
,,,,,,,,
,,,,,,,,
,,,,,,,,
,,,,,,,,
,,,,,,,,
,,,,,,,,
,,,,,,,,
,,,,,,,,
,,,,,,,,
,,,,,,,,
,,,,,,,,
,,,,,,,,
,,,,,,,,
,,,,,,,,
,,,,,,,,
,,,,,,,,
,,,,,,,,
,,,,,,,,
,,,,,,,,
,,,,,,,,
,,,,,,,,
,,,,,,,,
,,,,,,,,
,,,,,,,,
,,,,,,,,
,,,,,,,,
,,,,,,,,
,,,,,,,,
,,,,,,,,
,,,,,,,,
,,,,,,,,
,,,,,,,,
,,,,,,,,
,,,,,,,,
,,,,,,,,
,,,,,,,,
,,,,,,,,
,,,,,,,,
,,,,,,,,
,,,,,,,,
,,,,,,,,
,,,,,,,,
,,,,,,,,
,,,,,,,,
,,,,,,,,
,,,,,,,,
,,,,,,,,
,,,,,,,,
,,,,,,,,
,,,,,,,,
,,,,,,,,
,,,,,,,,
,,,,,,,,
,,,,,,,,
,,,,,,,,
,,,,,,,,
,,,,,,,,
,,,,,,,,
,,,,,,,,
,,,,,,,,
,,,,,,,,
,,,,,,,,
,,,,,,,,
,,,,,,,,
,,,,,,,,
,,,,,,,,
,,,,,,,,
,,,,,,,,
,,,,,,,,
,,,,,,,,
,,,,,,,,
,,,,,,,,
,,,,,,,,
,,,,,,,,
,,,,,,,,
,,,,,,,,
,,,,,,,,
,,,,,,,,
,,,,,,,,
,,,,,,,,
,,,,,,,,
,,,,,,,,
,,,,,,,,
,,,,,,,,
,,,,,,,,
,,,,,,,,
,,,,,,,,
,,,,,,,,
,,,,,,,,
,,,,,,,,
,,,,,,,,
,,,,,,,,
,,,,,,,,
,,,,,,,,
,,,,,,,,
,,,,,,,,
,,,,,,,,
,,,,,,,,
,,,,,,,,
,,,,,,,,
,,,,,,,,
,,,,,,,,
,,,,,,,,
,,,,,,,,
,,,,,,,,
,,,,,,,,
,,,,,,,,
,,,,,,,,
,,,,,,,,
,,,,,,,,
,,,,,,,,
,,,,,,,,
,,,,,,,,
,,,,,,,,
,,,,,,,,
,,,,,,,,
,,,,,,,,
,,,,,,,,
,,,,,,,,
,,,,,,,,
,,,,,,,,
,,,,,,,,
,,,,,,,,
,,,,,,,,
,,,,,,,,
,,,,,,,,
,,,,,,,,
,,,,,,,,
,,,,,,,,
,,,,,,,,
,,,,,,,,
,,,,,,,,
,,,,,,,,
,,,,,,,,
,,,,,,,,
,,,,,,,,
,,,,,,,,
,,,,,,,,
,,,,,,,,
,,,,,,,,
,,,,,,,,
,,,,,,,,
,,,,,,,,
,,,,,,,,
,,,,,,,,
,,,,,,,,
,,,,,,,,
,,,,,,,,
,,,,,,,,
,,,,,,,,
,,,,,,,,
,,,,,,,,
,,,,,,,,
,,,,,,,,
,,,,,,,,
,,,,,,,,
,,,,,,,,
,,,,,,,,
,,,,,,,,
,,,,,,,,
,,,,,,,,
,,,,,,,,
,,,,,,,,
,,,,,,,,
,,,,,,,,
,,,,,,,,
,,,,,,,,
,,,,,,,,
,,,,,,,,
,,,,,,,,
,,,,,,,,
,,,,,,,,
,,,,,,,,
,,,,,,,,
,,,,,,,,
,,,,,,,,
,,,,,,,,
,,,,,,,,
,,,,,,,,
,,,,,,,,
,,,,,,,,
,,,,,,,,
,,,,,,,,
,,,,,,,,
,,,,,,,,
,,,,,,,,
,,,,,,,,
,,,,,,,,
,,,,,,,,
,,,,,,,,
,,,,,,,,
,,,,,,,,
,,,,,,,,
,,,,,,,,
,,,,,,,,
,,,,,,,,
,,,,,,,,
,,,,,,,,
,,,,,,,,
,,,,,,,,
,,,,,,,,
,,,,,,,,
,,,,,,,,
,,,,,,,,
,,,,,,,,
,,,,,,,,
,,,,,,,,
,,,,,,,,
,,,,,,,,
,,,,,,,,
,,,,,,,,
,,,,,,,,
,,,,,,,,
,,,,,,,,
,,,,,,,,
,,,,,,,,
,,,,,,,,
,,,,,,,,
,,,,,,,,
,,,,,,,,
,,,,,,,,
,,,,,,,,
,,,,,,,,
,,,,,,,,
,,,,,,,,
,,,,,,,,
,,,,,,,,
,,,,,,,,
,,,,,,,,
,,,,,,,,
,,,,,,,,
,,,,,,,,
,,,,,,,,
,,,,,,,,
,,,,,,,,
,,,,,,,,
,,,,,,,,
,,,,,,,,
,,,,,,,,
,,,,,,,,
,,,,,,,,
,,,,,,,,
,,,,,,,,
,,,,,,,,
,,,,,,,,
,,,,,,,,
,,,,,,,,
,,,,,,,,
,,,,,,,,
,,,,,,,,
,,,,,,,,
,,,,,,,,
,,,,,,,,
,,,,,,,,
,,,,,,,,
,,,,,,,,
,,,,,,,,
,,,,,,,,
,,,,,,,,
,,,,,,,,
,,,,,,,,
,,,,,,,,
,,,,,,,,
,,,,,,,,
,,,,,,,,
,,,,,,,,
,,,,,,,,
,,,,,,,,
,,,,,,,,
,,,,,,,,
,,,,,,,,
,,,,,,,,
,,,,,,,,
,,,,,,,,
,,,,,,,,
,,,,,,,,
,,,,,,,,
,,,,,,,,
,,,,,,,,
,,,,,,,,
,,,,,,,,
,,,,,,,,
,,,,,,,,
,,,,,,,,
,,,,,,,,
,,,,,,,,
,,,,,,,,
,,,,,,,,
,,,,,,,,
,,,,,,,,
,,,,,,,,
,,,,,,,,
,,,,,,,,
,,,,,,,,
,,,,,,,,
,,,,,,,,
,,,,,,,,
,,,,,,,,
,,,,,,,,
,,,,,,,,
,,,,,,,,
,,,,,,,,
,,,,,,,,
,,,,,,,,
,,,,,,,,
,,,,,,,,
,,,,,,,,
,,,,,,,,
,,,,,,,,
,,,,,,,,
,,,,,,,,
,,,,,,,,
,,,,,,,,
,,,,,,,,
,,,,,,,,
,,,,,,,,
,,,,,,,,
,,,,,,,,
,,,,,,,,
,,,,,,,,
,,,,,,,,
,,,,,,,,
,,,,,,,,
,,,,,,,,
,,,,,,,,
,,,,,,,,
,,,,,,,,
,,,,,,,,
,,,,,,,,
,,,,,,,,
,,,,,,,,
,,,,,,,,
,,,,,,,,
,,,,,,,,
,,,,,,,,
,,,,,,,,
,,,,,,,,
,,,,,,,,
,,,,,,,,
,,,,,,,,
,,,,,,,,
,,,,,,,,
,,,,,,,,
,,,,,,,,
,,,,,,,,
,,,,,,,,
,,,,,,,,
,,,,,,,,
,,,,,,,,
,,,,,,,,
,,,,,,,,
,,,,,,,,
,,,,,,,,
,,,,,,,,
,,,,,,,,
,,,,,,,,
,,,,,,,,
,,,,,,,,
,,,,,,,,
,,,,,,,,
,,,,,,,,
,,,,,,,,
,,,,,,,,
,,,,,,,,
,,,,,,,,
,,,,,,,,
,,,,,,,,
,,,,,,,,
,,,,,,,,
,,,,,,,,
,,,,,,,,
,,,,,,,,
,,,,,,,,
,,,,,,,,
,,,,,,,,
,,,,,,,,
,,,,,,,,
,,,,,,,,
,,,,,,,,
,,,,,,,,
,,,,,,,,
,,,,,,,,
,,,,,,,,
,,,,,,,,
,,,,,,,,
,,,,,,,,
,,,,,,,,
,,,,,,,,
,,,,,,,,
,,,,,,,,
,,,,,,,,
,,,,,,,,
,,,,,,,,
,,,,,,,,
,,,,,,,,
,,,,,,,,
,,,,,,,,
,,,,,,,,
,,,,,,,,
,,,,,,,,
,,,,,,,,
,,,,,,,,
,,,,,,,,
,,,,,,,,
,,,,,,,,
,,,,,,,,
,,,,,,,,
,,,,,,,,
,,,,,,,,
,,,,,,,,
,,,,,,,,
,,,,,,,,
,,,,,,,,
,,,,,,,,
,,,,,,,,
,,,,,,,,
,,,,,,,,
,,,,,,,,
,,,,,,,,
,,,,,,,,
,,,,,,,,
,,,,,,,,
,,,,,,,,
,,,,,,,,
,,,,,,,,
,,,,,,,,
,,,,,,,,
,,,,,,,,
,,,,,,,,
,,,,,,,,
,,,,,,,,
,,,,,,,,
,,,,,,,,
,,,,,,,,
,,,,,,,,
,,,,,,,,
,,,,,,,,
,,,,,,,,
,,,,,,,,
,,,,,,,,
,,,,,,,,
,,,,,,,,
,,,,,,,,
,,,,,,,,
,,,,,,,,
,,,,,,,,
,,,,,,,,
,,,,,,,,
,,,,,,,,
,,,,,,,,
,,,,,,,,
,,,,,,,,
,,,,,,,,
,,,,,,,,
,,,,,,,,
,,,,,,,,
,,,,,,,,
,,,,,,,,
,,,,,,,,
,,,,,,,,
,,,,,,,,
,,,,,,,,
,,,,,,,,
,,,,,,,,
,,,,,,,,
,,,,,,,,
,,,,,,,,
,,,,,,,,
,,,,,,,,
,,,,,,,,
,,,,,,,,
,,,,,,,,
,,,,,,,,
,,,,,,,,
,,,,,,,,
,,,,,,,,
,,,,,,,,
,,,,,,,,
,,,,,,,,
,,,,,,,,
,,,,,,,,
,,,,,,,,
,,,,,,,,
,,,,,,,,
,,,,,,,,
,,,,,,,,
,,,,,,,,
,,,,,,,,
,,,,,,,,
,,,,,,,,
,,,,,,,,
,,,,,,,,
,,,,,,,,
,,,,,,,,
,,,,,,,,
,,,,,,,,
,,,,,,,,
,,,,,,,,
,,,,,,,,
,,,,,,,,
,,,,,,,,
,,,,,,,,
,,,,,,,,
,,,,,,,,
,,,,,,,,
,,,,,,,,
,,,,,,,,
,,,,,,,,
,,,,,,,,
,,,,,,,,
,,,,,,,,
,,,,,,,,
,,,,,,,,
,,,,,,,,
,,,,,,,,
,,,,,,,,
,,,,,,,,
,,,,,,,,
,,,,,,,,
,,,,,,,,
,,,,,,,,
,,,,,,,,
,,,,,,,,
,,,,,,,,
,,,,,,,,
,,,,,,,,
